match_id,time,avg_summoner_lvl_team_1,avg_match_history_length_team_1,avg_win_rate_team_1,sum_champ_mastery_team_1,avg_summoner_lvl_team_2,avg_match_history_length_team_2,avg_win_rate_team_2,sum_champ_mastery_team_2,winner
NA1_5057149448,2024-08-24 18:26:38.182219,396.4,20.0,0.49,1152623,311.6,20.0,0.27,80148,1
NA1_5057113991,2024-08-24 18:27:14.044405,438.8,20.0,0.47,2542354,378.8,20.0,0.28,1322842,1
NA1_5056359822,2024-08-24 18:28:25.944499,373.4,20.0,0.28,1366803,163.0,20.0,0.57,240727,2
NA1_5091372659,2024-08-24 18:29:02.241193,249.6,20.0,0.49,2917936,314.6,20.0,0.47,3639480,1
NA1_5090972118,2024-08-24 18:29:36.580062,400.0,20.0,0.47,825940,322.0,20.0,0.5,87421,1
NA1_5090960307,2024-08-24 18:30:40.296930,416.6,20.0,0.42,1282283,428.8,20.0,0.43,2255557,1
NA1_5093610021,2024-08-24 18:31:14.103411,398.0,20.0,0.52,736554,393.4,20.0,0.52,592483,1
NA1_5093585047,2024-08-24 18:32:25.644444,261.8,20.0,0.53,317848,156.2,19.4,0.44,97471,1
NA1_5093550076,2024-08-24 18:32:59.867449,366.8,20.0,0.51,1926723,194.8,20.0,0.51,1777754,1
NA1_5091061234,2024-08-24 18:33:33.488809,464.0,20.0,0.51,853447,315.6,20.0,0.48,379790,1
NA1_5091046008,2024-08-24 18:34:44.024399,442.4,20.0,0.53,1189877,413.2,20.0,0.51,839764,1
NA1_5053965073,2024-08-24 18:35:18.502153,453.2,20.0,0.46,597748,427.0,20.0,0.51,4984154,1
NA1_5093972783,2024-08-24 18:36:28.479186,251.4,20.0,0.46,818301,510.8,20.0,0.46,744083,2
NA1_5093940160,2024-08-24 18:37:01.451402,487.0,20.0,0.45,1223662,386.4,20.0,0.49,2236756,2
NA1_5093926818,2024-08-24 18:37:34.650596,246.8,20.0,0.47,191654,340.2,20.0,0.53,169187,2
NA1_5093242475,2024-08-24 18:38:47.134234,381.2,20.0,0.48,534197,313.0,20.0,0.48,1330382,2
NA1_5075507125,2024-08-24 18:39:20.303686,409.6,20.0,0.51,406001,412.2,20.0,0.51,334768,1
NA1_5075473857,2024-08-24 18:40:32.411080,480.4,20.0,0.51,371405,534.0,20.0,0.48,265901,1
NA1_5093966496,2024-08-24 18:41:05.359849,235.6,20.0,0.49,2267223,187.6,20.0,0.56,2248687,2
NA1_5093953457,2024-08-24 18:42:17.857235,275.2,20.0,0.47,2187913,392.0,20.0,0.49,2471478,2
NA1_5093348999,2024-08-24 18:42:51.360364,251.0,20.0,0.5,2316257,408.4,16.6,0.49,316055,1
NA1_5093485113,2024-08-24 18:43:24.969111,277.8,20.0,0.52,378905,428.8,20.0,0.43,419484,1
NA1_5092279001,2024-08-24 18:44:34.810675,401.2,20.0,0.48,1385311,311.2,20.0,0.51,1768039,1
NA1_5091680049,2024-08-24 18:45:05.588332,252.8,20.0,0.49,551354,235.6,20.0,0.57,695907,2
NA1_5019870802,2024-08-24 18:46:20.931415,422.8,20.0,0.47,1170068,307.8,20.0,0.52,711601,2
NA1_5015828826,2024-08-24 18:46:50.470814,247.4,20.0,0.52,610631,388.4,20.0,0.52,835378,1
NA1_5011637423,2024-08-24 18:47:20.521144,383.6,20.0,0.54,1458809,313.8,20.0,0.49,1148377,2
NA1_5090105129,2024-08-24 18:48:37.351400,343.6,20.0,0.48,384086,356.8,20.0,0.49,546750,2
NA1_5089833844,2024-08-24 18:49:07.939476,236.2,20.0,0.5,1500624,406.2,20.0,0.5,787215,1
NA1_5088616503,2024-08-24 18:50:23.621227,450.2,20.0,0.5,850421,264.8,20.0,0.51,569102,1
NA1_5081602291,2024-08-24 18:50:53.459969,299.0,18.8,0.44,479381,302.4,15.0,0.56,1857143,2
NA1_5081589304,2024-08-24 18:51:23.223408,356.2,20.0,0.55,371197,198.4,18.8,0.41,293511,1
NA1_5074839457,2024-08-24 18:52:39.450992,464.4,20.0,0.45,225405,295.6,20.0,0.52,1680176,1
NA1_5035049372,2024-08-24 18:53:08.990204,353.4,20.0,0.49,2012271,422.0,20.0,0.49,414271,1
NA1_5034700615,2024-08-24 18:54:26.746973,335.6,20.0,0.47,1111992,372.0,20.0,0.45,314281,1
NA1_5034211070,2024-08-24 18:54:56.181452,412.2,20.0,0.5,3153830,200.2,20.0,0.49,1037692,2
NA1_5089985760,2024-08-24 18:55:25.746777,276.0,20.0,0.56,168757,419.2,20.0,0.43,550059,1
NA1_5089938065,2024-08-24 18:56:42.589061,390.2,20.0,0.48,1620648,311.0,20.0,0.4,1742371,1
NA1_5089885734,2024-08-24 18:57:11.928128,435.6,20.0,0.48,1056377,441.0,20.0,0.46,1509366,2
NA1_5077883631,2024-08-24 18:58:29.415773,138.8,20.0,0.58,1591316,50.8,20.0,0.58,104521,1
NA1_5077844599,2024-08-24 18:58:58.620216,282.6,20.0,0.48,412093,427.2,20.0,0.56,1186712,2
NA1_5075338746,2024-08-24 18:59:28.810375,602.0,20.0,0.49,644265,246.2,20.0,0.47,1634846,1
NA1_5084954590,2024-08-24 19:00:45.459735,259.2,20.0,0.47,679804,147.6,17.2,0.53,264650,2
NA1_5084904272,2024-08-24 19:01:15.138863,256.8,20.0,0.47,619623,338.0,17.2,0.55,1103095,2
NA1_5084881688,2024-08-24 19:02:32.195630,107.2,18.4,0.48,1632742,341.6,17.2,0.57,142810,2
NA1_5024726512,2024-08-24 19:03:02.130218,275.0,20.0,0.49,422092,326.6,20.0,0.49,200433,1
NA1_5023726537,2024-08-24 19:04:18.757523,294.6,20.0,0.5,963202,307.4,20.0,0.46,871071,1
NA1_5023723429,2024-08-24 19:04:50.023430,541.2,20.0,0.48,1304648,295.6,20.0,0.48,916284,2
NA1_5090607131,2024-08-24 19:05:19.879280,215.6,20.0,0.5,814112,185.0,20.0,0.53,495585,1
NA1_5089480944,2024-08-24 19:06:35.074675,185.4,20.0,0.55,200549,132.8,20.0,0.57,39854,2
NA1_5089428495,2024-08-24 19:07:04.626615,462.2,20.0,0.49,691775,477.6,20.0,0.52,1034876,2
NA1_5011612066,2024-08-24 19:08:21.501516,383.6,20.0,0.55,608145,300.6,18.6,0.51,2563504,2
NA1_5011573802,2024-08-24 19:08:50.857104,458.8,20.0,0.47,1874840,383.6,20.0,0.59,873627,2
NA1_5007486546,2024-08-24 19:09:20.112195,359.2,20.0,0.57,2103283,462.8,20.0,0.5,1807786,1
NA1_5032555053,2024-08-24 19:10:38.345575,377.2,20.0,0.59,612524,393.0,20.0,0.53,997040,2
NA1_5032527645,2024-08-24 19:11:07.404815,280.6,20.0,0.61,337886,264.0,20.0,0.53,855262,1
NA1_5032470666,2024-08-24 19:12:24.599752,267.2,20.0,0.61,337442,292.6,20.0,0.52,347697,1
NA1_5050201810,2024-08-24 19:12:53.883987,308.8,16.6,0.52,1799092,441.6,19.2,0.54,623412,1
NA1_5038427192,2024-08-24 19:13:23.731152,450.8,19.2,0.52,333794,235.6,20.0,0.54,1368640,2
NA1_5038416160,2024-08-24 19:14:41.174300,439.0,20.0,0.51,504229,413.0,19.2,0.5,462092,1
NA1_5092590020,2024-08-24 19:15:10.655201,411.4,20.0,0.51,1089697,405.2,20.0,0.53,2169527,2
NA1_5092566554,2024-08-24 19:16:27.411442,206.6,20.0,0.53,115126,209.6,20.0,0.53,125059,2
NA1_5092554263,2024-08-24 19:16:56.836243,537.4,20.0,0.49,542008,242.8,17.2,0.63,200846,2
NA1_5090144843,2024-08-24 19:17:26.212519,392.0,20.0,0.49,657211,484.0,20.0,0.51,296941,2
NA1_5090094978,2024-08-24 19:18:43.562726,345.2,20.0,0.48,1436442,496.8,20.0,0.51,2522849,2
NA1_5090054615,2024-08-24 19:19:13.045838,275.4,18.0,0.48,194117,422.4,20.0,0.49,2360102,2
NA1_5025789089,2024-08-24 19:20:30.200714,321.0,20.0,0.48,2241498,223.6,20.0,0.55,532849,2
NA1_5025775498,2024-08-24 19:20:59.615282,526.2,20.0,0.5,2790004,437.2,20.0,0.48,1085469,1
NA1_5016350239,2024-08-24 19:22:17.846060,264.0,20.0,0.48,616813,382.2,20.0,0.53,2200506,2
NA1_5092189035,2024-08-24 19:22:47.979059,423.6,20.0,0.49,1154086,135.0,20.0,0.54,550390,2
NA1_5092155394,2024-08-24 19:23:17.847125,319.0,20.0,0.56,548403,278.8,20.0,0.54,261784,1
NA1_5091939652,2024-08-24 19:24:33.806574,213.2,20.0,0.56,884277,247.4,20.0,0.48,1529581,1
NA1_5070790049,2024-08-24 19:25:03.059285,149.2,20.0,0.52,546141,475.0,20.0,0.47,1497405,1
NA1_5070731584,2024-08-24 19:26:20.770353,289.6,20.0,0.53,1440481,226.2,20.0,0.48,853892,2
NA1_5070676802,2024-08-24 19:26:50.304559,304.4,20.0,0.47,1255574,108.4,20.0,0.55,702593,2
NA1_5084307417,2024-08-24 19:27:19.681439,225.8,20.0,0.48,414263,394.4,20.0,0.5,917282,2
NA1_5084270138,2024-08-24 19:28:36.904304,348.0,20.0,0.5,296504,362.2,20.0,0.5,489892,2
NA1_5084238219,2024-08-24 19:29:06.445712,381.2,20.0,0.48,2797231,366.4,20.0,0.48,329697,1
NA1_5080274349,2024-08-24 19:30:23.838664,323.6,20.0,0.48,545770,196.8,20.0,0.51,2550772,1
NA1_5080205141,2024-08-24 19:30:53.062646,590.8,20.0,0.5,1186850,523.8,20.0,0.51,2113703,1
NA1_5080156789,2024-08-24 19:31:22.282679,224.6,20.0,0.4,722018,214.2,17.2,0.49,1350441,2
NA1_5069293840,2024-08-24 19:32:39.555907,543.0,20.0,0.54,810631,289.6,20.0,0.47,191114,1
NA1_5069241094,2024-08-24 19:33:08.822390,710.4,20.0,0.54,639209,254.8,20.0,0.49,182974,1
NA1_5069193436,2024-08-24 19:34:26.448480,426.6,20.0,0.54,509260,322.6,20.0,0.53,1702295,1
NA1_5068490641,2024-08-24 19:34:55.614348,382.8,16.4,0.49,800683,384.8,20.0,0.48,1752639,2
NA1_5068464594,2024-08-24 19:35:25.236124,259.2,20.0,0.51,4165760,647.8,20.0,0.51,1799760,1
NA1_5068415777,2024-08-24 19:36:42.727685,417.2,20.0,0.51,951341,498.6,20.0,0.49,4874692,1
NA1_5081708852,2024-08-24 19:37:12.087313,163.2,20.0,0.55,746908,217.0,20.0,0.44,608197,1
NA1_5081683864,2024-08-24 19:38:29.486753,380.0,20.0,0.55,1099605,254.2,20.0,0.43,1089421,1
NA1_5081638800,2024-08-24 19:38:59.313769,466.2,20.0,0.45,1207167,544.8,20.0,0.45,2787654,1
NA1_5077985384,2024-08-24 19:39:29.730207,536.0,20.0,0.53,1762298,288.0,20.0,0.5,1863191,2
NA1_5033042463,2024-08-24 19:40:45.226936,357.0,20.0,0.55,570177,271.8,20.0,0.54,923616,2
NA1_5033028060,2024-08-24 19:41:14.603937,359.4,20.0,0.53,741221,308.2,20.0,0.5,1791305,1
NA1_5092627839,2024-08-24 19:42:32.262318,481.6,20.0,0.48,1460453,624.4,20.0,0.48,606541,2
NA1_5092610769,2024-08-24 19:43:01.688229,453.8,20.0,0.43,729853,399.2,20.0,0.44,792663,2
NA1_5092573604,2024-08-24 19:44:18.808477,433.4,20.0,0.52,1638024,311.0,20.0,0.5,1012933,1
NA1_5093763805,2024-08-24 19:44:48.655289,277.2,20.0,0.49,1106111,403.8,20.0,0.49,1598319,1
NA1_5093754125,2024-08-24 19:45:18.130746,461.0,20.0,0.52,668465,326.6,20.0,0.49,426136,1
NA1_5093736690,2024-08-24 19:46:35.225822,351.0,20.0,0.48,1516851,369.0,20.0,0.54,1075393,2
NA1_5031789185,2024-08-24 19:47:04.811571,310.0,20.0,0.5,749058,238.2,20.0,0.46,2390216,1
NA1_5030952175,2024-08-24 19:48:21.608291,128.8,16.6,0.56,173491,568.8,20.0,0.5,519579,2
NA1_5030949915,2024-08-24 19:48:50.921222,379.8,20.0,0.5,1029960,608.0,20.0,0.49,1072038,1
NA1_5020871774,2024-08-24 19:49:20.711222,446.0,20.0,0.5,2804529,351.6,20.0,0.42,391047,1
NA1_5010451401,2024-08-24 19:50:38.323607,153.2,20.0,0.49,625443,574.6,20.0,0.49,260265,1
NA1_5009306521,2024-08-24 19:51:07.887912,431.4,20.0,0.46,2029192,423.6,20.0,0.5,2497551,2
NA1_5039016630,2024-08-24 19:52:24.405234,155.2,20.0,0.47,276463,358.2,20.0,0.51,1029478,2
NA1_5038998594,2024-08-24 19:52:53.901697,250.8,20.0,0.49,615480,211.2,20.0,0.46,286465,2
NA1_5038056990,2024-08-24 19:53:23.512269,302.2,20.0,0.5,198725,180.0,20.0,0.47,146880,1
NA1_5092840722,2024-08-24 21:43:59.396493,212.0,16.6,0.49,355098,244.8,20.0,0.54,367201,1
NA1_5092800314,2024-08-24 21:45:35.223739,283.4,20.0,0.58,232222,281.8,20.0,0.52,397041,1
NA1_5092767242,2024-08-24 21:46:03.897951,255.4,19.2,0.49,708524,271.2,20.0,0.51,347787,2
NA1_5092961877,2024-08-24 21:47:22.941428,321.2,19.4,0.49,807208,153.4,14.4,0.43,165419,1
NA1_5092925603,2024-08-24 21:47:51.278595,388.2,19.4,0.48,683095,426.4,20.0,0.48,929262,2
NA1_5092894275,2024-08-24 21:48:19.465100,394.6,20.0,0.49,558633,618.2,19.4,0.51,495702,1
NA1_5093179224,2024-08-24 21:49:38.708041,270.2,20.0,0.52,455450,261.8,16.6,0.53,687600,2
NA1_5093161742,2024-08-24 21:50:06.817874,596.6,20.0,0.52,685168,224.2,20.0,0.53,2240163,1
NA1_5092832869,2024-08-24 21:51:25.952148,389.8,20.0,0.52,136980,296.2,17.4,0.54,697093,2
NA1_5092276494,2024-08-24 21:51:54.068454,514.8,20.0,0.49,2678358,285.0,20.0,0.47,1882030,2
NA1_5092245257,2024-08-24 21:52:22.094899,509.0,20.0,0.52,1276827,350.8,20.0,0.49,416832,2
NA1_5092227315,2024-08-24 21:53:41.256727,244.8,20.0,0.43,300710,399.8,20.0,0.54,2175567,2
NA1_5092385690,2024-08-24 21:54:09.192428,212.4,20.0,0.49,1470698,373.6,20.0,0.54,166142,2
NA1_5092367313,2024-08-24 21:55:28.555007,431.6,20.0,0.63,9450793,290.8,16.8,0.57,203588,1
NA1_5002698161,2024-08-24 21:55:57.064397,173.4,20.0,0.5,757593,275.4,20.0,0.5,1671960,1
NA1_5080307873,2024-08-24 21:56:26.411813,440.4,19.2,0.41,704963,193.0,20.0,0.51,921021,2
NA1_5080268746,2024-08-24 21:57:43.845698,484.6,20.0,0.51,1743187,473.8,20.0,0.48,1318615,2
NA1_5080210713,2024-08-24 21:58:12.218048,321.4,20.0,0.5,2800472,342.2,20.0,0.51,764270,1
NA1_5092015292,2024-08-24 21:59:31.859892,274.8,20.0,0.52,656100,424.2,20.0,0.55,828703,2
NA1_5090538723,2024-08-24 21:59:59.931780,433.0,20.0,0.51,863095,164.0,20.0,0.52,180187,1
NA1_5090076166,2024-08-24 22:00:27.958431,176.0,17.8,0.63,759144,373.4,20.0,0.48,480921,1
NA1_5094123424,2024-08-24 22:01:46.635836,524.0,20.0,0.51,749712,407.2,20.0,0.51,241572,1
NA1_5094053925,2024-08-24 22:02:14.718723,325.2,20.0,0.49,1257961,325.0,20.0,0.52,418312,1
NA1_5094079931,2024-08-24 22:03:33.898063,387.2,20.0,0.43,597646,215.8,20.0,0.53,518663,1
NA1_5093895158,2024-08-24 22:04:02.436798,301.8,20.0,0.47,689936,290.4,20.0,0.46,129507,2
NA1_5093855004,2024-08-24 22:04:30.882662,318.6,20.0,0.47,465314,273.6,20.0,0.52,538005,2
NA1_5093835984,2024-08-24 22:05:49.320317,289.0,20.0,0.49,313083,166.6,20.0,0.52,704937,2
NA1_5093315446,2024-08-24 22:06:17.722334,356.2,18.4,0.53,838767,270.4,20.0,0.47,1404606,1
NA1_5093296510,2024-08-24 22:07:36.594729,350.8,20.0,0.47,1439694,307.0,20.0,0.53,1637481,2
NA1_5092659785,2024-08-24 22:08:05.041969,337.8,20.0,0.46,2506646,282.4,20.0,0.5,705043,2
NA1_5091097746,2024-08-24 22:09:23.948847,327.2,20.0,0.49,676645,488.2,20.0,0.49,1108463,2
NA1_5091084338,2024-08-24 22:09:52.407666,186.2,20.0,0.51,2480894,433.6,20.0,0.47,1022230,2
NA1_5091068630,2024-08-24 22:10:20.485210,418.2,20.0,0.5,325132,264.2,20.0,0.47,681515,2
NA1_5006640814,2024-08-24 22:11:39.341948,480.0,20.0,0.5,291761,354.0,20.0,0.44,752855,1
NA1_5005622258,2024-08-24 22:12:07.292156,379.2,18.2,0.49,978335,441.6,20.0,0.53,378787,2
NA1_5005609900,2024-08-24 22:13:26.747690,375.0,17.8,0.55,1091446,256.2,20.0,0.51,456245,2
NA1_5085686650,2024-08-24 22:13:54.876674,325.6,20.0,0.45,1382079,238.6,20.0,0.52,467407,2
NA1_5078095928,2024-08-24 22:14:23.021007,221.4,20.0,0.48,620891,483.2,20.0,0.52,1354024,1
NA1_5075810386,2024-08-24 22:15:42.131710,163.2,20.0,0.46,109315,283.2,20.0,0.5,2114504,2
NA1_5077673907,2024-08-24 22:16:10.230808,177.2,20.0,0.55,1187137,429.2,20.0,0.5,719005,1
NA1_5063279896,2024-08-24 22:17:29.397840,533.2,20.0,0.51,610003,324.8,20.0,0.52,415351,2
NA1_5038914792,2024-08-24 22:17:57.532533,249.2,20.0,0.55,1387428,414.6,20.0,0.51,646040,1
NA1_5017966691,2024-08-24 22:18:26.078111,286.6,20.0,0.55,841858,253.2,20.0,0.48,885743,1
NA1_5017944073,2024-08-24 22:19:44.879969,517.6,20.0,0.53,2044462,408.0,20.0,0.42,2271297,1
NA1_5017187465,2024-08-24 22:20:13.122418,363.4,20.0,0.51,1056800,275.6,20.0,0.42,844464,1
NA1_5093864066,2024-08-24 22:21:32.391212,414.4,20.0,0.5,1242565,565.0,20.0,0.5,573717,1
NA1_5093847131,2024-08-24 22:22:00.930791,397.6,20.0,0.5,424059,307.8,20.0,0.52,2979801,1
NA1_5092657863,2024-08-24 22:22:29.050783,343.8,20.0,0.51,427172,512.2,20.0,0.49,1207652,1
NA1_5093404518,2024-08-24 22:23:48.210649,574.2,20.0,0.43,1169462,587.8,20.0,0.49,929811,2
NA1_5093378363,2024-08-24 22:24:16.477796,466.6,20.0,0.51,452313,510.6,20.0,0.44,675662,1
NA1_5093360362,2024-08-24 22:25:35.012003,243.0,20.0,0.5,536595,294.2,20.0,0.5,250456,1
NA1_5029298410,2024-08-24 22:26:03.030249,184.8,20.0,0.58,191168,201.0,20.0,0.45,331796,1
NA1_5029228570,2024-08-24 22:27:23.113301,307.0,20.0,0.5,285340,288.4,20.0,0.46,247849,2
NA1_5029222859,2024-08-24 22:27:51.549576,388.2,20.0,0.5,1254732,302.8,20.0,0.48,439856,1
NA1_5047138710,2024-08-24 22:28:19.551451,226.0,20.0,0.49,292928,360.8,20.0,0.54,311383,1
NA1_5047081183,2024-08-24 22:29:38.734371,448.4,20.0,0.5,295519,173.6,20.0,0.52,852229,1
NA1_5040281629,2024-08-24 22:30:08.666110,118.6,20.0,0.6,241169,404.2,20.0,0.48,498585,2
NA1_5091486031,2024-08-24 22:31:26.297361,186.4,20.0,0.49,500358,397.8,20.0,0.5,2885828,1
NA1_5091455455,2024-08-24 22:31:55.111299,85.6,18.8,0.56,88314,368.2,20.0,0.5,392871,1
NA1_5091423717,2024-08-24 22:32:25.185687,419.2,20.0,0.53,2164801,246.8,20.0,0.47,881492,1
NA1_5083762378,2024-08-24 22:33:41.748378,185.8,20.0,0.51,82907,233.6,20.0,0.49,72038,1
NA1_5083745527,2024-08-24 22:34:10.584266,414.0,20.0,0.46,2502080,280.4,20.0,0.53,1851250,1
NA1_5083739073,2024-08-24 22:35:29.475315,249.8,20.0,0.53,309495,228.0,19.2,0.65,498693,2
NA1_5081495948,2024-08-24 22:36:00.300034,360.6,20.0,0.5,1467520,171.0,20.0,0.54,264496,2
NA1_5081472512,2024-08-24 22:36:30.123380,311.4,20.0,0.48,1671357,383.6,20.0,0.49,659238,2
NA1_5037023143,2024-08-24 22:37:47.716255,513.2,20.0,0.51,2322264,218.6,20.0,0.51,459855,2
NA1_5046692634,2024-08-24 22:38:18.838461,279.4,20.0,0.55,1864624,513.8,20.0,0.48,1478483,1
NA1_5043876839,2024-08-24 22:39:32.392505,266.8,20.0,0.46,283936,263.6,20.0,0.52,1067775,2
NA1_5040629034,2024-08-24 22:40:03.458960,240.4,20.0,0.46,2969851,542.0,20.0,0.5,1487110,2
NA1_5073388839,2024-08-24 22:40:34.647257,324.2,20.0,0.5,3365722,244.8,20.0,0.56,500655,2
NA1_5073329554,2024-08-24 22:41:49.210018,401.4,20.0,0.51,810898,321.4,20.0,0.54,173730,2
NA1_5037264610,2024-08-24 22:42:19.664978,334.4,20.0,0.54,292421,355.2,20.0,0.49,518798,1
NA1_5062659449,2024-08-24 22:43:37.675895,471.6,20.0,0.51,1902914,318.8,20.0,0.53,1066697,2
NA1_5062641928,2024-08-24 22:44:16.407811,457.0,20.0,0.52,1265522,304.2,20.0,0.54,2515359,2
NA1_5062626794,2024-08-24 22:44:50.815072,324.2,20.0,0.54,1612555,455.6,20.0,0.53,480549,1
NA1_5083704073,2024-08-24 22:45:55.416573,410.0,20.0,0.55,1408398,346.2,20.0,0.48,1582440,1
NA1_5079561400,2024-08-24 22:46:30.290076,241.6,19.0,0.51,1037822,272.4,18.6,0.5,366003,1
NA1_5079554837,2024-08-24 22:47:40.665370,319.0,20.0,0.45,884637,229.0,20.0,0.53,213911,2
NA1_5056863648,2024-08-24 22:48:15.764870,298.8,20.0,0.52,9608168,380.8,20.0,0.53,144999,1
NA1_5055279201,2024-08-24 22:49:24.281418,404.4,20.0,0.51,584451,525.2,20.0,0.51,1381949,1
NA1_5054413539,2024-08-24 22:49:58.885528,372.0,20.0,0.49,2780881,453.4,20.0,0.51,781613,1
NA1_5093715897,2024-08-24 22:50:33.330037,358.4,20.0,0.49,637351,387.6,20.0,0.5,185670,2
NA1_5093695439,2024-08-24 22:51:43.512585,450.2,20.0,0.46,1016266,321.8,20.0,0.49,289977,1
NA1_5092599336,2024-08-24 22:52:18.352084,288.8,20.0,0.51,840728,505.0,20.0,0.5,1303214,1
NA1_5087882340,2024-08-24 22:53:27.728087,503.6,20.0,0.58,2539308,315.2,20.0,0.46,489611,1
NA1_5087838768,2024-08-24 22:54:04.234585,397.0,20.0,0.45,1315210,272.2,20.0,0.57,1110516,2
NA1_5087791995,2024-08-24 22:54:38.661946,512.6,20.0,0.51,408121,402.2,20.0,0.45,2420242,2
NA1_5038896818,2024-08-24 22:55:46.508969,580.8,17.6,0.54,456409,631.6,20.0,0.46,2029189,2
NA1_5038882934,2024-08-24 22:56:20.569969,379.6,20.0,0.5,382324,437.6,17.6,0.55,1048257,1
NA1_5038866492,2024-08-24 22:57:31.260498,401.0,17.6,0.52,520033,365.4,20.0,0.51,221923,1
NA1_5094155177,2024-08-24 22:58:06.137498,239.2,20.0,0.57,173712,418.2,20.0,0.54,2290061,2
NA1_5094122488,2024-08-24 22:58:41.219496,434.0,20.0,0.48,1859766,430.4,20.0,0.53,351684,2
NA1_5094101119,2024-08-24 22:59:49.337163,425.2,20.0,0.51,1027936,305.2,20.0,0.55,807901,2
NA1_5066483535,2024-08-24 23:00:23.110471,262.2,20.0,0.52,1525382,260.0,20.0,0.45,1129634,1
NA1_5066431770,2024-08-24 23:01:34.242036,384.8,20.0,0.48,2673990,210.4,20.0,0.56,175919,2
NA1_5061846965,2024-08-24 23:02:08.946414,374.6,20.0,0.48,1060863,375.6,20.0,0.45,3179292,1
NA1_5094124920,2024-08-24 23:02:42.529366,238.2,20.0,0.49,719984,363.4,20.0,0.5,1546446,1
NA1_5094063632,2024-08-24 23:03:52.624453,527.0,20.0,0.5,1123410,359.8,20.0,0.49,2137698,1
NA1_5094027085,2024-08-24 23:04:26.854318,152.2,20.0,0.52,846470,582.8,20.0,0.5,660856,2
NA1_5090052975,2024-08-24 23:05:37.658223,351.8,20.0,0.51,957246,552.0,20.0,0.5,686227,2
NA1_5090014373,2024-08-24 23:06:11.325864,386.8,20.0,0.51,389984,488.6,20.0,0.48,1641972,1
NA1_5089314706,2024-08-24 23:07:23.158999,331.8,20.0,0.48,978030,763.0,20.0,0.51,3481860,2
NA1_5093813465,2024-08-24 23:07:57.178086,421.4,20.0,0.51,515819,424.8,20.0,0.5,2346010,2
NA1_5093805335,2024-08-24 23:08:31.705760,488.6,20.0,0.5,1738501,548.6,20.0,0.5,713726,2
NA1_5091582261,2024-08-24 23:09:41.694294,223.4,20.0,0.52,225290,578.0,20.0,0.59,879006,2
NA1_5090787747,2024-08-24 23:10:16.028113,147.2,17.8,0.53,399789,314.0,20.0,0.51,409584,2
NA1_5090147492,2024-08-24 23:11:26.591533,250.8,17.8,0.6,392329,303.4,20.0,0.53,2373082,1
NA1_5090130026,2024-08-24 23:12:00.035220,362.0,17.8,0.59,344463,243.6,20.0,0.54,1447052,1
NA1_5093179381,2024-08-24 23:12:33.561484,280.4,20.0,0.5,2537399,516.4,20.0,0.41,819192,1
NA1_5093153526,2024-08-24 23:13:42.671246,515.4,20.0,0.51,4466347,646.0,20.0,0.52,1154910,2
NA1_5093126380,2024-08-24 23:14:13.182090,391.6,20.0,0.5,1985242,415.2,20.0,0.5,1864432,1
NA1_5028452849,2024-08-25 00:07:55.715252,122.0,20.0,0.43,265316,221.4,20.0,0.6,673482,2
NA1_5028429735,2024-08-25 00:08:29.745804,490.2,20.0,0.56,409417,434.4,20.0,0.52,656684,2
NA1_5027802105,2024-08-25 00:09:40.912730,325.4,20.0,0.55,572928,106.0,14.2,0.48,164517,1
NA1_5092019579,2024-08-25 00:10:15.515257,424.0,20.0,0.49,188280,207.6,20.0,0.47,910880,2
NA1_5092001769,2024-08-25 00:10:50.621784,475.8,20.0,0.35,597014,269.4,20.0,0.49,1395950,2
NA1_5086471882,2024-08-25 00:11:59.940960,407.4,20.0,0.49,946629,224.8,20.0,0.5,790392,2
NA1_5051530860,2024-08-25 00:12:34.652223,337.0,20.0,0.5,541430,335.4,20.0,0.51,354841,2
NA1_5051435351,2024-08-25 00:13:44.720096,302.6,20.0,0.45,521379,315.8,20.0,0.51,216403,1
NA1_5051302042,2024-08-25 00:14:18.850634,437.6,20.0,0.52,420133,144.6,20.0,0.46,227929,2
NA1_5086511452,2024-08-25 00:15:28.484329,435.6,20.0,0.48,458910,225.8,20.0,0.51,508543,1
NA1_5086499365,2024-08-25 00:16:03.565508,132.0,20.0,0.49,184119,457.2,20.0,0.48,228689,1
NA1_5086495172,2024-08-25 00:16:38.214864,317.8,20.0,0.51,636704,387.6,20.0,0.5,3322252,1
NA1_5012117155,2024-08-25 00:17:47.879908,344.6,20.0,0.47,556042,274.0,20.0,0.46,435313,2
NA1_5010008180,2024-08-25 00:18:25.627733,148.4,20.0,0.5,613384,334.6,20.0,0.46,732164,1
NA1_5009838738,2024-08-25 00:19:31.056760,301.2,20.0,0.49,3751495,306.0,20.0,0.45,349570,1
NA1_5086988918,2024-08-25 00:20:01.202101,180.6,20.0,0.52,533056,403.0,20.0,0.51,221432,2
NA1_5086930411,2024-08-25 00:20:31.337896,300.8,20.0,0.52,1324406,457.2,20.0,0.49,1247722,1
NA1_5086091067,2024-08-25 00:21:47.956852,397.8,20.0,0.47,636284,442.0,20.0,0.48,3219313,2
NA1_5003623835,2024-08-25 00:22:19.101157,293.4,19.2,0.53,181595,217.2,20.0,0.55,585773,1
NA1_5003601812,2024-08-25 00:23:34.271499,270.0,20.0,0.48,525130,395.8,20.0,0.55,650078,2
NA1_5003585124,2024-08-25 00:24:04.417473,301.8,20.0,0.47,1521372,181.6,20.0,0.53,144318,1
NA1_5092748363,2024-08-25 00:24:34.574144,304.6,20.0,0.5,251165,309.6,20.0,0.49,163076,2
NA1_5092716898,2024-08-25 00:25:50.306814,227.2,20.0,0.5,2300059,372.2,20.0,0.49,605298,1
NA1_5087610474,2024-08-25 00:26:19.851951,263.2,20.0,0.43,546774,498.6,20.0,0.52,1664133,2
NA1_5029747968,2024-08-25 00:27:36.927400,351.2,20.0,0.42,698962,120.6,20.0,0.5,270261,2
NA1_5029733281,2024-08-25 00:28:06.787052,192.0,17.0,0.46,289218,291.4,20.0,0.4,537577,1
NA1_5029721762,2024-08-25 00:28:36.625933,291.8,20.0,0.39,3023948,178.2,20.0,0.52,317172,1
NA1_5033165327,2024-08-25 00:29:53.269580,303.0,20.0,0.49,365853,192.2,18.4,0.57,68620,2
NA1_5033158901,2024-08-25 00:30:22.916332,399.2,20.0,0.46,247436,558.2,20.0,0.5,930753,1
NA1_5009423898,2024-08-25 00:31:39.311203,301.2,17.8,0.5,1226865,190.8,20.0,0.46,99046,1
NA1_5093587685,2024-08-25 00:32:09.101578,441.4,20.0,0.49,345992,353.6,20.0,0.52,1119367,2
NA1_5091497452,2024-08-25 00:33:27.101852,534.6,20.0,0.47,448510,267.6,20.0,0.5,835247,2
NA1_5082989018,2024-08-25 00:33:58.898422,389.0,19.4,0.54,1280649,422.6,20.0,0.5,587564,1
NA1_5090610763,2024-08-25 00:34:33.543354,235.8,20.0,0.49,357977,243.0,20.0,0.45,555165,1
NA1_5082866534,2024-08-25 00:35:44.046266,303.8,20.0,0.5,290175,281.6,20.0,0.56,1296704,2
NA1_5068090910,2024-08-25 00:36:14.512121,213.4,20.0,0.51,1306966,210.2,20.0,0.5,206458,2
NA1_5090075573,2024-08-25 00:37:30.435658,390.6,20.0,0.5,401675,471.8,20.0,0.49,1032336,2
NA1_5089273450,2024-08-25 00:38:03.797669,444.4,20.0,0.52,497652,250.4,20.0,0.5,866194,1
NA1_5089266119,2024-08-25 00:38:38.747402,317.2,19.0,0.44,649058,514.4,20.0,0.53,1001686,2
NA1_5094243382,2024-08-25 00:39:56.173247,270.6,20.0,0.47,2915228,501.4,20.0,0.48,732850,2
NA1_5093722242,2024-08-25 00:40:36.160236,338.8,20.0,0.57,1325099,174.2,20.0,0.5,1065326,1
NA1_5093702270,2024-08-25 00:41:34.244076,383.4,20.0,0.48,1338838,93.2,20.0,0.41,131314,1
NA1_5092832799,2024-08-25 00:42:10.067974,222.8,20.0,0.51,213982,299.0,20.0,0.48,521217,1
NA1_5092697625,2024-08-25 00:42:45.392996,404.4,20.0,0.49,2301590,337.8,20.0,0.53,707725,2
NA1_5092693656,2024-08-25 00:43:53.425423,211.4,20.0,0.49,1695319,262.0,20.0,0.49,1457985,2
NA1_5087046248,2024-08-25 00:44:28.801754,320.2,20.0,0.48,2107277,373.6,20.0,0.53,1070380,2
NA1_5084358898,2024-08-25 00:45:37.535762,268.2,20.0,0.5,2268721,343.8,20.0,0.53,2185598,2
NA1_5038291435,2024-08-25 00:46:12.724429,247.6,20.0,0.47,1642945,298.4,20.0,0.52,533996,2
NA1_5092601230,2024-08-25 00:46:47.631456,291.8,20.0,0.48,687500,489.2,20.0,0.49,1425703,1
NA1_5092570698,2024-08-25 00:47:57.203106,525.2,20.0,0.49,3243042,373.6,20.0,0.49,2235544,2
NA1_5092530032,2024-08-25 00:48:32.971995,348.2,20.0,0.49,841498,174.4,20.0,0.51,660401,2
NA1_5032411879,2024-08-25 00:49:41.238879,270.6,20.0,0.5,2408792,299.2,20.0,0.53,116593,1
NA1_5030474825,2024-08-25 00:50:16.789456,216.2,20.0,0.54,1346967,289.8,19.8,0.44,847107,1
NA1_5030451050,2024-08-25 00:50:52.611086,213.8,20.0,0.42,610706,300.6,20.0,0.53,1398389,2
NA1_5028373478,2024-08-25 00:52:00.467494,190.4,20.0,0.52,763543,198.2,20.0,0.49,251155,1
NA1_5024558472,2024-08-25 00:52:35.734958,203.0,20.0,0.55,540221,344.6,20.0,0.51,1376677,2
NA1_5024545661,2024-08-25 00:53:44.974909,117.6,18.6,0.49,54271,473.8,20.0,0.5,1121110,1
NA1_5092057426,2024-08-25 00:54:20.347964,221.2,20.0,0.48,157127,222.4,17.0,0.41,274562,1
NA1_5092037370,2024-08-25 00:55:28.641070,153.4,20.0,0.58,924308,194.4,20.0,0.48,250160,1
NA1_5074425085,2024-08-25 00:56:04.398705,191.6,20.0,0.44,2608535,346.0,20.0,0.49,145915,2
NA1_5079333142,2024-08-25 00:56:40.220470,435.8,20.0,0.5,388662,322.6,20.0,0.44,2264634,1
NA1_5079285340,2024-08-25 00:57:48.492197,273.6,20.0,0.46,1895219,115.0,18.8,0.49,467186,2
NA1_5045580688,2024-08-25 00:58:25.157527,314.8,20.0,0.49,536707,304.6,19.6,0.47,620259,1
NA1_5025494527,2024-08-25 00:59:32.124829,361.4,20.0,0.51,1413318,544.8,20.0,0.4,1359539,1
NA1_5021620704,2024-08-25 01:00:07.845861,436.2,20.0,0.44,1578891,355.8,20.0,0.47,1763338,1
NA1_5019581554,2024-08-25 01:00:43.145598,395.8,20.0,0.45,2583629,378.6,20.0,0.51,668592,2
NA1_5078496443,2024-08-25 01:01:51.635877,525.6,20.0,0.43,1038987,416.2,18.4,0.5,568703,2
NA1_5078491142,2024-08-25 01:02:26.767459,194.8,20.0,0.5,380980,377.6,20.0,0.44,125243,1
NA1_5078478688,2024-08-25 01:03:35.955176,213.6,20.0,0.54,484864,302.4,17.4,0.43,113967,1
NA1_5089246493,2024-08-25 01:04:12.142122,599.8,20.0,0.5,2517771,504.8,20.0,0.5,803701,2
NA1_5084152988,2024-08-25 01:04:48.342923,509.0,20.0,0.49,1127934,245.6,20.0,0.5,231625,2
NA1_5084112342,2024-08-25 01:05:55.160819,290.8,20.0,0.48,930795,398.2,20.0,0.51,689545,1
NA1_5092583974,2024-08-25 01:06:32.104140,328.2,20.0,0.54,395151,435.8,20.0,0.44,633793,1
NA1_5072938164,2024-08-25 01:07:39.055208,421.4,20.0,0.44,327537,211.2,20.0,0.59,515725,2
NA1_5072879876,2024-08-25 01:08:14.976760,447.2,20.0,0.46,617397,246.8,20.0,0.53,852455,1
NA1_5015936113,2024-08-25 01:08:51.398391,238.2,20.0,0.51,1034836,243.4,20.0,0.46,216724,1
NA1_5015896059,2024-08-25 01:09:59.345703,257.0,20.0,0.46,363951,144.4,20.0,0.5,732525,2
NA1_5015633893,2024-08-25 01:10:34.316982,112.6,16.8,0.45,165653,275.6,20.0,0.47,503708,2
NA1_5093952253,2024-08-25 01:11:44.066218,368.2,20.0,0.48,1368592,179.4,20.0,0.44,104882,1
NA1_5088397518,2024-08-25 01:12:22.026219,188.4,18.2,0.56,168595,442.0,19.4,0.6,504245,2
NA1_5025600594,2024-08-25 01:13:27.333954,335.2,20.0,0.45,892425,290.4,20.0,0.55,893641,2
NA1_5076441569,2024-08-25 01:14:03.432919,190.6,20.0,0.52,265240,386.2,20.0,0.43,300497,1
NA1_5075645519,2024-08-25 01:14:40.328917,322.2,20.0,0.39,1046244,237.4,20.0,0.36,127695,1
NA1_5071343624,2024-08-25 01:15:47.055930,310.0,20.0,0.48,718895,322.6,20.0,0.42,79305,1
NA1_5094230751,2024-08-25 01:16:22.739217,297.2,20.0,0.53,1463629,246.4,20.0,0.49,3099779,2
NA1_5094194148,2024-08-25 01:17:30.981662,300.2,20.0,0.47,701482,475.6,20.0,0.48,736851,2
NA1_5015479809,2024-08-25 01:18:07.093086,217.6,20.0,0.5,672328,273.0,20.0,0.51,205693,2
NA1_5015459707,2024-08-25 01:18:42.535944,303.6,20.0,0.59,316692,244.2,20.0,0.49,1411526,1
NA1_5014979294,2024-08-25 01:19:50.012176,212.6,20.0,0.49,324926,158.4,20.0,0.51,193173,1
NA1_5094075908,2024-08-25 01:20:26.119075,578.2,20.0,0.53,1363019,557.8,20.0,0.54,5695470,2
NA1_5093947060,2024-08-25 01:21:34.237920,447.2,20.0,0.49,967960,357.2,19.6,0.51,326708,2
NA1_5093929207,2024-08-25 01:22:09.937951,342.4,20.0,0.55,231855,318.4,20.0,0.49,3207565,2
NA1_5057181835,2024-08-25 01:22:45.978860,438.8,20.0,0.46,2019299,519.6,20.0,0.47,3848684,1
NA1_5056284088,2024-08-25 01:23:54.338069,354.4,20.0,0.51,797132,375.4,20.0,0.46,335015,1
NA1_5056165570,2024-08-25 01:24:30.339923,597.4,20.0,0.45,319554,291.0,20.0,0.51,485734,2
NA1_5003285813,2024-08-25 01:25:38.036380,450.4,20.0,0.5,3145296,308.6,20.0,0.49,1832466,2
NA1_5002902841,2024-08-25 01:26:13.828468,366.6,20.0,0.45,898297,425.2,20.0,0.53,334732,2
NA1_5002588295,2024-08-25 01:26:49.576455,197.0,20.0,0.49,355108,509.4,16.4,0.48,120898,1
NA1_5082923493,2024-08-25 01:27:56.819865,142.6,20.0,0.45,206987,543.2,20.0,0.45,974625,1
NA1_5027522995,2024-08-25 01:28:32.940895,286.2,20.0,0.46,256961,337.2,20.0,0.46,984686,1
NA1_5027268313,2024-08-25 01:29:41.571105,487.6,20.0,0.53,2037987,403.6,20.0,0.5,675433,2
NA1_5044117877,2024-08-25 01:30:17.365109,498.2,20.0,0.49,1092593,192.0,20.0,0.51,689851,1
NA1_5022599546,2024-08-25 01:30:53.529105,316.6,20.0,0.5,782610,421.0,20.0,0.5,807642,1
NA1_5021852895,2024-08-25 01:32:00.754501,435.6,20.0,0.52,306029,316.0,20.0,0.45,957036,1
NA1_5088108368,2024-08-25 01:32:36.184498,608.8,20.0,0.49,993782,167.2,19.8,0.47,231999,1
NA1_5088086264,2024-08-25 01:33:44.564826,99.8,18.6,0.48,1098034,202.2,17.0,0.61,672972,2
NA1_5088058648,2024-08-25 01:34:20.303337,200.8,20.0,0.48,1079770,191.2,19.8,0.46,83432,1
NA1_5090868516,2024-08-25 01:35:28.521368,178.2,20.0,0.48,321269,184.6,20.0,0.54,713200,2
NA1_5090814512,2024-08-25 01:36:04.542392,397.0,20.0,0.45,713582,307.6,20.0,0.49,2134863,1
NA1_5077928040,2024-08-25 01:36:40.195391,291.8,20.0,0.5,1074172,356.4,20.0,0.5,720297,2
NA1_5023417063,2024-08-25 01:37:48.465333,434.8,20.0,0.47,2009387,356.0,20.0,0.49,468236,1
NA1_5023396977,2024-08-25 01:38:24.706860,262.2,20.0,0.49,753012,300.6,20.0,0.45,568959,2
NA1_5022975692,2024-08-25 01:39:32.053379,235.0,20.0,0.49,821559,376.4,20.0,0.55,341124,2
NA1_5017554989,2024-08-25 01:40:07.628379,223.6,20.0,0.48,3614177,353.2,20.0,0.45,3240684,1
NA1_5017542652,2024-08-25 01:40:43.657447,349.6,20.0,0.5,530354,299.4,20.0,0.5,299556,1
NA1_5017390139,2024-08-25 01:41:51.666281,575.6,20.0,0.49,764883,225.0,20.0,0.51,134157,2
NA1_5015813049,2024-08-25 01:42:27.339256,480.8,20.0,0.53,512034,298.6,20.0,0.6,916159,2
NA1_5014978562,2024-08-25 01:43:35.581386,489.6,18.6,0.51,851131,113.0,20.0,0.53,144686,1
NA1_5012158935,2024-08-25 01:44:11.184387,207.8,20.0,0.5,324834,153.4,19.2,0.62,170728,2
NA1_5066582595,2024-08-25 01:44:47.116899,326.8,20.0,0.51,1319560,290.2,20.0,0.51,423041,1
NA1_5066548013,2024-08-25 01:45:55.317898,412.0,20.0,0.47,2899436,426.6,20.0,0.52,1066672,2
NA1_5066483233,2024-08-25 01:46:31.374723,305.8,20.0,0.48,790491,528.6,20.0,0.52,248656,1
NA1_5029278044,2024-08-25 01:47:39.162777,181.8,20.0,0.51,260382,153.0,20.0,0.38,438254,1
NA1_5029263866,2024-08-25 01:48:11.705161,208.2,20.0,0.44,484717,130.8,20.0,0.54,180640,2
NA1_5029243950,2024-08-25 01:48:47.929191,145.6,20.0,0.4,364543,334.4,13.2,0.46,446746,2
NA1_5036237710,2024-08-25 01:49:58.469345,298.2,20.0,0.52,440119,433.4,20.0,0.49,889685,2
NA1_5036208259,2024-08-25 01:50:34.516629,263.8,20.0,0.46,978529,330.0,20.0,0.5,554676,1
NA1_5036190561,2024-08-25 01:51:42.780524,342.0,20.0,0.54,306446,482.6,20.0,0.33,650407,1
NA1_5094217392,2024-08-25 01:52:18.967605,322.2,16.8,0.49,344593,294.6,20.0,0.49,2351645,1
NA1_5086766228,2024-08-25 01:53:27.321555,222.8,20.0,0.49,162632,242.8,19.2,0.57,1241271,2
NA1_5031250815,2024-08-25 01:54:02.842441,134.0,20.0,0.48,157529,305.2,16.2,0.56,231996,2
NA1_5014256810,2024-08-25 01:54:37.904586,393.8,20.0,0.49,386590,324.8,20.0,0.5,1404260,1
NA1_5093559492,2024-08-25 01:55:46.538494,273.6,20.0,0.44,482845,306.4,20.0,0.5,1150520,2
NA1_5093520199,2024-08-25 01:56:21.900480,138.4,19.6,0.44,148807,456.6,20.0,0.52,1037903,2
NA1_5093479004,2024-08-25 01:57:30.721660,317.6,20.0,0.55,514951,287.2,16.6,0.46,371579,1
NA1_5093747904,2024-08-25 01:58:06.381604,399.0,19.8,0.53,124522,263.0,17.4,0.48,271596,1
NA1_5059775925,2024-08-25 01:58:43.107430,535.0,19.8,0.5,364535,330.4,20.0,0.48,1114042,2
NA1_5059700702,2024-08-25 01:59:50.367420,282.6,19.8,0.52,185354,159.6,20.0,0.57,732638,2
NA1_5092953559,2024-08-25 02:00:25.986444,136.4,19.6,0.49,172366,202.8,20.0,0.6,628664,2
NA1_5092934830,2024-08-25 02:01:34.405455,316.6,20.0,0.57,1776696,301.4,20.0,0.54,534333,2
NA1_5092863281,2024-08-25 02:02:10.144520,187.4,20.0,0.48,327566,194.6,20.0,0.53,721617,2
NA1_5021900315,2024-08-25 02:02:45.985314,603.0,20.0,0.5,4395087,223.2,20.0,0.52,534141,1
NA1_5021880490,2024-08-25 02:03:53.775290,314.8,20.0,0.45,813625,366.2,20.0,0.48,373806,2
NA1_5021177424,2024-08-25 02:04:29.206507,283.6,20.0,0.55,225295,377.8,20.0,0.42,316992,1
NA1_5092119284,2024-08-25 02:05:38.192221,249.8,20.0,0.52,901966,307.2,20.0,0.5,268931,2
NA1_5091547433,2024-08-25 02:06:13.938224,346.8,20.0,0.47,816169,458.2,20.0,0.5,1944226,1
NA1_5091516917,2024-08-25 02:06:49.292458,287.8,20.0,0.49,416395,378.2,20.0,0.49,144368,1
NA1_5056266412,2024-08-25 02:07:57.667447,389.8,20.0,0.46,422208,327.8,20.0,0.49,894244,1
NA1_5030175028,2024-08-25 02:08:33.266243,250.0,20.0,0.49,958427,303.0,20.0,0.53,1172152,2
NA1_5030144175,2024-08-25 02:09:41.411386,359.4,20.0,0.49,264492,442.8,20.0,0.51,221285,2
NA1_5093835668,2024-08-25 02:10:16.430403,298.2,20.0,0.54,567014,231.6,15.2,0.47,501368,2
NA1_5093828758,2024-08-25 02:10:52.369350,542.6,20.0,0.48,1389392,369.8,20.0,0.53,1031309,2
NA1_5093813967,2024-08-25 02:12:00.633354,334.0,20.0,0.49,314863,172.6,20.0,0.5,779874,1
NA1_5093933699,2024-08-25 02:12:36.189349,282.2,20.0,0.5,581800,342.0,20.0,0.46,844687,1
NA1_5093921158,2024-08-25 02:13:44.863263,407.0,20.0,0.5,940051,302.2,20.0,0.54,277440,2
NA1_5092792654,2024-08-25 02:14:20.018263,393.2,18.2,0.52,2276702,292.4,20.0,0.49,646658,2
NA1_5040615492,2024-08-25 02:15:28.735236,284.6,20.0,0.49,2720925,163.8,20.0,0.54,370727,2
NA1_5033779243,2024-08-25 02:16:03.997261,237.8,20.0,0.45,406629,209.4,20.0,0.54,892853,2
NA1_5033581623,2024-08-25 02:16:39.612268,303.4,16.8,0.5,930698,237.8,20.0,0.55,274330,1
NA1_5015314354,2024-08-25 02:17:48.174038,378.2,20.0,0.43,1348761,391.0,20.0,0.5,3631438,2
NA1_5014712893,2024-08-25 02:18:28.135846,428.4,20.0,0.48,645355,176.4,20.0,0.54,467134,2
NA1_5014706877,2024-08-25 02:19:32.565317,323.6,20.0,0.43,419953,144.2,20.0,0.51,500861,1
NA1_5070882700,2024-08-25 02:20:11.070153,486.4,20.0,0.45,141249,225.2,20.0,0.59,374725,2
NA1_5033337607,2024-08-25 02:20:50.093247,319.6,20.0,0.47,1029249,388.4,20.0,0.5,904077,1
NA1_5033331843,2024-08-25 02:21:51.109336,440.2,20.0,0.47,322788,363.2,20.0,0.49,237922,1
NA1_5080968809,2024-08-25 02:22:25.250198,366.2,20.0,0.51,384871,277.6,20.0,0.48,556882,1
NA1_5080018583,2024-08-25 02:23:35.622644,284.0,20.0,0.5,1345389,389.6,20.0,0.51,1077669,2
NA1_5080015880,2024-08-25 02:24:09.960223,221.0,20.0,0.5,1194552,298.6,18.0,0.51,904858,2
NA1_5087812054,2024-08-25 02:24:44.921551,313.0,20.0,0.51,335178,387.0,20.0,0.57,1503104,2
NA1_5087763483,2024-08-25 02:25:54.105139,252.2,20.0,0.48,2969323,199.8,20.0,0.52,473243,2
NA1_5076151000,2024-08-25 02:26:28.054432,280.0,17.2,0.35,129881,291.8,20.0,0.52,572602,2
NA1_5040222689,2024-08-25 02:27:38.913445,408.6,20.0,0.5,2104666,410.8,20.0,0.51,2690479,2
NA1_5029623129,2024-08-25 02:28:13.601576,373.8,20.0,0.47,333220,545.4,20.0,0.51,2160948,2
NA1_5027162256,2024-08-25 02:28:48.329381,301.6,20.0,0.49,414916,493.0,20.0,0.5,1148538,2
NA1_5050090538,2024-08-25 02:29:57.763032,270.2,20.0,0.49,1038138,253.4,20.0,0.5,281412,2
NA1_5050009386,2024-08-25 02:30:32.170727,310.2,20.0,0.49,447081,205.6,20.0,0.5,967843,1
NA1_5038786047,2024-08-25 02:31:42.216190,249.6,20.0,0.54,483298,296.2,20.0,0.51,907463,1
NA1_5091968658,2024-08-25 02:32:16.862368,222.4,20.0,0.44,146666,339.8,20.0,0.53,3095079,2
NA1_5087500375,2024-08-25 02:33:27.521806,320.2,20.0,0.48,644934,481.4,20.0,0.5,299834,1
NA1_5085697638,2024-08-25 02:34:01.379444,411.4,20.0,0.49,530520,475.4,20.0,0.49,552256,2
NA1_5093622894,2024-08-25 02:34:35.958082,748.6,20.0,0.51,1170471,294.6,20.0,0.49,546197,2
NA1_5092049642,2024-08-25 02:35:46.337929,344.8,19.6,0.48,174881,419.2,20.0,0.54,343815,2
NA1_5091971484,2024-08-25 02:36:21.202689,381.2,20.0,0.51,941132,499.8,20.0,0.47,1367148,1
NA1_5018572364,2024-08-25 02:37:30.903447,265.2,20.0,0.51,563952,573.0,20.0,0.51,320597,1
NA1_5015076706,2024-08-25 02:38:05.849096,518.6,20.0,0.5,363840,237.2,20.0,0.52,272353,2
NA1_5015056112,2024-08-25 02:38:40.000735,314.6,19.6,0.51,1407414,340.4,20.0,0.53,284065,1
NA1_5079739537,2024-08-25 02:39:49.817905,331.6,18.8,0.48,992910,95.2,20.0,0.47,76663,1
NA1_5079583287,2024-08-25 02:40:23.981588,409.4,20.0,0.46,2877590,109.6,19.6,0.57,126261,2
NA1_5078676027,2024-08-25 02:41:34.370471,337.0,20.0,0.48,1136174,520.0,20.0,0.51,2881363,2
NA1_5028606667,2024-08-25 02:42:09.104295,256.0,20.0,0.5,553294,388.8,20.0,0.48,279641,2
NA1_5028589621,2024-08-25 02:42:43.982614,335.0,20.0,0.51,434111,528.2,20.0,0.53,2434601,2
NA1_5028013304,2024-08-25 02:43:53.208568,256.4,20.0,0.54,2049388,343.0,20.0,0.5,327653,1
NA1_5080983498,2024-08-25 02:44:28.331533,390.6,20.0,0.58,123915,203.6,20.0,0.49,318471,1
NA1_5080958758,2024-08-25 02:45:37.531148,244.0,18.2,0.55,676978,277.4,20.0,0.58,1809242,2
NA1_5073533719,2024-08-25 02:46:12.097063,530.8,20.0,0.52,1344858,402.2,20.0,0.55,908410,2
NA1_5033233279,2024-08-25 02:46:47.007163,261.8,20.0,0.49,3430825,449.4,20.0,0.52,802267,2
NA1_5032737922,2024-08-25 02:47:56.620183,670.6,20.0,0.5,1243954,280.4,20.0,0.48,121524,1
NA1_5032694170,2024-08-25 02:48:30.822877,270.2,20.0,0.49,146378,174.2,20.0,0.46,195779,1
NA1_5074469444,2024-08-25 02:49:41.521670,200.4,20.0,0.56,442370,313.0,19.2,0.53,371045,1
NA1_5031099509,2024-08-25 02:50:16.415284,248.6,20.0,0.48,358916,286.4,19.4,0.54,613970,1
NA1_5031089015,2024-08-25 02:50:51.084713,293.0,19.4,0.51,366605,225.4,20.0,0.49,354899,1
NA1_5044735758,2024-08-25 02:52:00.075709,555.6,20.0,0.51,1357015,355.2,20.0,0.54,257435,1
NA1_5039817739,2024-08-25 02:52:35.131339,305.0,20.0,0.49,1051306,386.6,20.0,0.51,2005134,1
NA1_5032444831,2024-08-25 02:53:45.797291,171.4,20.0,0.49,448151,515.4,20.0,0.51,1779332,2
NA1_5036820056,2024-08-25 02:54:17.364007,359.6,20.0,0.54,321367,294.6,20.0,0.52,383753,2
NA1_5028839926,2024-08-25 02:55:28.591370,433.6,17.6,0.49,848374,482.6,20.0,0.52,3351113,2
NA1_5028808991,2024-08-25 02:56:04.315371,391.6,20.0,0.53,2540444,574.2,17.4,0.51,497521,1
NA1_5031872894,2024-08-25 02:56:39.402370,175.0,19.6,0.6,507896,462.8,20.0,0.46,1819966,1
NA1_5007299360,2024-08-25 02:57:47.661508,241.0,19.6,0.59,202757,248.6,20.0,0.46,1266003,1
NA1_5007270420,2024-08-25 02:58:22.719406,338.0,20.0,0.44,152301,288.0,19.6,0.6,266180,1
NA1_5094237770,2024-08-25 02:59:31.807022,561.0,20.0,0.51,2488939,298.4,20.0,0.48,377687,1
NA1_5092952854,2024-08-25 03:00:05.485959,221.8,20.0,0.54,225570,295.8,20.0,0.55,818781,2
NA1_5092521582,2024-08-25 03:00:39.783248,327.4,20.0,0.47,212707,368.6,20.0,0.5,918993,1
NA1_5028066149,2024-08-25 03:01:50.477676,425.0,20.0,0.49,584385,377.6,20.0,0.52,360197,2
NA1_5026366711,2024-08-25 03:02:24.767288,361.2,20.0,0.52,1217571,353.2,20.0,0.5,843530,2
NA1_5026352451,2024-08-25 03:03:35.171434,264.4,20.0,0.51,1021470,379.0,20.0,0.49,785840,2
NA1_5086917756,2024-08-25 03:04:09.443390,458.0,18.6,0.53,522071,257.2,20.0,0.5,312008,1
NA1_5086886151,2024-08-25 03:04:44.414013,200.4,20.0,0.55,1398097,351.8,18.6,0.52,285166,1
NA1_5085929260,2024-08-25 03:05:54.427337,223.8,18.6,0.56,198202,311.0,20.0,0.59,148668,2
NA1_5093746898,2024-08-25 03:06:28.236052,366.4,20.0,0.49,1693952,441.4,17.0,0.47,224466,2
NA1_5093258432,2024-08-25 03:07:38.416256,591.6,20.0,0.49,435229,396.4,20.0,0.54,723538,2
NA1_5093202154,2024-08-25 03:08:12.819263,150.2,20.0,0.5,145582,283.6,20.0,0.5,208006,2
NA1_5093953646,2024-08-25 03:08:46.944278,266.8,19.4,0.56,815406,238.0,20.0,0.5,457894,1
NA1_5093846461,2024-08-25 03:09:57.589430,208.8,15.0,0.55,2165853,292.8,20.0,0.51,910747,1
NA1_5093806405,2024-08-25 03:10:31.454241,263.4,20.0,0.55,1267216,508.6,20.0,0.5,2642926,2
NA1_5007772959,2024-08-25 03:11:42.094337,270.4,16.4,0.7,639899,440.2,20.0,0.5,2748773,1
NA1_5007765815,2024-08-25 03:12:18.787453,317.4,20.0,0.53,431740,341.8,20.0,0.51,979156,2
NA1_5007052830,2024-08-25 03:13:27.433388,331.6,20.0,0.47,838346,431.2,20.0,0.53,960255,2
NA1_5092934972,2024-08-25 03:14:03.186388,193.8,17.8,0.59,648474,198.8,20.0,0.51,535279,1
NA1_5092898671,2024-08-25 03:14:41.050187,336.2,20.0,0.54,2372509,276.6,20.0,0.5,1152839,1
NA1_5092341368,2024-08-25 03:15:43.262106,372.2,20.0,0.47,350604,319.4,20.0,0.5,735696,2
NA1_5040704893,2024-08-25 03:16:12.125391,484.6,20.0,0.47,617425,340.8,20.0,0.53,852315,2
NA1_5040023548,2024-08-25 03:17:30.019770,494.8,20.0,0.51,813082,317.6,20.0,0.5,360956,2
NA1_5039994509,2024-08-25 03:17:58.679050,486.2,20.0,0.47,583150,375.6,20.0,0.51,1070661,1
NA1_5029021885,2024-08-25 03:18:27.590692,249.0,20.0,0.51,138881,431.4,20.0,0.5,1070676,2
NA1_5029015369,2024-08-25 03:19:45.276774,499.0,20.0,0.5,1250051,539.2,20.0,0.47,829371,1
NA1_5029008273,2024-08-25 03:20:13.335388,517.6,20.0,0.48,1960765,259.4,20.0,0.49,1048852,1
NA1_5092554461,2024-08-25 03:21:32.885358,359.4,20.0,0.45,1367401,406.4,20.0,0.47,626332,1
NA1_5092546922,2024-08-25 03:22:01.218723,464.4,20.0,0.48,983344,431.6,20.0,0.51,516014,1
NA1_5092530550,2024-08-25 03:22:30.311237,310.4,20.0,0.48,403527,360.4,20.0,0.49,1423820,1
NA1_5090631059,2024-08-25 03:23:48.081968,277.4,20.0,0.5,451710,392.8,20.0,0.53,771964,2
NA1_5090603252,2024-08-25 03:24:16.509014,330.4,20.0,0.47,550687,312.4,20.0,0.5,1863466,2
NA1_5090574028,2024-08-25 03:25:35.666448,529.4,20.0,0.5,1403463,357.8,20.0,0.51,635671,2
NA1_5073563844,2024-08-25 03:26:03.912397,396.2,17.0,0.57,510580,277.6,19.6,0.45,92812,1
NA1_5073525385,2024-08-25 03:26:31.829533,171.0,19.0,0.47,431691,291.8,18.8,0.44,427909,1
NA1_5073423778,2024-08-25 03:27:50.756234,289.4,20.0,0.54,255918,427.4,19.6,0.46,1098905,1
NA1_5093306825,2024-08-25 03:28:19.158247,223.0,20.0,0.54,1345874,231.4,20.0,0.52,211416,1
NA1_5092747464,2024-08-25 03:29:38.442750,458.4,20.0,0.52,743878,319.8,20.0,0.5,178070,1
NA1_5092737795,2024-08-25 03:30:06.326814,285.2,20.0,0.52,445069,436.2,20.0,0.52,1588464,1
NA1_5093631643,2024-08-25 03:30:34.803992,402.8,20.0,0.52,1152309,315.0,20.0,0.51,692350,2
NA1_5093604482,2024-08-25 03:31:53.587970,197.6,20.0,0.51,226988,282.0,20.0,0.49,531497,1
NA1_5093286731,2024-08-25 03:32:21.931961,326.4,20.0,0.51,678030,427.0,20.0,0.48,428226,1
NA1_5093708569,2024-08-25 03:33:41.255004,323.8,20.0,0.53,218343,404.2,20.0,0.52,560136,1
NA1_5093700192,2024-08-25 03:34:09.385122,236.0,20.0,0.49,411785,291.0,20.0,0.55,188945,2
NA1_5093681332,2024-08-25 03:35:28.228799,302.0,20.0,0.53,1693723,304.8,17.0,0.54,824263,2
NA1_5094258150,2024-08-25 03:35:56.421260,369.6,20.0,0.55,606881,417.0,20.0,0.51,487899,1
NA1_5094193797,2024-08-25 03:36:24.234801,208.0,20.0,0.54,168507,321.4,20.0,0.55,565777,2
NA1_5094159174,2024-08-25 03:37:43.756003,186.2,20.0,0.51,324491,330.0,20.0,0.51,1870938,2
NA1_5094136793,2024-08-25 03:38:12.038469,208.6,20.0,0.5,283547,118.6,20.0,0.49,833633,1
NA1_5093618182,2024-08-25 03:39:30.857782,172.4,18.0,0.46,222576,186.0,20.0,0.46,231934,2
NA1_5093583086,2024-08-25 03:39:58.939983,354.2,20.0,0.46,1335463,517.6,20.0,0.5,809682,1
NA1_5093541729,2024-08-25 03:40:27.194342,156.6,20.0,0.51,342111,237.8,20.0,0.46,777148,1
NA1_5065798442,2024-08-25 03:41:46.439815,282.8,20.0,0.51,749723,467.6,20.0,0.49,260217,2
NA1_5065790822,2024-08-25 03:42:15.057630,428.8,20.0,0.51,433155,314.0,20.0,0.51,1189841,1
NA1_5064126516,2024-08-25 03:43:33.550611,420.0,20.0,0.52,716476,443.4,20.0,0.49,1121573,2
NA1_5093821125,2024-08-25 03:44:01.910801,349.8,19.8,0.48,1122532,183.0,20.0,0.55,870700,2
NA1_5093808708,2024-08-25 03:44:30.341693,370.2,20.0,0.5,5369222,496.6,20.0,0.49,490162,1
NA1_5093797650,2024-08-25 03:45:49.412128,339.4,17.4,0.39,260204,455.6,20.0,0.51,1037773,2
NA1_5013188930,2024-08-25 03:46:17.404703,501.0,20.0,0.42,1650852,222.6,20.0,0.49,3759373,2
NA1_5012686659,2024-08-25 03:47:36.634528,160.8,19.8,0.45,871819,256.2,20.0,0.5,1258134,2
