match_id,time,gold_ratio,xp_ratio,cs_ratio,kills_ratio,win
NA1_5069293840,2024-11-15 22:44:29.472244,1.0888840548183598,1.035415625520573,1.0,2.0,1
NA1_5069293840,2024-11-15 22:44:29.472244,0.9183714240051143,0.9657957397515927,1.0,0.5,0
NA1_5069241094,2024-11-15 22:44:30.534325,1.0840900908108972,1.1261046672190003,1.0505494505494506,2.4,1
NA1_5069241094,2024-11-15 22:44:30.534325,0.9224325620871618,0.8880169216149106,0.9518828451882845,0.4166666666666667,0
NA1_5069193436,2024-11-15 22:44:31.459037,1.0318414368001145,1.0820676139147476,1.1108179419525066,1.6666666666666667,1
NA1_5069193436,2024-11-15 22:44:31.459037,0.9691411532193752,0.9241566674213267,0.9002375296912114,0.6,0
NA1_5068490641,2024-11-15 22:44:32.427250,0.9353315540956683,0.9719408427876823,1.020100502512563,1.1428571428571428,0
NA1_5068490641,2024-11-15 22:44:32.427250,1.0691395961369623,1.0288692027097446,0.9802955665024631,0.875,1
NA1_5068415777,2024-11-15 22:44:33.977797,1.0692084212202013,1.0015776425512735,1.1199095022624435,0.6363636363636364,1
NA1_5068415777,2024-11-15 22:44:33.977797,0.9352713466835405,0.9984248424842485,0.8929292929292929,1.5714285714285714,0
NA1_5081708852,2024-11-15 22:44:34.847410,0.9095647172998814,0.9537496816908582,0.8726114649681529,0.8333333333333334,1
NA1_5081708852,2024-11-15 22:44:34.847410,1.0994269907132979,1.0484931415412342,1.145985401459854,1.2,0
NA1_5081683864,2024-11-15 22:44:35.882740,0.9405816384717735,0.9169582899839213,0.9800884955752213,0.4444444444444444,1
NA1_5081683864,2024-11-15 22:44:35.882740,1.0631719343626223,1.0905621454357917,1.020316027088036,2.25,0
NA1_5081638800,2024-11-15 22:44:36.781287,1.1880739322418037,1.043921069382559,1.0547619047619048,2.0,1
NA1_5081638800,2024-11-15 22:44:36.782223,0.8416984607288515,0.9579268292682926,0.9480812641083521,0.5,0
NA1_5087882340,2024-11-15 22:44:37.816466,1.10648486324162,1.129683936135549,1.0851581508515815,2.1666666666666665,1
NA1_5087882340,2024-11-15 22:44:37.816466,0.9037629281889533,0.8852033458321316,0.92152466367713,0.46153846153846156,0
NA1_5087838768,2024-11-15 22:44:38.881547,0.9060499299162784,0.9922267481330618,0.9569160997732427,1.1111111111111112,0
NA1_5087838768,2024-11-15 22:44:38.881547,1.1036919346071832,1.0078341486777735,1.0450236966824644,0.9,1
NA1_5087791995,2024-11-15 22:44:39.746774,1.0030855309170197,1.008223120674296,1.0902255639097744,1.0,0
NA1_5087791995,2024-11-15 22:44:39.746774,0.9969239602985809,0.9918439475293958,0.9172413793103448,1.0,1
NA1_5038896818,2024-11-15 22:44:40.577163,0.9460731863898995,0.9283557253790213,0.8042553191489362,1.0714285714285714,0
NA1_5038896818,2024-11-15 22:44:40.577163,1.057000678579507,1.0771732996979453,1.2433862433862435,0.9333333333333333,1
NA1_5038882934,2024-11-15 22:44:41.463795,1.1045092450486005,1.0526664897850888,0.9511627906976744,1.0,1
NA1_5038882934,2024-11-15 22:44:41.463795,0.9053794746244954,0.9499684940138626,1.0513447432762837,1.0,0
NA1_5038866492,2024-11-15 22:44:42.305734,0.8229883536262573,0.9243471208434713,0.9054373522458629,0.625,1
NA1_5038866492,2024-11-15 22:44:42.305734,1.2150840234783309,1.0818446636015864,1.1044386422976502,1.6,0
NA1_5098866465,2024-11-15 22:44:43.186594,1.138284303641226,1.065576010109635,1.1124121779859484,1.2857142857142858,1
NA1_5098866465,2024-11-15 22:44:43.186594,0.8785151449432517,0.9384595660117312,0.8989473684210526,0.7777777777777778,0
NA1_5098668836,2024-11-15 22:44:44.154259,1.2830820060996273,1.15573684025458,1.1757105943152455,1.7777777777777777,1
NA1_5098668836,2024-11-15 22:44:44.154259,0.779373411244264,0.8652488742850188,0.8505494505494505,0.5625,0
NA1_5096063575,2024-11-15 22:44:45.020710,1.1254861821903788,1.0568953983734113,1.057934508816121,1.3333333333333333,1
NA1_5096063575,2024-11-15 22:44:45.020710,0.8885049108766825,0.9461674272960459,0.9452380952380952,0.75,0
NA1_5088755854,2024-11-15 22:44:45.913963,1.062324451529644,1.0801194326947001,1.0866336633663367,0.7272727272727273,1
NA1_5088755854,2024-11-15 22:44:45.913963,0.9413319994283265,0.9258235429624511,0.9202733485193622,1.375,0
NA1_5088713383,2024-11-15 22:44:46.798022,1.2125366039977932,1.074132439228835,0.9821428571428571,2.0,1
NA1_5088713383,2024-11-15 22:44:46.798022,0.8247173707605614,0.9309838931202398,1.018181818181818,0.5,0
NA1_5088685879,2024-11-15 22:44:47.603709,1.2529515418502202,1.1428028076484216,1.280104712041885,2.2,1
NA1_5088685879,2024-11-15 22:44:47.603709,0.7981154630476056,0.8750416023720916,0.7811860940695297,0.45454545454545453,0
NA1_5093155425,2024-11-15 22:44:48.659552,1.0864632091368658,1.0358133164066414,1.0183908045977013,1.2727272727272727,1
NA1_5093155425,2024-11-15 22:44:48.659552,0.9204177293720273,0.9654249314626673,0.981941309255079,0.7857142857142857,0
NA1_5089456225,2024-11-15 22:44:49.670548,1.0153708158356098,0.9986254525948773,1.1023255813953488,0.75,1
NA1_5089456225,2024-11-15 22:44:49.670548,0.9848618695791841,1.0013764393863094,0.9071729957805907,1.3333333333333333,0
NA1_5089434482,2024-11-15 22:44:50.387064,1.125685764963082,1.0517558151627553,1.0239651416122004,1.8,1
NA1_5089434482,2024-11-15 22:44:50.387064,0.8883473799926713,0.9507910349373764,0.9765957446808511,0.5555555555555556,0
NA1_5021134205,2024-11-15 22:44:51.393757,1.0172498955127474,0.9387623257395443,0.9792207792207792,1.0714285714285714,0
NA1_5021134205,2024-11-15 22:44:51.393757,0.9830426175624697,1.0652323517693505,1.0212201591511936,0.9333333333333333,1
NA1_5021113466,2024-11-15 22:44:52.263479,0.9294830031042809,0.999294331126718,0.8961038961038961,0.875,1
NA1_5021113466,2024-11-15 22:44:52.263479,1.0758669030635386,1.0007061671934898,1.1159420289855073,1.1428571428571428,0
NA1_5021097021,2024-11-15 22:44:53.180541,1.0182507792256563,0.9106322196000497,0.9954545454545455,0.9,0
NA1_5021097021,2024-11-15 22:44:53.180541,0.9820763415083902,1.098138170906363,1.004566210045662,1.1111111111111112,1
NA1_5099097757,2024-11-15 22:44:54.100484,1.0118103169759844,1.0169907812394858,0.9534313725490197,1.0769230769230769,0
NA1_5099097757,2024-11-15 22:44:54.100484,0.9883275384942879,0.9832930823436001,1.0488431876606683,0.9285714285714286,1
NA1_5099062484,2024-11-15 22:44:54.835338,1.1454664341761116,1.1085920929100455,0.9726027397260274,2.4,1
NA1_5099062484,2024-11-15 22:44:54.835338,0.8730068120409483,0.9020450410890157,1.028169014084507,0.4166666666666667,0
NA1_5099030383,2024-11-15 22:44:55.700620,1.2032085561497325,1.0592383146577302,1.2652519893899203,1.0909090909090908,1
NA1_5099030383,2024-11-15 22:44:55.700620,0.8311111111111111,0.944074611125758,0.790356394129979,0.9166666666666666,0
NA1_5098616134,2024-11-15 22:44:56.447282,0.7221636332709644,0.7811495673671199,0.5705765407554672,0.5,0
NA1_5098616134,2024-11-15 22:44:56.447282,1.384727718108159,1.2801645699818023,1.7526132404181185,2.0,1
NA1_5098600178,2024-11-15 22:44:57.386043,0.9937939285180201,0.9889707064535838,1.0226244343891402,1.2222222222222223,0
NA1_5098600178,2024-11-15 22:44:57.386043,1.0062448273267626,1.0111522954870595,0.9778761061946902,0.8181818181818182,1
NA1_5098576734,2024-11-15 22:44:58.294890,1.111311344872386,1.1097419286695067,1.077294685990338,1.2857142857142858,1
NA1_5098576734,2024-11-15 22:44:58.294890,0.8998378398763057,0.9011104060913706,0.9282511210762332,0.7777777777777778,0
NA1_5098122414,2024-11-15 22:44:59.570184,0.8678689148073022,0.9234400452112629,0.7532467532467533,0.7333333333333333,0
NA1_5098122414,2024-11-15 22:44:59.570184,1.1522477449512472,1.082907336741306,1.3275862068965518,1.3636363636363635,1
NA1_5096989893,2024-11-15 22:45:01.393192,1.0353259832907336,0.993536840011932,0.8904428904428905,1.3,0
NA1_5096989893,2024-11-15 22:45:01.393192,0.9658793618040459,1.0065052041633307,1.1230366492146597,0.7692307692307693,1
NA1_5081274597,2024-11-15 22:45:02.306248,0.899357766411568,0.895285206368836,0.8064516129032258,0.45454545454545453,0
NA1_5081274597,2024-11-15 22:45:02.306248,1.1119045582827332,1.116962497410042,1.24,2.2,1
NA1_5061277644,2024-11-15 22:45:03.165971,0.8526053063457331,0.8460417062812956,0.8101545253863135,0.6153846153846154,0
NA1_5061277644,2024-11-15 22:45:03.165971,1.1728756466295063,1.1819748276895414,1.2343324250681198,1.625,1
NA1_5061231200,2024-11-15 22:45:04.047326,0.9350441343963554,1.0602828733633052,1.0151843817787418,0.9090909090909091,0
NA1_5061231200,2024-11-15 22:45:04.047326,1.0694682349358609,0.9431445372949552,0.9850427350427351,1.1,1
NA1_5022627292,2024-11-15 22:45:04.915816,1.571460334400569,1.3233936949862344,1.3863013698630138,4.5,1
NA1_5022627292,2024-11-15 22:45:04.915816,0.6363507739324825,0.7556330393506988,0.7213438735177866,0.2222222222222222,0
NA1_5022584372,2024-11-15 22:45:05.732273,1.1308119361554476,1.125159325874522,1.1844155844155844,1.0,1
NA1_5022584372,2024-11-15 22:45:05.732273,0.8843203436637005,0.8887630196041411,0.8442982456140351,1.0,0
NA1_5022570114,2024-11-15 22:45:06.637005,1.1931738066603077,1.1274493214660395,1.0938215102974829,1.8,1
NA1_5022570114,2024-11-15 22:45:06.637005,0.8381008654547982,0.8869578268047426,0.9142259414225942,0.5555555555555556,0
NA1_5070545561,2024-11-15 22:45:07.467830,1.0331286538956503,1.0283965135583841,0.8688524590163934,1.2307692307692308,1
NA1_5070545561,2024-11-15 22:45:07.467830,0.9679336607587729,0.9723875828204352,1.150943396226415,0.8125,0
NA1_5070512048,2024-11-15 22:45:08.292951,1.0883640801091092,1.059425065333485,1.0267379679144386,1.2307692307692308,1
NA1_5070512048,2024-11-15 22:45:08.292951,0.9188101833531196,0.9439081939081939,0.9739583333333334,0.8125,0
NA1_5070478866,2024-11-15 22:45:09.107080,1.5914196191853458,1.3679488755069436,1.1657754010695187,6.333333333333333,1
NA1_5070478866,2024-11-15 22:45:09.107080,0.6283697825165081,0.731021471565897,0.8577981651376146,0.15789473684210525,0
NA1_5096517262,2024-11-15 22:45:10.041278,0.9981782409094221,0.9657503379900856,0.808695652173913,1.1818181818181819,0
NA1_5096517262,2024-11-15 22:45:10.041278,1.0018250839538618,1.0354643023798413,1.2365591397849462,0.8461538461538461,1
NA1_5096459771,2024-11-15 22:45:10.949263,1.0072771376591874,1.0230069956230594,0.9886685552407932,0.7272727272727273,0
NA1_5096459771,2024-11-15 22:45:10.949263,0.9927754364840458,0.9775104219995612,1.011461318051576,1.375,1
NA1_5096846758,2024-11-15 22:45:12.374398,0.6723077807148604,0.7947819540163318,0.7383367139959433,0.25,0
NA1_5096846758,2024-11-15 22:45:12.374398,1.4874139920509424,1.2582067256895106,1.3543956043956045,4.0,1
NA1_5096804483,2024-11-15 22:45:13.321552,0.8838904694167852,0.9018320309934993,1.0245700245700247,0.6428571428571429,1
NA1_5096804483,2024-11-15 22:45:13.321552,1.1313618990142829,1.1088539391291685,0.9760191846522782,1.5555555555555556,0
NA1_5087062291,2024-11-15 22:45:14.941277,1.2235471088934546,1.029831125492972,1.1464088397790055,2.5,1
NA1_5087062291,2024-11-15 22:45:14.941277,0.8172958709406579,0.9710329929300864,0.8722891566265061,0.4,0
NA1_5087021060,2024-11-15 22:45:15.968711,1.0147687837946897,1.0193184069744403,0.9087221095334685,1.2,1
NA1_5087021060,2024-11-15 22:45:15.968711,0.9854461587402576,0.9810477208669452,1.1004464285714286,0.8333333333333334,0
NA1_5086970054,2024-11-15 22:45:16.837665,1.0591946308724831,1.073690251147718,0.9699570815450643,5.0,1
NA1_5086970054,2024-11-15 22:45:16.837665,0.9441135470789507,0.9313673090829063,1.0309734513274336,0.2,0
NA1_5085468108,2024-11-15 22:45:17.716316,0.9403605592347314,1.017790165513919,1.0199004975124377,0.7857142857142857,0
NA1_5085468108,2024-11-15 22:45:17.716316,1.0634218866152823,0.982520792480898,0.9804878048780488,1.2727272727272727,1
NA1_5085448042,2024-11-15 22:45:18.625863,1.0099663968229724,1.0256462934429036,1.0922693266832917,0.5454545454545454,0
NA1_5085448042,2024-11-15 22:45:18.625863,0.990131952058679,0.9749949923215597,0.9155251141552512,1.8333333333333333,1
NA1_5079388545,2024-11-15 22:45:19.539059,0.9701575532900835,1.0091143594153051,1.0068493150684932,0.7692307692307693,1
NA1_5079388545,2024-11-15 22:45:19.539059,1.030760412686282,0.9909679618268575,0.9931972789115646,1.3,0
NA1_5030081591,2024-11-15 22:45:20.246558,1.0459258091220878,1.1134139736414514,1.026378896882494,1.1428571428571428,0
NA1_5030081591,2024-11-15 22:45:20.246558,0.9560907583295642,0.898138539369568,0.9742990654205608,0.875,1
NA1_5025800343,2024-11-15 22:45:20.942195,1.883564689028306,1.6313903379451122,1.4586206896551723,4.833333333333333,1
NA1_5025800343,2024-11-15 22:45:20.942195,0.530908232578877,0.6129740851963075,0.6855791962174941,0.20689655172413793,0
NA1_5025790638,2024-11-15 22:45:22.083214,0.850179263390432,0.9280693459416863,0.9216589861751152,0.45454545454545453,0
NA1_5025790638,2024-11-15 22:45:22.083214,1.1762225251320497,1.0775056889583263,1.085,2.2,1
NA1_5031789185,2024-11-15 22:45:23.113055,1.1302931596091206,1.037024468049004,1.1406649616368287,1.0,1
NA1_5031789185,2024-11-15 22:45:23.113055,0.8847262247838616,0.9642974016624125,0.8766816143497758,1.0,0
NA1_5030952175,2024-11-15 22:45:24.011089,0.9582296090203544,0.8869682481304401,0.8881987577639752,0.9090909090909091,0
NA1_5030952175,2024-11-15 22:45:24.011089,1.0435912129894938,1.1274360746371803,1.1258741258741258,1.1,1
NA1_5030949915,2024-11-15 22:45:24.882182,1.4090006618133686,1.2521603410864517,1.2574525745257452,2.0,1
NA1_5030949915,2024-11-15 22:45:24.882182,0.709722874589009,0.7986197671237041,0.7952586206896551,0.5,0
NA1_5020871774,2024-11-15 22:45:25.995242,0.8550256837428849,0.9112292835704032,0.8977777777777778,0.8333333333333334,1
NA1_5020871774,2024-11-15 22:45:25.995242,1.169555510452608,1.097418638788443,1.113861386138614,1.2,0
NA1_5010451401,2024-11-15 22:45:26.888959,1.0436920370962584,1.0577979460234057,1.1146341463414635,1.5555555555555556,1
NA1_5010451401,2024-11-15 22:45:26.888959,0.9581370408671339,0.9453601264393768,0.8971553610503282,0.6428571428571429,0
NA1_5009306521,2024-11-15 22:45:27.807165,1.174372414922806,1.036797164491703,0.9346938775510204,2.4,0
NA1_5009306521,2024-11-15 22:45:27.807165,0.8515186386302612,0.9645088106411411,1.0698689956331877,0.4166666666666667,1
NA1_5039016630,2024-11-15 22:45:28.889712,1.1055357212915375,1.1219350563286945,0.8977556109725686,2.25,0
NA1_5039016630,2024-11-15 22:45:28.889712,0.9045388409808722,0.8913171884229178,1.113888888888889,0.4444444444444444,1
NA1_5038998594,2024-11-15 22:45:29.839638,1.0561046916330223,1.047361299052774,1.1865284974093264,0.8666666666666667,0
NA1_5038998594,2024-11-15 22:45:29.839638,0.946875823886106,0.9547803617571059,0.8427947598253275,1.1538461538461537,1
NA1_5038056990,2024-11-15 22:45:30.740688,1.061300555114988,1.0124578780761768,1.1246819338422391,0.8888888888888888,1
NA1_5038056990,2024-11-15 22:45:30.740688,0.9422401554210565,0.9876954109934443,0.8891402714932126,1.125,0
NA1_5094548565,2024-11-15 22:45:31.619943,0.8855671257417982,0.9162522379152576,0.8873873873873874,0.7,1
NA1_5094548565,2024-11-15 22:45:31.619943,1.1292198760905299,1.0914025184541902,1.1269035532994924,1.4285714285714286,0
NA1_5094542364,2024-11-15 22:45:32.346006,0.9325827409095547,0.9659350194427483,1.0475059382422802,0.5,0
NA1_5094542364,2024-11-15 22:45:32.346006,1.0722909143961776,1.0352663273114415,0.9546485260770975,2.0,1
NA1_5093848426,2024-11-15 22:45:33.042984,0.7876443018464345,0.8251748251748252,0.8507462686567164,0.4444444444444444,0
NA1_5093848426,2024-11-15 22:45:33.042984,1.269608626198083,1.2118644067796611,1.1754385964912282,2.25,1
NA1_5098961860,2024-11-15 22:45:33.939677,1.0935972729886239,1.1583224495719053,1.1088607594936708,1.6666666666666667,0
NA1_5098961860,2024-11-15 22:45:33.939677,0.9144133994291723,0.8633174642946629,0.9018264840182648,0.6,1
NA1_5098718225,2024-11-15 22:45:34.983246,1.2424363375109764,1.074617260533803,1.0653753026634383,1.6666666666666667,0
NA1_5098718225,2024-11-15 22:45:34.983246,0.8048702133127731,0.9305638730418886,0.9386363636363636,0.6,1
NA1_5097974097,2024-11-15 22:45:35.924279,1.202530602151424,1.1019149296729367,1.1330049261083743,2.6666666666666665,1
NA1_5097974097,2024-11-15 22:45:35.924279,0.8315796689172978,0.9075110728346457,0.8826086956521739,0.375,0
NA1_5015770710,2024-11-15 22:45:36.858262,1.0881106580315023,1.072474994106355,0.9933628318584071,2.1666666666666665,0
NA1_5015770710,2024-11-15 22:45:36.858262,0.9190241751781909,0.9324226723190454,1.0066815144766148,0.46153846153846156,1
NA1_5009055556,2024-11-15 22:45:37.694798,1.1151520313431564,1.018626503615341,1.0997624703087887,2.3333333333333335,1
NA1_5009055556,2024-11-15 22:45:37.694798,0.896738715344077,0.9817140987896631,0.9092872570194385,0.42857142857142855,0
NA1_5009047620,2024-11-15 22:45:38.422124,1.5986304977613905,1.242591505186925,1.265536723163842,2.5555555555555554,1
NA1_5009047620,2024-11-15 22:45:38.422124,0.6255354200988468,0.8047697057526306,0.7901785714285714,0.391304347826087,0
NA1_5099194051,2024-11-15 22:45:39.380432,0.9322702088364825,0.9105493743499228,1.0188679245283019,0.5,1
NA1_5099194051,2024-11-15 22:45:39.380432,1.0726503866813974,1.0982380836996781,0.9814814814814815,2.0,0
NA1_5099156115,2024-11-15 22:45:40.478469,0.9208736126029359,0.92590618336887,0.9926470588235294,0.8666666666666667,0
NA1_5099156115,2024-11-15 22:45:40.478469,1.0859253499222394,1.0800230282095566,1.0074074074074073,1.1538461538461537,1
NA1_5097030681,2024-11-15 22:45:41.322436,1.1687874398026703,1.106011007590201,1.1644204851752022,1.6,1
NA1_5097030681,2024-11-15 22:45:41.322436,0.8555875653222564,0.9041501333506797,0.8587962962962963,0.625,0
NA1_5090772420,2024-11-15 22:45:42.186499,0.9587071667927791,1.010343281670296,1.0177777777777777,0.7777777777777778,0
NA1_5090772420,2024-11-15 22:45:42.186499,1.043071372195287,0.9897626065734842,0.982532751091703,1.2857142857142858,1
NA1_5086881868,2024-11-15 22:45:43.118200,0.7899238316550478,0.8586177144387254,0.8263473053892215,0.6153846153846154,0
NA1_5086881868,2024-11-15 22:45:43.118200,1.2659448416751788,1.1646626702241936,1.210144927536232,1.625,1
NA1_5098697148,2024-11-15 22:45:44.708361,1.1159022456060086,0.9669757822403096,0.9408983451536643,1.5555555555555556,1
NA1_5098697148,2024-11-15 22:45:44.708361,0.8961358433837849,1.0341520629225887,1.0628140703517588,0.6428571428571429,0
NA1_5098674295,2024-11-15 22:45:45.575320,1.0212981012201285,1.0429695589148893,1.0792838874680306,1.0833333333333333,1
NA1_5098674295,2024-11-15 22:45:45.575320,0.9791460483528913,0.9588007544922069,0.9265402843601895,0.9230769230769231,0
NA1_5098664792,2024-11-15 22:45:46.491033,0.8841443351734728,0.9013199245757385,1.0532687651331718,0.46153846153846156,0
NA1_5098664792,2024-11-15 22:45:46.491033,1.131037049288786,1.1094839609483962,0.9494252873563218,2.1666666666666665,1
NA1_5099250917,2024-11-15 22:45:47.445869,0.9764089121887287,0.9966561635907659,0.8674948240165632,1.375,1
NA1_5099250917,2024-11-15 22:45:47.445869,1.0241610738255034,1.0033550551648494,1.152744630071599,0.7272727272727273,0
NA1_5099202357,2024-11-15 22:45:48.307628,0.9347279332508284,0.9114201352509763,0.87117903930131,0.8571428571428571,1
NA1_5099202357,2024-11-15 22:45:48.307628,1.0698300162296062,1.0971888389591389,1.1478696741854637,1.1666666666666667,0
NA1_5099122266,2024-11-15 22:45:49.225153,0.9645115235570059,0.9944939949125801,0.9234135667396062,0.9285714285714286,1
NA1_5099122266,2024-11-15 22:45:49.225153,1.036794248255445,1.0055364890241534,1.0829383886255923,1.0769230769230769,0
NA1_5099318226,2024-11-15 22:45:50.000477,1.1437778879524045,1.120689012341076,1.1282722513089005,1.25,1
NA1_5099318226,2024-11-15 22:45:50.000477,0.8742956220199393,0.8923082041386653,0.8863109048723898,0.8,0
NA1_5099138505,2024-11-15 22:45:50.895155,0.8599741490736751,0.9174442459135729,0.9039665970772442,0.5,1
NA1_5099138505,2024-11-15 22:45:50.895155,1.1628256513026052,1.0899844916507375,1.1062355658198615,2.0,0
NA1_5099099799,2024-11-15 22:45:51.851497,0.9272092210967516,0.9068891280947255,0.9018264840182648,1.0769230769230769,0
NA1_5099099799,2024-11-15 22:45:51.851497,1.0785052361937768,1.1026706231454007,1.1088607594936708,0.9285714285714286,1
NA1_5098628866,2024-11-15 22:45:52.728559,0.8782454826964304,0.9403471415666538,0.8752834467120182,0.8461538461538461,0
NA1_5098628866,2024-11-15 22:45:52.728559,1.1386338099112712,1.0634370604178818,1.1424870466321244,1.1818181818181819,1
NA1_5097467966,2024-11-15 22:45:53.481742,0.731293352157633,0.7813074535097502,0.805045871559633,0.2631578947368421,0
NA1_5097467966,2024-11-15 22:45:53.481742,1.3674402988206655,1.2799058750916175,1.2421652421652423,3.8,1
NA1_5095841946,2024-11-15 22:45:54.491151,1.0327783558792925,1.011412119740539,0.9779411764705882,1.1666666666666667,0
NA1_5095841946,2024-11-15 22:45:54.491151,0.9682619647355164,0.9887166472323204,1.0225563909774436,0.8571428571428571,1
NA1_5012106428,2024-11-15 22:45:55.233354,0.8670448307410796,0.9431369401187991,0.9531914893617022,0.625,0
NA1_5012106428,2024-11-15 22:45:55.233354,1.15334290055715,1.0602914141758017,1.0491071428571428,1.6,1
NA1_5012091341,2024-11-15 22:45:56.084551,1.250595035702142,1.1196973412267488,1.182897862232779,1.4,1
NA1_5012091341,2024-11-15 22:45:56.084551,0.7996193583469277,0.8930984857965211,0.8453815261044176,0.7142857142857143,0
NA1_5008587183,2024-11-15 22:45:56.972990,1.0024057450628365,0.9409166903252263,1.0304347826086957,1.1,1
NA1_5008587183,2024-11-15 22:45:56.972990,0.9976000286563742,1.062793348531581,0.9704641350210971,0.9090909090909091,0
NA1_5097305612,2024-11-15 22:45:57.800367,0.9701868491296666,1.0302907915993538,1.0835380835380835,1.25,1
NA1_5097305612,2024-11-15 22:45:57.800367,1.0307292877625358,0.9705997647981184,0.9229024943310657,0.8,0
NA1_5095659274,2024-11-15 22:46:31.575867,1.0498546746326498,1.0300060153568522,1.0727272727272728,1.0,1
NA1_5095659274,2024-11-15 22:46:31.575867,0.9525127850194178,0.9708681163901199,0.9322033898305084,1.0,0
NA1_5095631981,2024-11-15 22:46:32.458885,0.949240034413536,0.9640167627690078,0.9087048832271762,0.6153846153846154,0
NA1_5095631981,2024-11-15 22:46:32.458885,1.0534743202416919,1.0373263605164242,1.1004672897196262,1.625,1
NA1_5030062151,2024-11-15 22:46:33.332847,1.0853944181984199,1.0166840822013237,0.9385342789598109,1.3,1
NA1_5030062151,2024-11-15 22:46:33.332847,0.9213240673006584,0.983589708451814,1.0654911838790933,0.7692307692307693,0
NA1_5026954116,2024-11-15 22:46:34.225875,1.0639267580857954,1.0479444997767626,1.035799522673031,1.125,1
NA1_5026954116,2024-11-15 22:46:34.225875,0.9399143243649482,0.9542490086192771,0.9654377880184332,0.8888888888888888,0
NA1_5025525811,2024-11-15 22:46:35.134331,0.987276801850647,0.9717466310787058,0.8930957683741648,1.625,0
NA1_5025525811,2024-11-15 22:46:35.134331,1.0128871640916746,1.029074830843438,1.119700748129676,0.6153846153846154,1
NA1_5097386110,2024-11-15 22:46:36.135580,1.1883817762865343,1.110355527679662,1.0778032036613272,2.0,1
NA1_5097386110,2024-11-15 22:46:36.135580,0.8414804231724325,0.9006124390533952,0.9278131634819533,0.5,0
NA1_5097334338,2024-11-15 22:46:37.075575,1.1054304323942556,1.09990990089098,1.1144859813084111,1.5,1
NA1_5097334338,2024-11-15 22:46:37.075575,0.9046249955631278,0.9091653772640393,0.8972746331236897,0.6666666666666666,0
NA1_5097309109,2024-11-15 22:46:37.887792,1.2025952281289243,1.1215414668797727,1.0719257540603249,2.5,1
NA1_5097309109,2024-11-15 22:46:37.887792,0.8315349808562478,0.891629983849004,0.9329004329004329,0.4,0
NA1_5097030828,2024-11-15 22:46:38.871443,0.8911907632723154,0.950037480037806,0.990990990990991,0.6363636363636364,0
NA1_5097030828,2024-11-15 22:46:38.871443,1.1220942150793325,1.052590051457976,1.009090909090909,1.5714285714285714,1
NA1_5038632783,2024-11-15 22:46:39.746676,1.0446102684727065,1.0255651043547338,1.0785907859078592,1.0,1
NA1_5038632783,2024-11-15 22:46:39.746676,0.9572948210264772,0.9750721780156327,0.9271356783919598,1.0,0
NA1_5038601891,2024-11-15 22:46:40.716974,0.873532334646104,0.9136229524875369,0.9974683544303797,0.6363636363636364,0
NA1_5038601891,2024-11-15 22:46:40.716974,1.1447773142881221,1.094543429844098,1.00253807106599,1.5714285714285714,1
NA1_5098552811,2024-11-15 22:46:41.596840,0.9731087577258105,0.9934898612593384,0.9817351598173516,0.9166666666666666,1
NA1_5098552811,2024-11-15 22:46:41.596840,1.0276343646696133,1.0065527983671716,1.0186046511627906,1.0909090909090908,0
NA1_5098534064,2024-11-15 22:46:42.495840,1.004277748071194,0.9608859721082855,1.0282352941176471,1.0,0
NA1_5098534064,2024-11-15 22:46:42.495840,0.9957404731117365,1.0407062117952395,0.9725400457665904,1.0,1
NA1_5098508113,2024-11-15 22:46:43.415925,1.0237842512874946,1.0373351369631383,1.1204819277108433,0.9,0
NA1_5098508113,2024-11-15 22:46:43.415925,0.9767682973657937,0.9640086066375432,0.8924731182795699,1.1111111111111112,1
NA1_5041786323,2024-11-15 22:46:44.353068,0.9408225985745112,0.9876603186941314,1.1063291139240505,0.7083333333333334,0
NA1_5041786323,2024-11-15 22:46:44.353068,1.062899638587712,1.0124938514510575,0.9038901601830663,1.411764705882353,1
NA1_5032146488,2024-11-15 22:46:45.086213,1.1983722060252673,1.0769120028792514,1.2581521739130435,1.3,1
NA1_5032146488,2024-11-15 22:46:45.086213,0.8344652812975165,0.928580977207406,0.7948164146868251,0.7692307692307693,0
NA1_5031849695,2024-11-15 22:46:46.037896,1.0495501778366692,1.0123922935424532,1.0089086859688197,1.7777777777777777,1
NA1_5031849695,2024-11-15 22:46:46.037896,0.9527891292069504,0.9877593956201588,0.9911699779249448,0.5625,0
NA1_5098855252,2024-11-15 22:46:46.951196,1.1224185738525845,1.0578129930231743,0.979498861047836,1.0,1
NA1_5098855252,2024-11-15 22:46:46.951196,0.8909332251760629,0.9453466790401697,1.0209302325581395,1.0,0
NA1_5098822734,2024-11-15 22:46:47.832349,1.1520248724489797,1.1020745428973278,1.0135440180586908,2.25,1
NA1_5098822734,2024-11-15 22:46:47.832349,0.8680368140613106,0.9073796381967265,0.9866369710467706,0.4444444444444444,0
NA1_5098802766,2024-11-15 22:46:48.940864,1.1059824759988262,1.0450834693945554,1.0851528384279476,2.0,1
NA1_5098802766,2024-11-15 22:46:48.940864,0.9041734581706531,0.9568613697232495,0.9215291750503019,0.5,0
NA1_5070790049,2024-11-15 22:46:49.679825,1.0525008015389548,1.0752633018738886,0.976905311778291,1.6666666666666667,1
NA1_5070790049,2024-11-15 22:46:49.679825,0.9501180412763689,0.9300047702337415,1.0236406619385343,0.6,0
NA1_5070731584,2024-11-15 22:46:50.598026,0.8455335202298134,0.9289726625889402,0.8619246861924686,1.0,0
NA1_5070731584,2024-11-15 22:46:50.598026,1.1826852230863691,1.0764579414135984,1.1601941747572815,1.0,1
NA1_5070676802,2024-11-15 22:46:51.410918,0.9973787680209698,1.0046661201841225,1.0366598778004072,1.1428571428571428,0
NA1_5070676802,2024-11-15 22:46:51.410918,1.002628120893561,0.9953555513713676,0.9646365422396856,0.875,1
NA1_5084307417,2024-11-15 22:46:52.236317,0.9614475213401195,1.0124869587897758,1.0,0.5555555555555556,0
NA1_5084307417,2024-11-15 22:46:52.236317,1.0400983702221667,0.987667042344228,1.0,1.8,1
NA1_5084270138,2024-11-15 22:46:53.081350,1.0885368126747437,1.0008297102651753,0.9420600858369099,1.8,0
NA1_5084270138,2024-11-15 22:46:53.081350,0.9186643835616438,0.9991709775832338,1.061503416856492,0.5555555555555556,1
NA1_5084238219,2024-11-15 22:46:53.809646,1.1829231236706168,1.063104163343436,0.9400428265524625,1.7,1
NA1_5084238219,2024-11-15 22:46:53.809646,0.8453634729000771,0.9406415988956577,1.0637813211845102,0.5882352941176471,0
NA1_5080274349,2024-11-15 22:46:54.890343,1.1492945290830887,1.0379651267301815,1.0525,2.5,1
NA1_5080274349,2024-11-15 22:46:54.890343,0.870098982197195,0.9634235045547435,0.9501187648456056,0.4,0
NA1_5080205141,2024-11-15 22:46:55.916663,1.1660951743748431,1.0943738656987296,1.2,2.0,1
NA1_5080205141,2024-11-15 22:46:55.916663,0.8575629348059959,0.9137645107794361,0.8333333333333334,0.5,0
NA1_5080156789,2024-11-15 22:46:56.786814,0.9697522816166884,0.9538143166212022,1.0317848410757946,0.6666666666666666,0
NA1_5080156789,2024-11-15 22:46:56.786814,1.0311911804248455,1.048422090729783,0.9691943127962085,1.5,1
NA1_5066483535,2024-11-15 22:46:57.692463,1.1957976785562991,1.1458654340010272,1.1946666666666668,2.0,1
NA1_5066483535,2024-11-15 22:46:57.692463,0.8362618676491427,0.8727028238458091,0.8370535714285714,0.5,0
NA1_5066431770,2024-11-15 22:46:58.793399,1.0530973451327434,0.9597098069698148,0.9498806682577565,0.5833333333333334,0
NA1_5066431770,2024-11-15 22:46:58.793399,0.9495798319327731,1.0419816414686824,1.0527638190954773,1.7142857142857142,1
NA1_5061846965,2024-11-15 22:46:59.640139,1.173141034932599,1.13552305656408,1.2704225352112677,1.4,1
NA1_5061846965,2024-11-15 22:46:59.640139,0.8524124297275592,0.8806514268638876,0.7871396895787139,0.7142857142857143,0
NA1_5094821869,2024-11-15 22:47:00.971951,0.8740101558893505,0.9394238784772608,0.9806451612903225,0.5384615384615384,0
NA1_5094821869,2024-11-15 22:47:00.971951,1.14415146467314,1.064482203306274,1.019736842105263,1.8571428571428572,1
NA1_5090787747,2024-11-15 22:47:01.683311,0.8735217324527722,0.9042837167916614,0.8033826638477801,0.45454545454545453,0
NA1_5090787747,2024-11-15 22:47:01.683311,1.1447912087912089,1.1058476244025865,1.2447368421052631,2.2,1
NA1_5096056890,2024-11-15 22:47:02.704832,0.9341987945361817,1.0131296982890574,0.9474885844748858,0.6875,1
NA1_5096056890,2024-11-15 22:47:02.704832,1.0704359777048178,0.987040456605674,1.0554216867469879,1.4545454545454546,0
NA1_5095997541,2024-11-15 22:47:03.538267,1.0874132804757186,1.0668741405514945,1.185378590078329,0.8,1
NA1_5095997541,2024-11-15 22:47:03.538267,0.9196135617936566,0.9373176853673428,0.8436123348017621,1.25,0
NA1_5095978841,2024-11-15 22:47:04.512493,0.9712810355803919,1.0315918991719597,0.9587155963302753,1.4,0
NA1_5095978841,2024-11-15 22:47:04.512493,1.0295681305076105,0.9693755842816156,1.0430622009569377,0.7142857142857143,1
NA1_5095474704,2024-11-15 22:47:05.335825,0.9917788854995908,0.975195777417463,0.89749430523918,0.7272727272727273,1
NA1_5095474704,2024-11-15 22:47:05.335825,1.0082892614680619,1.0254351209848591,1.114213197969543,1.375,0
NA1_5095452310,2024-11-15 22:47:06.223768,0.9749981643292459,0.9840078772239577,1.1008174386920981,0.3888888888888889,1
NA1_5095452310,2024-11-15 22:47:06.223768,1.0256429566592613,1.016252027190228,0.9084158415841584,2.5714285714285716,0
NA1_5095436346,2024-11-15 22:47:07.046590,1.0341594105827194,0.9661088001031892,1.04,1.0,1
NA1_5095436346,2024-11-15 22:47:07.046590,0.9669689119170984,1.0350801068090787,0.9615384615384616,1.0,0
NA1_5099218517,2024-11-15 22:47:07.967934,1.0177246337806145,0.9771177703129678,0.9572072072072072,0.9,1
NA1_5099218517,2024-11-15 22:47:07.967934,0.9825840574234983,1.0234180877497532,1.0447058823529412,1.1111111111111112,0
NA1_5097207912,2024-11-15 22:47:08.876145,1.0228955007256895,0.9581836839404823,0.978021978021978,0.9230769230769231,0
NA1_5097207912,2024-11-15 22:47:08.876145,0.9776169699549502,1.0436412315930388,1.0224719101123596,1.0833333333333333,1
NA1_5097154534,2024-11-15 22:47:09.815075,0.9599862679279829,1.0304816160822448,1.1040723981900453,0.75,0
NA1_5097154534,2024-11-15 22:47:09.815075,1.0416815671315611,0.970420029230476,0.9057377049180327,1.3333333333333333,1
NA1_5084209647,2024-11-15 22:47:10.770940,0.9898216821839987,0.963191354100445,0.9044585987261147,0.875,1
NA1_5084209647,2024-11-15 22:47:10.770940,1.0102829812674372,1.038215299320177,1.1056338028169015,1.1428571428571428,0
NA1_5084163683,2024-11-15 22:47:11.724692,1.0390336784481733,1.0098875533152385,0.9867256637168141,1.5714285714285714,1
NA1_5084163683,2024-11-15 22:47:11.724692,0.9624327110296644,0.9902092532155884,1.0134529147982063,0.6363636363636364,0
NA1_5053890273,2024-11-15 22:47:12.649158,1.1183248907621515,1.098909818533085,1.0931372549019607,1.875,1
NA1_5053890273,2024-11-15 22:47:12.649158,0.8941945299263511,0.9099927793300474,0.9147982062780269,0.5333333333333333,0
NA1_5014718963,2024-11-15 22:47:13.666702,0.9666690714955631,1.0281785088310638,1.0895140664961638,0.8461538461538461,1
NA1_5014718963,2024-11-15 22:47:13.666702,1.0344801850884395,0.9725937581956464,0.9178403755868545,1.1818181818181819,0
NA1_5014713019,2024-11-15 22:47:14.722792,1.3298788913273185,1.1621213835766286,1.1702702702702703,1.8,1
NA1_5014713019,2024-11-15 22:47:14.722792,0.7519481710112154,0.8604953098120679,0.8545034642032333,0.5555555555555556,0
NA1_5014702438,2024-11-15 22:47:15.616167,0.7564819679223709,0.8656781645075698,0.8205128205128205,0.5,0
NA1_5014702438,2024-11-15 22:47:15.616167,1.3219085746966788,1.1551637097937402,1.21875,2.0,1
NA1_5012940968,2024-11-15 22:47:16.446456,1.2326452569555546,1.0889613733905579,1.3631284916201116,1.0909090909090908,1
NA1_5012940968,2024-11-15 22:47:16.446456,0.8112634144797239,0.9183062176819271,0.7336065573770492,0.9166666666666666,0
NA1_5012896511,2024-11-15 22:47:17.435801,0.8831064237775648,0.9390800228093519,0.9080962800875274,0.8571428571428571,0
NA1_5012896511,2024-11-15 22:47:17.435801,1.1323663525426673,1.0648719765205952,1.1012048192771084,1.1666666666666667,1
NA1_5012638118,2024-11-15 22:47:18.476837,0.8117107224096007,0.8794688457609806,0.772,0.125,0
NA1_5012638118,2024-11-15 22:47:18.476837,1.2319659854085132,1.1370499419279907,1.2953367875647668,8.0,1
NA1_5087605302,2024-11-15 22:47:19.390213,1.2991442926676087,1.2337902647180998,1.1156812339331619,2.3333333333333335,1
NA1_5087605302,2024-11-15 22:47:19.390213,0.7697374384385292,0.8105105288932419,0.8963133640552995,0.42857142857142855,0
NA1_5087583868,2024-11-15 22:47:20.278685,0.9844288552775637,0.9986876640419947,1.0475,0.8,1
NA1_5087583868,2024-11-15 22:47:20.278685,1.0158174403756641,1.0013140604467805,0.954653937947494,1.25,0
NA1_5087443425,2024-11-15 22:47:21.291290,0.8750468276402275,0.9832280912766028,1.1105398457583548,0.4666666666666667,1
NA1_5087443425,2024-11-15 22:47:21.291290,1.142795983498093,1.0170580040096504,0.9004629629629629,2.142857142857143,0
NA1_5098274189,2024-11-15 22:47:22.119283,1.2001205026682733,1.197586780368706,1.1570048309178744,2.25,1
NA1_5098274189,2024-11-15 22:47:22.119283,0.833249659327261,0.8350125572462698,0.8643006263048016,0.4444444444444444,0
NA1_5029317580,2024-11-15 22:47:23.051904,1.0202955799223592,1.032410277605566,1.1366120218579234,1.2,0
NA1_5029317580,2024-11-15 22:47:23.051904,0.9801081369734997,0.9686071726438699,0.8798076923076923,0.8333333333333334,1
NA1_5027153517,2024-11-15 22:47:24.001668,1.1667075463984957,1.1248201565077025,1.105263157894737,2.3333333333333335,1
NA1_5027153517,2024-11-15 22:47:24.001668,0.8571128241065171,0.8890310101703376,0.9047619047619048,0.42857142857142855,0
NA1_5098475775,2024-11-15 22:47:24.885778,1.0031680181029605,0.9961813375110153,1.0350467289719627,0.9,1
NA1_5098475775,2024-11-15 22:47:24.885778,0.9968419865408474,1.0038333005700806,0.9661399548532731,1.1111111111111112,0
NA1_5098438174,2024-11-15 22:47:25.783242,1.305925643953813,1.2085819018184432,1.1703703703703703,2.6666666666666665,1
NA1_5098438174,2024-11-15 22:47:25.783242,0.7657403808783522,0.8274159976211716,0.8544303797468354,0.375,0
NA1_5098394167,2024-11-15 22:47:26.709006,0.9818555659764808,0.9913315675415363,1.1212871287128714,0.7692307692307693,0
NA1_5098394167,2024-11-15 22:47:26.709006,1.0184797384180169,1.008744231236337,0.891832229580574,1.3,1
NA1_5099121104,2024-11-15 22:47:27.578483,1.1762989166482423,1.097475481970392,0.9642857142857143,2.5,1
NA1_5099121104,2024-11-15 22:47:27.578483,0.8501240508232464,0.9111820869151575,1.037037037037037,0.4,0
NA1_5099080868,2024-11-15 22:47:28.462616,0.9993310247127342,0.9786282306163022,1.0916230366492146,0.5384615384615384,0
NA1_5099080868,2024-11-15 22:47:28.462616,1.0006694231147863,1.0218384966988319,0.9160671462829736,1.8571428571428572,1
NA1_5098974735,2024-11-15 22:47:29.389543,0.966960174489054,0.9487144790257104,1.0117924528301887,0.5555555555555556,1
NA1_5098974735,2024-11-15 22:47:29.389543,1.0341687552213867,1.0540579090001427,0.9883449883449883,1.8,0
NA1_5007683897,2024-11-15 22:47:30.331517,0.9796500504400459,0.9658439697837978,0.9792626728110599,1.0,0
NA1_5007683897,2024-11-15 22:47:30.331517,1.0207726723954265,1.0353639213835417,1.0211764705882354,1.0,1
NA1_5006667653,2024-11-15 22:47:31.362424,0.937718320327016,1.0313642803017824,0.93058568329718,1.0,0
NA1_5006667653,2024-11-15 22:47:31.362424,1.0664183244828407,0.9695895224405047,1.0745920745920745,1.0,1
NA1_5006635165,2024-11-15 22:47:32.392929,0.9977678571428571,0.9939548629768942,0.9934065934065934,1.2857142857142858,0
NA1_5006635165,2024-11-15 22:47:32.392929,1.0022371364653244,1.0060819029598593,1.0066371681415929,0.7777777777777778,1
NA1_5016296883,2024-11-15 22:47:33.294934,1.0907185058128455,1.0566271456379401,0.9373549883990719,1.4444444444444444,0
NA1_5016296883,2024-11-15 22:47:33.294934,0.9168268390704176,0.9464076369117401,1.066831683168317,0.6923076923076923,1
NA1_5015048551,2024-11-15 22:47:34.167959,1.352417199773261,1.2119873378091628,1.276762402088773,1.6363636363636365,1
NA1_5015048551,2024-11-15 22:47:34.168974,0.7394168013891383,0.8250911282684193,0.7832310838445807,0.6111111111111112,0
NA1_5014106441,2024-11-15 22:47:35.122200,1.1209519626242863,1.0894790674708144,0.995260663507109,1.3333333333333333,1
NA1_5014106441,2024-11-15 22:47:35.122200,0.8920988885722428,0.9178698607963742,1.0047619047619047,0.75,0
NA1_5083565542,2024-11-15 22:47:36.230055,0.9022165588008451,0.9132623047257991,0.8880778588807786,1.0,1
NA1_5083565542,2024-11-15 22:47:36.230055,1.1083813417580375,1.0949756656169483,1.126027397260274,1.0,0
NA1_5083547205,2024-11-15 22:47:37.119202,0.9021793881594412,0.9688097551800884,0.7942386831275721,0.9333333333333333,0
NA1_5083547205,2024-11-15 22:47:37.119202,1.1084270081143452,1.0321943959101794,1.2590673575129534,1.0714285714285714,1
NA1_5083420041,2024-11-15 22:47:38.257906,0.9417127744719351,0.9109634342225442,0.9627039627039627,0.9285714285714286,0
NA1_5083420041,2024-11-15 22:47:38.257906,1.061894907989062,1.0977389019499377,1.0387409200968523,1.0769230769230769,1
NA1_5090577849,2024-11-15 22:47:39.128876,1.0336935530262563,1.0239597780859917,1.0532687651331718,0.6,0
NA1_5090577849,2024-11-15 22:47:39.128876,0.9674046984934611,0.9766008601131014,0.9494252873563218,1.6666666666666667,1
NA1_5090542979,2024-11-15 22:47:40.062912,1.1060835861139198,1.079543440501932,1.085427135678392,1.3333333333333333,0
NA1_5090542979,2024-11-15 22:47:40.062912,0.9040908052106346,0.9263175176489903,0.9212962962962963,0.75,1
NA1_5088044443,2024-11-15 22:47:41.067516,1.076889031946568,1.1173888416879072,1.0148514851485149,1.2222222222222223,0
NA1_5088044443,2024-11-15 22:47:41.067516,0.9286007846067625,0.8949436066404765,0.9853658536585366,0.8181818181818182,1
NA1_5095103894,2024-11-15 22:47:42.060907,1.2075823997402175,1.0921620543324508,1.15136476426799,1.5555555555555556,1
NA1_5095103894,2024-11-15 22:47:42.060907,0.8281008403361344,0.915615037194474,0.8685344827586207,0.6428571428571429,0
NA1_5095085046,2024-11-15 22:47:42.881905,0.7683931412409404,0.8196367617698204,0.7666666666666667,0.6,0
NA1_5095085046,2024-11-15 22:47:42.881905,1.3014171344437286,1.2200526460535104,1.3043478260869565,1.6666666666666667,1
NA1_5095003280,2024-11-15 22:47:43.747795,1.2445859872611464,1.0816901408450703,1.1822784810126583,1.5,1
NA1_5095003280,2024-11-15 22:47:43.747795,0.8034800409416581,0.9244791666666666,0.8458244111349036,0.6666666666666666,0
NA1_5098452875,2024-11-15 22:47:44.681699,0.8819823307873711,0.9181193310657596,0.9593908629441624,0.8461538461538461,0
NA1_5098452875,2024-11-15 22:47:44.681699,1.1338095618165855,1.089183035542006,1.0423280423280423,1.1818181818181819,1
NA1_5095170534,2024-11-15 22:47:45.753595,1.0049905482041588,0.9940449858781094,1.0509708737864079,0.7142857142857143,0
NA1_5095170534,2024-11-15 22:47:45.753595,0.995034233691972,1.0059906887580445,0.9515011547344111,1.4,1
NA1_5094873692,2024-11-15 22:47:46.704679,1.0287836960051966,1.0315292530770528,1.1066997518610422,1.4,1
NA1_5094873692,2024-11-15 22:47:46.704679,0.972021625034529,0.9694344557044786,0.9035874439461884,0.7142857142857143,0
NA1_5097771565,2024-11-15 22:47:47.628398,0.9922553025880522,0.9998347325973425,1.12565445026178,0.5714285714285714,1
NA1_5097771565,2024-11-15 22:47:47.628398,1.00780514590524,1.0001652947204867,0.8883720930232558,1.75,0
NA1_5097229601,2024-11-15 22:47:48.733767,1.279805753323182,1.0906663740765123,1.194736842105263,2.142857142857143,1
NA1_5097229601,2024-11-15 22:47:48.733767,0.7813685767573477,0.9168706616142986,0.8370044052863436,0.4666666666666667,0
NA1_5097187922,2024-11-15 22:47:49.672370,1.145106175250183,1.097034567467977,1.1518072289156627,2.0,1
NA1_5097187922,2024-11-15 22:47:49.672370,0.8732814664819354,0.9115483045425464,0.8682008368200836,0.5,0
NA1_5099116700,2024-11-15 22:47:50.668637,0.8982817599182165,0.9305892968695773,0.9118387909319899,0.75,0
NA1_5099116700,2024-11-15 22:47:50.668637,1.1132364527707257,1.0745879018423212,1.0966850828729282,1.3333333333333333,1
NA1_5092627839,2024-11-15 22:47:51.867463,0.9177203174241562,0.9845816511207016,0.9127358490566038,1.0,0
NA1_5092627839,2024-11-15 22:47:51.867463,1.0896565990897806,1.015659797094277,1.0956072351421189,1.0,1
NA1_5092610769,2024-11-15 22:47:52.783946,1.1212229077677582,1.084157861329948,1.0807291666666667,1.1,0
NA1_5092610769,2024-11-15 22:47:52.783946,0.8918833115806554,0.9223749009883941,0.9253012048192771,0.9090909090909091,1
NA1_5093763805,2024-11-15 22:47:53.688541,0.9799952651515151,0.9935319548242233,1.1645569620253164,0.4166666666666667,1
NA1_5093763805,2024-11-15 22:47:53.688541,1.0204130933687643,1.00651015314039,0.8586956521739131,2.4,0
NA1_5093754125,2024-11-15 22:48:00.071223,1.2422287134324455,1.1666855182294613,1.254335260115607,1.8571428571428572,1
NA1_5093754125,2024-11-15 22:48:00.071223,0.805004738005826,0.8571290072388832,0.7972350230414746,0.5384615384615384,0
NA1_5093736690,2024-11-15 22:48:00.989458,1.0045572916666667,1.0596523202018786,0.9164835164835164,1.6,0
NA1_5093736690,2024-11-15 22:48:00.989458,0.9954633830200907,0.94370576172521,1.091127098321343,0.625,1
NA1_5083704073,2024-11-15 22:48:01.970525,0.8644295731804937,0.8937266911251933,0.9436936936936937,0.631578947368421,1
NA1_5083704073,2024-11-15 22:48:01.970525,1.156832240619328,1.1189102999050076,1.0596658711217184,1.5833333333333333,0
NA1_5079561400,2024-11-15 22:48:02.986999,1.287726189978687,1.1047300719132989,1.0367170626349893,4.25,1
NA1_5079561400,2024-11-15 22:48:02.986999,0.7765626014149413,0.9051984963784725,0.9645833333333333,0.23529411764705882,0
NA1_5079554837,2024-11-15 22:48:03.812644,0.7945452652763801,0.8820442254152133,0.7889344262295082,0.7777777777777778,0
NA1_5079554837,2024-11-15 22:48:03.812644,1.2585815355052843,1.1337300003628052,1.2675324675324675,1.2857142857142858,1
NA1_5056863648,2024-11-15 22:48:04.780156,0.9569937369519833,0.916249153689912,0.8442437923250564,0.6363636363636364,1
NA1_5056863648,2024-11-15 22:48:04.780156,1.0449389179755673,1.0914061922707456,1.1844919786096257,1.5714285714285714,0
NA1_5055279201,2024-11-15 22:48:05.777552,1.1454062707430401,1.1031138501459616,1.2352941176470589,1.1818181818181819,1
NA1_5055279201,2024-11-15 22:48:05.777552,0.873052667462076,0.9065247434502631,0.8095238095238095,0.8461538461538461,0
NA1_5054413539,2024-11-15 22:48:06.850887,1.0624826244092298,1.0423169369308372,1.080939947780679,0.8888888888888888,1
NA1_5054413539,2024-11-15 22:48:06.850887,0.9411918623667168,0.9594010848030141,0.9251207729468599,1.125,0
NA1_5096046826,2024-11-15 22:48:07.716672,0.9258508167102983,0.9002457002457003,0.9749478079331941,0.7,0
NA1_5096046826,2024-11-15 22:48:07.716672,1.0800876144962166,1.1108078602620088,1.025695931477516,1.4285714285714286,1
NA1_5094796522,2024-11-15 22:48:08.587466,1.0243376704812666,0.9875392564076588,1.16580310880829,0.6363636363636364,0
NA1_5094796522,2024-11-15 22:48:08.587466,0.9762405784902628,1.0126179729175215,0.8577777777777778,1.5714285714285714,1
NA1_5094764401,2024-11-15 22:48:33.140763,0.9258386149327562,1.0114295462299556,0.9539473684210527,0.8571428571428571,0
NA1_5094764401,2024-11-15 22:48:33.140763,1.0801018491463872,0.9886996120762355,1.0482758620689656,1.1666666666666667,1
NA1_5067892269,2024-11-15 22:48:33.901899,0.7488323534260124,0.8644305725635435,0.6937901498929336,0.7272727272727273,0
NA1_5067892269,2024-11-15 22:48:33.901899,1.335412386263575,1.1568309031856816,1.441358024691358,1.375,1
NA1_5067843011,2024-11-15 22:48:35.012815,1.1649595273717728,1.0780123392551848,1.0162162162162163,1.4615384615384615,0
NA1_5067843011,2024-11-15 22:48:35.012815,0.8583989198801331,0.9276331666953973,0.9840425531914894,0.6842105263157895,1
NA1_5067776342,2024-11-15 22:48:36.214584,1.0320853640525771,1.053871260809583,0.9851851851851852,1.4444444444444444,1
NA1_5067776342,2024-11-15 22:48:36.214584,0.9689121024576969,0.9488825031928481,1.0150375939849625,0.6923076923076923,0
NA1_5079026295,2024-11-15 22:48:37.195643,1.0082356546387803,1.0201750675213954,0.9882903981264637,1.5,1
NA1_5079026295,2024-11-15 22:48:37.195643,0.9918316173397668,0.9802239163025103,1.0118483412322274,0.6666666666666666,0
NA1_5078087605,2024-11-15 22:48:38.369914,0.9829099143726558,0.9953486869730934,1.0070754716981132,1.2307692307692308,0
NA1_5078087605,2024-11-15 22:48:38.369914,1.0173872349616617,1.0046730488398508,0.9929742388758782,0.8125,1
NA1_5078053744,2024-11-15 22:48:39.190092,1.139334470989761,1.0211091596865711,1.1408114558472553,1.6666666666666667,1
NA1_5078053744,2024-11-15 22:48:39.190092,0.8777053845577772,0.9793272252174776,0.8765690376569037,0.6,0
NA1_5092996600,2024-11-15 22:48:40.025028,0.9913186297512905,0.9302606868892638,0.8808933002481389,0.8333333333333334,1
NA1_5092996600,2024-11-15 22:48:40.025028,1.008757396449704,1.074967494696503,1.1352112676056338,1.2,0
NA1_5086241708,2024-11-15 22:48:40.874620,1.2234444975868517,1.1299572039942938,1.1806282722513088,1.5714285714285714,1
NA1_5086241708,2024-11-15 22:48:40.874620,0.8173644182244652,0.884989269031688,0.8470066518847007,0.6363636363636364,0
NA1_5086219010,2024-11-15 22:48:41.682760,1.3330305389739596,1.1405991165102154,1.2173913043478262,2.6666666666666665,1
NA1_5086219010,2024-11-15 22:48:41.682760,0.7501703605153,0.876732223903177,0.8214285714285714,0.375,0
NA1_5098113516,2024-11-15 22:48:42.776873,1.054492728531856,1.058977676054002,1.1225961538461537,1.1666666666666667,1
NA1_5098113516,2024-11-15 22:48:42.776873,0.9483232771005213,0.9443069694596711,0.8907922912205567,0.8571428571428571,0
NA1_5097991773,2024-11-15 22:48:44.224492,1.0391536154615129,0.9929162159332798,1.0052083333333333,1.0,1
NA1_5097991773,2024-11-15 22:48:44.224492,0.9623216289882957,1.0071343220636817,0.9948186528497409,1.0,0
NA1_5086035875,2024-11-15 22:48:45.102926,1.2351531747390039,1.170996640537514,0.9882352941176471,2.3333333333333335,1
NA1_5086035875,2024-11-15 22:48:45.102926,0.8096161840099765,0.8539734149373626,1.0119047619047619,0.42857142857142855,0
NA1_5084586780,2024-11-15 22:48:46.023850,0.966106346483705,0.9536268609439341,0.9072847682119205,0.8,1
NA1_5084586780,2024-11-15 22:48:46.023850,1.0350827356011647,1.0486281804291504,1.102189781021898,1.25,0
NA1_5084566512,2024-11-15 22:48:46.910420,1.126495794004976,1.106692227256884,1.0709046454767726,1.5555555555555556,1
NA1_5084566512,2024-11-15 22:48:46.910420,0.8877085962698079,0.90359358760354,0.9337899543378996,0.6428571428571429,0
NA1_5096846580,2024-11-15 22:48:47.892233,0.8803381234150465,0.9343804299683145,0.9122807017543859,0.6666666666666666,1
NA1_5096846580,2024-11-15 22:48:47.892233,1.1359271777538793,1.0702278942570647,1.0961538461538463,1.5,0
NA1_5092263346,2024-11-15 22:48:48.748291,1.1766652702136573,1.023203439568689,1.1023255813953488,1.5714285714285714,0
NA1_5092263346,2024-11-15 22:48:48.748291,0.8498593655427777,0.9773227506169546,0.9071729957805907,0.6363636363636364,1
NA1_5092168660,2024-11-15 22:48:49.686432,1.1784295494886317,1.1037625447710913,1.0926365795724466,1.8333333333333333,1
NA1_5092168660,2024-11-15 22:48:49.686432,0.8485870032993832,0.905991967871486,0.9152173913043479,0.5454545454545454,0
NA1_5098768827,2024-11-15 22:48:50.374671,1.251622605667247,1.215305181633782,1.4183381088825215,1.75,1
NA1_5098768827,2024-11-15 22:48:50.374671,0.7989628786441535,0.8228385882924165,0.705050505050505,0.5714285714285714,0
NA1_5098741509,2024-11-15 22:48:51.278114,0.9693190129730146,0.9464950897392482,0.8897795591182365,0.75,1
NA1_5098741509,2024-11-15 22:48:51.278114,1.0316521048451153,1.0565295169946334,1.1238738738738738,1.3333333333333333,0
NA1_5098691022,2024-11-15 22:48:52.170780,1.1190985485103133,1.0696694860559122,1.0785714285714285,1.1,0
NA1_5098691022,2024-11-15 22:48:52.170780,0.8935763533346986,0.9348682121308352,0.9271523178807947,0.9090909090909091,1
NA1_5096318915,2024-11-15 22:48:53.182480,1.3128146972102517,1.1050854762246805,1.0448877805486285,5.0,1
NA1_5096318915,2024-11-15 22:48:53.182480,0.7617221243218962,0.9049073773155671,0.9570405727923628,0.2,0
NA1_5096179525,2024-11-15 22:48:53.942354,0.8083472212158539,0.8833165639542196,0.9020833333333333,0.2222222222222222,0
NA1_5096179525,2024-11-15 22:48:53.942354,1.2370921477231982,1.1320969636564269,1.1085450346420322,4.5,1
NA1_5096161281,2024-11-15 22:48:54.864779,1.256373154019662,1.107833199342864,1.123076923076923,1.875,1
NA1_5096161281,2024-11-15 22:48:54.864779,0.7959418718878086,0.9026629645989778,0.8904109589041096,0.5333333333333333,0
NA1_5053014329,2024-11-15 22:48:55.731087,0.978803738317757,0.9329607174434761,0.9688995215311005,0.6428571428571429,0
NA1_5053014329,2024-11-15 22:48:55.731087,1.0216552725050605,1.0718564900998477,1.0320987654320988,1.5555555555555556,1
NA1_5052849065,2024-11-15 22:48:56.662884,1.08792225821379,1.0102282192237215,1.0970149253731343,1.1111111111111112,0
NA1_5052849065,2024-11-15 22:48:56.662884,0.9191833262441514,0.989875338038388,0.9115646258503401,0.9,1
NA1_5052748623,2024-11-15 22:48:57.574503,0.9078720345075485,0.9802907198171893,0.9172113289760349,1.0909090909090908,1
NA1_5052748623,2024-11-15 22:48:57.574503,1.1014768183077959,1.0201055460225985,1.0902612826603326,0.9166666666666666,0
NA1_5085143726,2024-11-15 22:48:58.326070,0.816602459623648,0.824420761419724,0.8741418764302059,0.4,0
NA1_5085143726,2024-11-15 22:48:58.326070,1.2245860739396688,1.2129728492983527,1.143979057591623,2.5,1
NA1_5085100485,2024-11-15 22:48:59.206769,0.8521419033527012,0.9412641527385748,1.0146341463414634,0.4,1
NA1_5085100485,2024-11-15 22:48:59.206769,1.1735134677282737,1.0624010242932713,0.9855769230769231,2.5,0
NA1_5083242401,2024-11-15 22:49:00.158396,0.9821168944460599,1.027264591190948,0.9265658747300216,0.9090909090909091,1
NA1_5083242401,2024-11-15 22:49:00.158396,1.0182087342709105,0.973459037306699,1.0792540792540792,1.1,0
NA1_5023064456,2024-11-15 22:49:01.176284,1.0102498907472885,1.0512648460041603,1.0116550116550116,1.0,1
NA1_5023064456,2024-11-15 22:49:01.176284,0.9898541035825239,0.9512350801046786,0.988479262672811,1.0,0
NA1_5023040681,2024-11-15 22:49:02.185771,1.0381703470031545,0.9883610772770334,1.0911161731207288,1.5,1
NA1_5023040681,2024-11-15 22:49:02.185771,0.9632330598602249,1.0117759824729564,0.9164926931106472,0.6666666666666666,0
NA1_5022306445,2024-11-15 22:49:03.246245,0.9426432962920533,0.9620822817526682,0.8770491803278688,0.7142857142857143,0
NA1_5022306445,2024-11-15 22:49:03.246245,1.0608466680170143,1.0394121365360303,1.1401869158878504,1.4,1
NA1_5069313636,2024-11-15 22:49:04.116724,1.010194135326131,1.0139551192145864,1.0,0.6666666666666666,1
NA1_5069313636,2024-11-15 22:49:04.116724,0.9899087363808146,0.9862369458468774,1.0,1.5,0
NA1_5068923843,2024-11-15 22:49:04.850948,0.8200568276784223,0.8751481267661269,0.9287356321839081,0.6666666666666666,0
NA1_5068923843,2024-11-15 22:49:04.850948,1.2194276862872981,1.1426637039094507,1.0767326732673268,1.5,1
NA1_5067987732,2024-11-15 22:49:05.882115,0.9246054491956132,0.9196020985214962,1.0023866348448687,0.8888888888888888,1
NA1_5067987732,2024-11-15 22:49:05.882115,1.0815424037030914,1.0874268355930947,0.9976190476190476,1.125,0
NA1_5099275953,2024-11-15 22:49:07.085417,0.9371534912573178,0.9639636573995304,0.9471153846153846,0.7,0
NA1_5099275953,2024-11-15 22:49:07.085417,1.067061062386232,1.0373835074837616,1.0558375634517767,1.4285714285714286,1
NA1_5099121983,2024-11-15 22:49:08.087493,0.902725248312184,0.9704535996670828,0.9847494553376906,0.35714285714285715,0
NA1_5099121983,2024-11-15 22:49:08.087493,1.1077567641646109,1.0304459691252144,1.0154867256637168,2.8,1
NA1_5098854587,2024-11-15 22:49:09.060647,1.2021633554083886,1.0678496134926212,1.2284263959390862,2.0,1
NA1_5098854587,2024-11-15 22:49:09.060647,0.831833706709758,0.9364614524036722,0.8140495867768595,0.5,0
NA1_5095741212,2024-11-15 22:49:09.952080,1.3640377456497272,1.1695038724024232,1.1486880466472302,2.25,1
NA1_5095741212,2024-11-15 22:49:09.952080,0.7331175425234832,0.8550634363833065,0.8705583756345178,0.4444444444444444,0
NA1_5095703224,2024-11-15 22:49:10.758056,1.0423255209461508,1.0330922561298288,1.0761421319796953,1.1428571428571428,1
NA1_5095703224,2024-11-15 22:49:10.758056,0.9593931837073981,0.9679677628658266,0.9292452830188679,0.875,0
NA1_5095132521,2024-11-15 22:49:11.794078,0.9787511725600555,1.0162615484266866,1.0396039603960396,0.7777777777777778,0
NA1_5095132521,2024-11-15 22:49:11.794078,1.021710142511876,0.9839986581683998,0.9619047619047619,1.2857142857142858,1
NA1_5099258217,2024-11-15 22:49:12.849028,0.8768370040581538,0.9517861939296266,0.8657407407407407,0.8571428571428571,1
NA1_5099258217,2024-11-15 22:49:12.849028,1.140462817344417,1.050656130943982,1.1550802139037433,1.1666666666666667,0
NA1_5098608371,2024-11-15 22:49:13.747893,1.2816540570833834,1.150543324865933,1.2040816326530612,3.1666666666666665,1
NA1_5098608371,2024-11-15 22:49:13.747893,0.7802417465721335,0.8691545797430315,0.8305084745762712,0.3157894736842105,0
NA1_5098111155,2024-11-15 22:49:14.685407,1.0232452142206017,0.9562891796129735,1.0,0.8,0
NA1_5098111155,2024-11-15 22:49:14.685407,0.97728285077951,1.0457087890555417,1.0,1.25,1
NA1_5094849107,2024-11-15 22:49:15.616695,0.9920793730198433,1.0564020224104946,1.164490861618799,0.5714285714285714,1
NA1_5094849107,2024-11-15 22:49:15.616695,1.007983864190268,0.9466093199236814,0.8587443946188341,1.75,0
NA1_5094819625,2024-11-15 22:49:16.608618,1.100511296595726,0.9759168743728353,0.9665924276169265,2.6666666666666665,1
NA1_5094819625,2024-11-15 22:49:16.608618,0.9086685462415122,1.0246774354041592,1.0345622119815667,0.375,0
NA1_5094730894,2024-11-15 22:49:17.790533,0.9734157311588109,0.9403897463609038,0.9770992366412213,0.9230769230769231,0
NA1_5094730894,2024-11-15 22:49:17.790533,1.0273102930127724,1.0633888809079155,1.0234375,1.0833333333333333,1
NA1_5092276494,2024-11-15 22:49:18.811222,0.8709150326797386,0.9661073938334286,0.9121951219512195,0.5833333333333334,0
NA1_5092276494,2024-11-15 22:49:18.811222,1.148217636022514,1.0350816134757943,1.0962566844919786,1.7142857142857142,1
NA1_5092245257,2024-11-15 22:49:19.731526,0.8788460171960492,0.9148060121179661,0.9502487562189055,0.5333333333333333,0
NA1_5092245257,2024-11-15 22:49:19.731526,1.1378557567917205,1.0931279274004684,1.0523560209424083,1.875,1
NA1_5092385690,2024-11-15 22:49:21.036085,0.7715450935498873,0.8787032579040283,0.7309417040358744,0.35714285714285715,0
NA1_5092385690,2024-11-15 22:49:21.036085,1.2961005239486252,1.1380406195207482,1.3680981595092025,2.8,1
NA1_5092367313,2024-11-15 22:49:22.044983,1.0381455611450907,0.9964590163934426,1.037593984962406,0.7857142857142857,1
NA1_5092367313,2024-11-15 22:49:22.044983,0.9632560571727383,1.0035535667280864,0.9637681159420289,1.2727272727272727,0
NA1_5002698161,2024-11-15 22:49:23.567276,1.0183688971756095,1.004896828881159,1.0479616306954436,1.0,1
NA1_5002698161,2024-11-15 22:49:23.567276,0.9819624330372279,0.9951270332033876,0.954233409610984,1.0,0
NA1_5080307873,2024-11-15 22:49:24.558267,0.8333449162554729,0.9245905609541973,0.9711111111111111,0.875,0
NA1_5080307873,2024-11-15 22:49:24.558267,1.1999833208239512,1.081559819265274,1.0297482837528604,1.1428571428571428,1
NA1_5080268746,2024-11-15 22:49:28.516500,0.9440426067868581,1.09819519887857,1.0172910662824208,0.8333333333333334,0
NA1_5080268746,2024-11-15 22:49:28.516500,1.0592742242890905,0.9105849315505632,0.9830028328611898,1.2,1
NA1_5080210713,2024-11-15 22:49:29.515802,1.2679257624069986,1.1017543859649124,1.5275862068965518,0.8235294117647058,1
NA1_5080210713,2024-11-15 22:49:29.515802,0.7886897085375291,0.9076433121019108,0.654627539503386,1.2142857142857142,0
NA1_5097844147,2024-11-15 22:49:30.364825,0.8333772639981926,0.9345831408013731,0.8277404921700223,0.6666666666666666,0
NA1_5097844147,2024-11-15 22:49:30.364825,1.1999367431772998,1.069995762113293,1.2081081081081082,1.5,1
NA1_5097814278,2024-11-15 22:49:31.172519,0.9138363427916308,0.9550706862048932,1.0952380952380953,0.5,0
NA1_5097814278,2024-11-15 22:49:31.172519,1.0942878425530247,1.0470429199053735,0.9130434782608695,2.0,1
NA1_5092015292,2024-11-15 22:49:32.130162,1.0683488754799781,1.0564082637134902,1.0148148148148148,0.9285714285714286,0
NA1_5092015292,2024-11-15 22:49:32.130162,0.9360238241938796,0.9466037273173125,0.9854014598540146,1.0769230769230769,1
NA1_5087046248,2024-11-15 22:49:33.201559,0.8640499000620304,0.9530862607463696,0.8792710706150342,0.7857142857142857,0
NA1_5087046248,2024-11-15 22:49:33.201559,1.157340565548598,1.049222972972973,1.1373056994818653,1.2727272727272727,1
NA1_5084358898,2024-11-15 22:49:34.124396,0.8578431372549019,0.8580888704053232,0.8588235294117647,0.6666666666666666,0
NA1_5084358898,2024-11-15 22:49:34.124396,1.1657142857142857,1.1653804570704247,1.1643835616438356,1.5,1
NA1_5038291435,2024-11-15 22:49:35.067214,1.0620149168969826,1.0133475534871696,1.028169014084507,0.9,0
NA1_5038291435,2024-11-15 22:49:35.067214,0.9416063598445689,0.9868282570562908,0.9726027397260274,1.1111111111111112,1
NA1_5097094493,2024-11-15 22:49:36.104585,1.1401468000171695,1.0400574249798662,1.0900473933649288,1.7142857142857142,1
NA1_5097094493,2024-11-15 22:49:36.104585,0.8770800391536782,0.9614853718479615,0.9173913043478261,0.5833333333333334,0
NA1_5097048631,2024-11-15 22:49:37.044510,0.8894463421577,0.9332486906840184,0.9174528301886793,0.8571428571428571,0
NA1_5097048631,2024-11-15 22:49:37.044510,1.1242949153898467,1.0715257465478538,1.0899742930591259,1.1666666666666667,1
NA1_5092601230,2024-11-15 22:49:37.987086,1.02742950062048,1.0251337704423844,1.0702247191011236,1.125,1
NA1_5092601230,2024-11-15 22:49:37.987086,0.9733027905039567,0.9754824480793972,0.9343832020997376,0.8888888888888888,0
NA1_5032411879,2024-11-15 22:49:38.883264,0.9490599890787113,0.9626778783958603,0.9769585253456221,0.6,1
NA1_5032411879,2024-11-15 22:49:38.883264,1.0536741739273385,1.0387690653766042,1.0235849056603774,1.6666666666666667,0
NA1_5030474825,2024-11-15 22:49:39.972482,1.0539119987986185,0.9893805914088643,0.8823529411764706,1.1666666666666667,1
NA1_5030474825,2024-11-15 22:49:39.972482,0.9488458250213736,1.0107333908541847,1.1333333333333333,0.8571428571428571,0
NA1_5030451050,2024-11-15 22:49:41.334582,0.7583017936481816,0.8657848667574402,0.8618925831202046,0.42857142857142855,0
NA1_5030451050,2024-11-15 22:49:41.334582,1.318736165965019,1.1550213435183105,1.1602373887240356,2.3333333333333335,1
NA1_5028373478,2024-11-15 22:49:42.222583,1.1644874899112188,1.0773180963402285,1.180821917808219,1.6666666666666667,1
NA1_5028373478,2024-11-15 22:49:42.222583,0.8587468810645966,0.9282309499832159,0.8468677494199536,0.6,0
NA1_5024558472,2024-11-15 22:49:43.062619,1.0361523303977158,1.0632307325220711,0.9488372093023256,1.25,0
NA1_5024558472,2024-11-15 22:49:43.062619,0.965109058449119,0.9405296229802513,1.053921568627451,0.8,1
NA1_5024545661,2024-11-15 22:49:43.802587,1.210870210870211,1.1445658751913423,1.0853658536585367,2.2857142857142856,1
NA1_5024545661,2024-11-15 22:49:43.802587,0.8258523424086338,0.8736937049017168,0.9213483146067416,0.4375,0
NA1_5079333142,2024-11-15 22:49:44.659274,1.21690624329543,1.0602774088829865,1.0190217391304348,2.142857142857143,1
NA1_5079333142,2024-11-15 22:49:44.659274,0.8217559943582511,0.9431493980933825,0.9813333333333333,0.4666666666666667,0
NA1_5079285340,2024-11-15 22:49:45.575437,1.0994873985476292,1.0400684012875536,1.1170731707317074,1.6666666666666667,0
NA1_5079285340,2024-11-15 22:49:45.575437,0.9095147441625548,0.9614752248621813,0.8951965065502183,0.6,1
NA1_5045580688,2024-11-15 22:49:46.569981,1.2211421116862349,1.0414414414414415,1.0520833333333333,2.142857142857143,1
NA1_5045580688,2024-11-15 22:49:46.569981,0.8189055069267351,0.9602076124567474,0.9504950495049505,0.4666666666666667,0
NA1_5025494527,2024-11-15 22:49:47.530963,1.1402310069952823,1.0164238928536513,1.062953995157385,1.4,1
NA1_5025494527,2024-11-15 22:49:47.530963,0.8770152660864603,0.9838414927382899,0.9407744874715261,0.7142857142857143,0
NA1_5021620704,2024-11-15 22:49:48.397194,1.0327895529067166,0.9929487840952086,1.0463917525773196,1.0,1
NA1_5021620704,2024-11-15 22:49:48.397194,0.9682514672864064,1.007101288624082,0.9556650246305419,1.0,0
NA1_5096160896,2024-11-15 22:49:49.903496,0.9529011461318052,0.96891377233814,0.9486552567237164,1.0769230769230769,0
NA1_5096160896,2024-11-15 22:49:49.903496,1.0494267994737831,1.032083585298663,1.0541237113402062,0.9285714285714286,1
NA1_5096126409,2024-11-15 22:49:50.912868,1.1662102473498233,1.1469558877141814,1.0585585585585586,1.75,1
NA1_5096126409,2024-11-15 22:49:50.912868,0.8574783168579329,0.8718731127427609,0.9446808510638298,0.5714285714285714,0
NA1_5096098697,2024-11-15 22:49:51.823073,0.9592395270763392,1.011223420438795,0.9243902439024391,1.2222222222222223,0
NA1_5096098697,2024-11-15 22:49:51.823073,1.0424924867805379,0.9889011466586434,1.0817941952506596,0.8181818181818182,1
NA1_5096878079,2024-11-15 22:49:52.627429,0.9484377995016293,0.9321717682772578,1.1519607843137254,0.3333333333333333,0
NA1_5096878079,2024-11-15 22:49:52.627429,1.0543654001616816,1.0727636622680552,0.8680851063829788,3.0,1
NA1_5096832999,2024-11-15 22:49:54.033943,1.0390466118929471,0.9499299486289946,0.8394495412844036,1.0,1
NA1_5096832999,2024-11-15 22:49:54.033943,0.9624207312299381,1.052709203918952,1.1912568306010929,1.0,0
NA1_5078496443,2024-11-15 22:49:55.025130,0.9233628717332533,0.9329317269076305,0.8979166666666667,0.4444444444444444,0
NA1_5078496443,2024-11-15 22:49:55.025130,1.0829978447399455,1.0718897976754198,1.1136890951276102,2.25,1
NA1_5078491142,2024-11-15 22:49:55.878987,1.0585570018815036,1.0295354322633576,1.081151832460733,1.8,1
NA1_5078491142,2024-11-15 22:49:55.878987,0.9446822402785838,0.9713118836537503,0.9249394673123487,0.5555555555555556,0
NA1_5078478688,2024-11-15 22:49:56.739636,1.0993020437163037,1.0880255807115555,1.0493827160493827,2.75,1
NA1_5078478688,2024-11-15 22:49:56.739636,0.9096680986959662,0.9190960375637605,0.9529411764705882,0.36363636363636365,0
NA1_5098207333,2024-11-15 22:49:57.791292,1.0853903892285073,1.1028544722461893,1.1479452054794521,1.0833333333333333,1
NA1_5098207333,2024-11-15 22:49:57.791292,0.9213274872562649,0.9067379469961209,0.8711217183770883,0.9230769230769231,0
NA1_5098166963,2024-11-15 22:49:58.638803,1.4047975370932568,1.2382141103290227,1.38125,1.75,1
NA1_5098166963,2024-11-15 22:49:58.638803,0.7118463505204846,0.807614766830816,0.7239819004524887,0.5714285714285714,0
NA1_5092583974,2024-11-15 22:50:11.149980,1.0236503426374728,1.0692189786107433,0.9664268585131894,1.6,1
NA1_5092583974,2024-11-15 22:50:11.149980,0.9768960731488284,0.9352621118821881,1.034739454094293,0.625,0
NA1_5072938164,2024-11-15 22:50:12.036023,0.8658493121391404,0.9472794643437561,0.9758454106280193,0.6666666666666666,0
NA1_5072938164,2024-11-15 22:50:12.036023,1.1549353749897093,1.0556546802086193,1.0247524752475248,1.5,1
NA1_5072879876,2024-11-15 22:50:13.163273,0.9055201698513801,0.9341537638364044,0.9277899343544858,0.42857142857142855,1
NA1_5072879876,2024-11-15 22:50:13.163273,1.104337631887456,1.0704875778621035,1.0778301886792452,2.3333333333333335,0
NA1_5015936113,2024-11-15 22:50:14.012975,1.121019677996422,1.0212347892033506,1.179746835443038,1.2,1
NA1_5015936113,2024-11-15 22:50:14.012975,0.8920450011968404,0.9792067510548523,0.8476394849785408,0.8333333333333334,0
NA1_5015896059,2024-11-15 22:50:14.993877,1.0945930734306406,1.141413085154589,1.0096852300242132,1.5,0
NA1_5015896059,2024-11-15 22:50:14.993877,0.913581516522693,0.8761070054357785,0.9904076738609112,0.6666666666666666,1
NA1_5015633893,2024-11-15 22:50:15.961491,0.8892082842695851,0.9202961253725603,0.8652291105121294,0.75,0
NA1_5015633893,2024-11-15 22:50:15.961491,1.1245959104186953,1.0866067697450899,1.1557632398753894,1.3333333333333333,1
NA1_5093952253,2024-11-15 22:50:16.822578,1.198103623433796,1.0772643653284277,1.0,1.9,1
NA1_5093952253,2024-11-15 22:50:16.822578,0.8346523459581685,0.9282772476142642,1.0,0.5263157894736842,0
NA1_5088397518,2024-11-15 22:50:17.609627,0.8513806265259104,0.9830475511328645,0.995260663507109,0.42857142857142855,0
NA1_5088397518,2024-11-15 22:50:17.609627,1.1745627852498082,1.0172447902927988,1.0047619047619047,2.3333333333333335,1
NA1_5025600594,2024-11-15 22:50:18.524371,1.0068980021030494,0.939349457881568,1.0670241286863271,1.2222222222222223,0
NA1_5025600594,2024-11-15 22:50:18.524371,0.9931492543548185,1.0645665376282984,0.9371859296482412,0.8181818181818182,1
NA1_5098205919,2024-11-15 22:50:34.846182,0.6052899287894201,0.6809577165772247,0.6079295154185022,0.2,0
NA1_5098205919,2024-11-15 22:50:34.846182,1.6521008403361344,1.4685199618948646,1.644927536231884,5.0,1
NA1_5095546090,2024-11-15 22:50:36.432077,1.0340554800543609,0.9642893035409199,1.0586666666666666,0.8461538461538461,0
NA1_5095546090,2024-11-15 22:50:36.432077,0.9670660997294163,1.0370331770019108,0.9445843828715366,1.1818181818181819,1
NA1_5095739233,2024-11-15 22:50:37.333121,0.9008146055917148,0.9694805799621223,0.9042553191489362,0.16666666666666666,0
NA1_5095739233,2024-11-15 22:50:37.333121,1.1101063346360083,1.0314801767757638,1.1058823529411765,6.0,1
NA1_5094420700,2024-11-15 22:50:38.212465,1.3321315052896248,1.209680952033292,1.1384248210023866,4.5,1
NA1_5094420700,2024-11-15 22:50:38.212465,0.7506766381766382,0.8266642525197658,0.8784067085953878,0.2222222222222222,0
NA1_5094299777,2024-11-15 22:50:39.077041,1.222047778673569,1.1127712823577751,0.9603174603174603,1.75,1
NA1_5094299777,2024-11-15 22:50:39.077041,0.8182986111111111,0.8986572675394428,1.0413223140495869,0.5714285714285714,0
NA1_5081602291,2024-11-15 22:50:39.989731,0.9387343532684284,1.0174144351835432,1.054054054054054,0.75,0
NA1_5081602291,2024-11-15 22:50:39.989731,1.0652640936365656,0.9828836366171652,0.9487179487179487,1.3333333333333333,1
NA1_5081589304,2024-11-15 22:50:40.987956,1.0757963702086,0.9832699363786312,0.9342723004694836,0.8,1
NA1_5081589304,2024-11-15 22:50:40.987956,0.9295439431591473,1.0170147209859637,1.07035175879397,1.25,0
NA1_5074839457,2024-11-15 22:50:41.935770,0.8462014012913862,0.8814659685863875,0.8627906976744186,0.6923076923076923,1
NA1_5074839457,2024-11-15 22:50:41.935770,1.1817517655653869,1.1344737467331907,1.1590296495956873,1.4444444444444444,0
NA1_5035049372,2024-11-15 22:50:42.767566,1.1229072601590282,1.1431378741621925,1.2426666666666666,1.25,1
NA1_5035049372,2024-11-15 22:50:42.767566,0.8905454933636978,0.8747851178781926,0.8047210300429185,0.8,0
NA1_5034700615,2024-11-15 22:50:43.702969,1.0908193859349502,1.050011584417304,1.0984042553191489,1.8888888888888888,1
NA1_5034700615,2024-11-15 22:50:43.702969,0.9167420499617285,0.9523704450888917,0.910411622276029,0.5294117647058824,0
NA1_5034211070,2024-11-15 22:50:44.762863,0.8198540972265895,0.9202005955179439,0.7472527472527473,0.625,0
NA1_5034211070,2024-11-15 22:50:44.762863,1.21972922180033,1.086719574917402,1.338235294117647,1.6,1
NA1_5006640814,2024-11-15 22:50:45.659857,1.1286952844153098,0.9989440337909187,0.9629629629629629,2.3333333333333335,1
NA1_5006640814,2024-11-15 22:50:45.659857,0.8859787170263789,1.0010570824524312,1.0384615384615385,0.42857142857142855,0
NA1_5005622258,2024-11-15 22:50:46.408969,0.9247761194029851,0.9967080811298715,1.074792243767313,0.375,0
NA1_5005622258,2024-11-15 22:50:46.408969,1.0813428018076179,1.003302791391434,0.9304123711340206,2.6666666666666665,1
NA1_5005609900,2024-11-15 22:50:47.420010,1.0351814400732628,1.113134887593672,1.0493506493506493,1.0,0
NA1_5005609900,2024-11-15 22:50:47.420010,0.9660142283165616,0.8983637213651239,0.9529702970297029,1.0,1
NA1_5085686650,2024-11-15 22:50:48.283343,0.9785941335050095,0.9867491760274433,1.0358851674641147,0.625,0
NA1_5085686650,2024-11-15 22:50:48.283343,1.0218741005715226,1.0134287661895023,0.9653579676674365,1.6,1
NA1_5078095928,2024-11-15 22:50:49.296209,1.0428111460031004,1.0499435392805292,1.0556792873051224,1.6666666666666667,1
NA1_5078095928,2024-11-15 22:50:49.296209,0.9589464054280704,0.9524321666717881,0.9472573839662447,0.6,0
NA1_5075810386,2024-11-15 22:50:50.260319,0.8782095766828591,0.9485419687449653,0.9760765550239234,0.5,0
NA1_5075810386,2024-11-15 22:50:50.260319,1.1386803634926905,1.0542496093484612,1.0245098039215685,2.0,1
NA1_5097691735,2024-11-15 22:50:51.177427,1.0413637503133617,0.9717090909090909,0.9226804123711341,0.9,0
NA1_5097691735,2024-11-15 22:50:51.177427,0.9602792489167068,1.0291145872314946,1.0837988826815643,1.1111111111111112,1
NA1_5097120203,2024-11-15 22:50:51.973451,1.38440962934658,1.2089982695635455,1.246458923512748,3.0,1
NA1_5097120203,2024-11-15 22:50:51.973451,0.7223295611371792,0.8271310432569975,0.8022727272727272,0.3333333333333333,0
NA1_5097070048,2024-11-15 22:50:52.922299,1.019364527347455,1.0433609025158321,1.018735362997658,1.125,0
NA1_5097070048,2024-11-15 22:50:52.922299,0.9810033341087074,0.958441127694859,0.9816091954022989,0.8888888888888888,1
NA1_5086766228,2024-11-15 22:50:53.850971,0.7176225429211247,0.811441757319668,0.7671840354767184,0.4,0
NA1_5086766228,2024-11-15 22:50:53.850971,1.3934902266718676,1.2323743398456255,1.3034682080924855,2.5,1
NA1_5031250815,2024-11-15 22:50:54.849578,0.6886581469648563,0.8018847977769051,0.8470066518847007,0.22727272727272727,0
NA1_5031250815,2024-11-15 22:50:54.849578,1.4520992809093018,1.2470619255687811,1.1806282722513088,4.4,1
NA1_5014256810,2024-11-15 22:50:55.768939,1.1075169793944974,1.0428274428274429,1.1876750700280112,1.0,1
NA1_5014256810,2024-11-15 22:50:55.768939,0.9029206943145203,0.9589314194577353,0.8419811320754716,1.0,0
NA1_5099277180,2024-11-15 22:50:56.657337,0.8288199573280814,0.9154864481199037,0.803921568627451,0.9166666666666666,0
NA1_5099277180,2024-11-15 22:50:56.657337,1.2065346534653465,1.092315459233349,1.2439024390243902,1.0909090909090908,1
NA1_5098804478,2024-11-15 22:50:57.566856,0.9791947041064999,0.9770950084712628,0.95,1.6,1
NA1_5098804478,2024-11-15 22:50:57.566856,1.0212473533672597,1.0234419287071925,1.0526315789473684,0.625,0
NA1_5098781771,2024-11-15 22:50:58.419826,1.1288684526189525,1.0924300799086757,0.9651416122004357,2.4,1
NA1_5098781771,2024-11-15 22:50:58.419826,0.8858428080614883,0.9153903928419815,1.036117381489842,0.4166666666666667,0
NA1_5097919808,2024-11-15 22:50:59.279112,1.0729700469144714,1.0807877955113976,0.9819121447028424,1.0,1
NA1_5097919808,2024-11-15 22:50:59.279112,0.9319924660298669,0.9252510105620029,1.018421052631579,1.0,0
NA1_5097658669,2024-11-15 22:51:00.223407,0.9866274076800393,0.9633829758163683,0.9174311926605505,0.8571428571428571,0
NA1_5097658669,2024-11-15 22:51:00.223407,1.0135538423277792,1.0380087930789959,1.09,1.1666666666666667,1
NA1_5097621549,2024-11-15 22:51:01.193072,0.8940119290535238,0.925741399762752,1.0393120393120394,0.45454545454545453,0
NA1_5097621549,2024-11-15 22:51:01.193072,1.1185533072905236,1.0802152742183495,0.9621749408983451,2.2,1
NA1_5021900315,2024-11-15 22:51:02.104227,1.193523316062176,1.0551461767830825,1.124401913875598,1.8,1
NA1_5021900315,2024-11-15 22:51:02.104227,0.8378554373779032,0.9477359838887807,0.8893617021276595,0.5555555555555556,0
NA1_5021880490,2024-11-15 22:51:03.235373,1.0039660773807013,1.0977999562905223,1.0354430379746835,0.5555555555555556,0
NA1_5021880490,2024-11-15 22:51:03.235373,0.9960495902500526,0.9109127708284946,0.9657701711491442,1.8,1
NA1_5021177424,2024-11-15 22:51:04.149017,1.0731540044197212,1.1008033797354388,1.0273972602739727,1.0,1
NA1_5021177424,2024-11-15 22:51:04.149017,0.9318327060995526,0.9084274434552833,0.9733333333333334,1.0,0
NA1_5098668937,2024-11-15 22:51:05.106652,1.0774900066622253,1.0961022891317798,1.150990099009901,1.125,1
NA1_5098668937,2024-11-15 22:51:05.106652,0.9280828534992465,0.9123236124176858,0.8688172043010752,0.8888888888888888,0
NA1_5098633140,2024-11-15 22:51:05.974169,1.027073795017845,0.9514179770651652,1.1019283746556474,1.0,0
NA1_5098633140,2024-11-15 22:51:05.974169,0.9736398736398736,1.0510627548626899,0.9075,1.0,1
NA1_5097564747,2024-11-15 22:51:07.127200,0.9927999693615718,1.0875815208112816,1.1641414141414141,1.1111111111111112,1
NA1_5097564747,2024-11-15 22:51:07.127200,1.0072522470393088,0.9194713047846289,0.8590021691973969,0.9,0
NA1_5095117805,2024-11-15 22:51:07.862442,0.7019256485691361,0.787296543868589,0.8049886621315193,0.29411764705882354,0
NA1_5095117805,2024-11-15 22:51:07.862442,1.4246523147266146,1.2701694269940986,1.2422535211267605,3.4,1
NA1_5080835448,2024-11-15 22:51:08.734117,0.9748091321506288,0.9353484740027331,0.8511111111111112,1.1111111111111112,0
NA1_5080835448,2024-11-15 22:51:08.734117,1.0258418463866819,1.069120256026716,1.174934725848564,0.9,1
NA1_5080647665,2024-11-15 22:51:09.560672,1.96750940796099,1.5668713422239278,1.6594982078853047,5.5,1
NA1_5080647665,2024-11-15 22:51:09.560672,0.5082567818754883,0.6382144934635521,0.6025917926565875,0.18181818181818182,0
NA1_5056266412,2024-11-15 22:51:10.588917,1.2301381158524016,1.0698616018845701,1.21301775147929,2.8333333333333335,1
NA1_5056266412,2024-11-15 22:51:10.589916,0.8129168482086001,0.9347003371636964,0.824390243902439,0.35294117647058826,0
NA1_5030175028,2024-11-15 22:51:11.468485,1.0569861605038777,0.9351662448427694,1.041025641025641,1.0,0
NA1_5030175028,2024-11-15 22:51:11.468485,0.946086181036929,1.0693285878471064,0.9605911330049262,1.0,1
NA1_5030144175,2024-11-15 22:51:12.362116,0.9846137176292122,1.007111578209844,0.8529411764705882,1.875,0
NA1_5030144175,2024-11-15 22:51:12.362116,1.0156267194893804,0.9929386392096842,1.1724137931034482,0.5333333333333333,1
NA1_5098526173,2024-11-15 22:51:13.508891,1.0920268728609457,1.065438632200285,1.0482758620689656,1.75,0
NA1_5098526173,2024-11-15 22:51:13.508891,0.9157283807312826,0.9385805712102397,0.9539473684210527,0.5714285714285714,1
NA1_5098467754,2024-11-15 22:51:15.173365,1.17163872452334,1.0789746894354348,1.1204188481675392,1.3333333333333333,1
NA1_5098467754,2024-11-15 22:51:15.173365,0.8535054185809982,0.9268057997942865,0.8925233644859814,0.75,0
NA1_5099301749,2024-11-15 22:51:16.066503,1.2290889331642818,1.105880217785844,1.1965811965811965,1.2666666666666666,1
NA1_5099301749,2024-11-15 22:51:16.066503,0.8136107754428366,0.9042570650211704,0.8357142857142857,0.7894736842105263,0
NA1_5099258381,2024-11-15 22:51:16.941611,1.1254075281564908,1.1742551366670395,1.100558659217877,2.0,1
NA1_5099258381,2024-11-15 22:51:16.941611,0.888567007933634,0.851603683709114,0.9086294416243654,0.5,0
NA1_5098355484,2024-11-15 22:51:17.852854,1.1220875650763846,1.0098814889000167,1.2021857923497268,1.2857142857142858,1
NA1_5098355484,2024-11-15 22:51:17.852854,0.8911960448754516,0.9902151994975372,0.8318181818181818,0.7777777777777778,0
NA1_5040615492,2024-11-15 22:51:18.805683,0.896746760800674,0.9138928370740091,0.9264367816091954,0.4,0
NA1_5040615492,2024-11-15 22:51:18.805683,1.115142026392306,1.0942201967592593,1.0794044665012408,2.5,1
NA1_5033779243,2024-11-15 22:51:19.719885,0.7937795574579724,0.8959159333397801,0.8285714285714286,0.6428571428571429,0
NA1_5033779243,2024-11-15 22:51:19.719885,1.2597956077408132,1.1161761531265741,1.206896551724138,1.5555555555555556,1
NA1_5033581623,2024-11-15 22:51:20.587675,1.1150672194025804,1.1028972095671983,1.2415902140672783,1.3333333333333333,1
NA1_5033581623,2024-11-15 22:51:20.587675,0.8968069212327577,0.9067028108561654,0.8054187192118226,0.75,0
NA1_5015314354,2024-11-15 22:51:21.563025,0.9913679329409667,0.9635351237564934,1.0603015075376885,0.7692307692307693,0
NA1_5015314354,2024-11-15 22:51:21.563025,1.0087072284388154,1.0378448853025124,0.943127962085308,1.3,1
NA1_5014712893,2024-11-15 22:51:22.482103,0.7443199030596789,0.8503192459714198,0.816017316017316,0.2727272727272727,0
NA1_5014712893,2024-11-15 22:51:22.482103,1.3435083435083435,1.176028891193192,1.2254641909814323,3.6666666666666665,1
NA1_5014706877,2024-11-15 22:51:23.292913,1.3714392647731526,1.159116877372747,1.169761273209549,3.1666666666666665,1
NA1_5014706877,2024-11-15 22:51:23.292913,0.72916098123048,0.862725769524294,0.854875283446712,0.3157894736842105,0
NA1_5070882700,2024-11-15 22:51:24.167029,1.09881377404123,0.90607424071991,0.7703016241299304,1.4444444444444444,0
NA1_5070882700,2024-11-15 22:51:24.167029,0.9100723194633686,1.1036623215394166,1.2981927710843373,0.6923076923076923,1
NA1_5033337607,2024-11-15 22:51:25.050573,1.1783195833525373,1.005248500428449,1.1428571428571428,2.25,1
NA1_5033337607,2024-11-15 22:51:25.050573,0.8486661972932802,0.9947789025039957,0.875,0.4444444444444444,0
NA1_5033331843,2024-11-15 22:51:26.018420,1.192588212103292,1.1203983769826633,1.0843989769820972,1.4,1
NA1_5033331843,2024-11-15 22:51:26.018420,0.8385123966942148,0.89253967208797,0.9221698113207547,0.7142857142857143,0
NA1_5087812054,2024-11-15 22:51:26.940082,0.8898503439960281,0.9047904191616767,1.0414746543778801,0.42857142857142855,0
NA1_5087812054,2024-11-15 22:51:26.940082,1.123784473138849,1.1052283256121773,0.9601769911504425,2.3333333333333335,1
NA1_5087763483,2024-11-15 22:51:27.879672,0.8614680979739946,0.930960755914201,0.8855140186915887,0.6,0
NA1_5087763483,2024-11-15 22:51:27.879672,1.1608090913079725,1.0741591346866202,1.129287598944591,1.6666666666666667,1
NA1_5076151000,2024-11-15 22:51:28.733485,0.8062800709040263,0.924975289353697,0.7485029940119761,0.7142857142857143,0
NA1_5076151000,2024-11-15 22:51:28.733485,1.2402638190954773,1.0811099620820406,1.336,1.4,1
NA1_5099289455,2024-11-15 22:51:29.520326,1.0772677778708435,1.091549295774648,0.9146341463414634,1.625,1
NA1_5099289455,2024-11-15 22:51:29.520326,0.9282743070403918,0.9161290322580645,1.0933333333333333,0.6153846153846154,0
NA1_5099234472,2024-11-15 22:51:30.587389,0.9310536172574044,0.9942544094067344,0.9305263157894736,0.9090909090909091,1
NA1_5099234472,2024-11-15 22:51:30.587389,1.074052000297996,1.0057787931729607,1.0746606334841629,1.1,0
NA1_5098741676,2024-11-15 22:51:31.625445,0.9713180414989645,1.0369142580890225,0.9903147699757869,1.6,0
NA1_5098741676,2024-11-15 22:51:31.625445,1.0295289053385364,0.9643998934327961,1.0097799511002445,0.625,1
NA1_5099274322,2024-11-15 22:51:32.471108,1.128607465047672,1.0877644894204233,1.054945054945055,1.5,1
NA1_5099274322,2024-11-15 22:51:32.471108,0.8860476569307119,0.9193166441136671,0.9479166666666666,0.6666666666666666,0
NA1_5098225681,2024-11-15 22:51:33.388059,0.784176865889686,0.9126035845056851,0.8713968957871396,0.5882352941176471,1
NA1_5098225681,2024-11-15 22:51:33.388059,1.2752225212171393,1.095766022595291,1.147582697201018,1.7,0
NA1_5098175729,2024-11-15 22:51:34.494415,0.9863530667479892,1.0187272661792777,0.9269521410579346,1.4444444444444444,0
NA1_5098175729,2024-11-15 22:51:34.494415,1.0138357487922705,0.9816169972071976,1.078804347826087,0.6923076923076923,1
NA1_5098184462,2024-11-15 22:51:35.532099,1.2307048540078112,1.1464783497491173,1.055690072639225,3.3333333333333335,1
NA1_5098184462,2024-11-15 22:51:35.532099,0.8125425009444655,0.8722362705050898,0.9472477064220184,0.3,0
NA1_5098128142,2024-11-15 22:51:36.603742,1.1972647479077363,1.1586204360775085,1.2716417910447761,1.25,0
NA1_5098128142,2024-11-15 22:51:36.603742,0.8352371534763188,0.8630954269937482,0.7863849765258216,0.8,1
NA1_5098829182,2024-11-15 22:51:38.210959,1.0345504212996806,1.048863035430989,0.9468354430379747,1.5,0
NA1_5098829182,2024-11-15 22:51:38.210959,0.9666034437874224,0.9534133306443481,1.0561497326203209,0.6666666666666666,1
NA1_5098796967,2024-11-15 22:51:39.927291,1.0204851548647527,1.0016398702363551,0.9559585492227979,1.0833333333333333,0
NA1_5098796967,2024-11-15 22:51:39.927291,0.9799260628465805,0.9983628145353597,1.046070460704607,0.9230769230769231,1
NA1_5098704616,2024-11-15 22:51:41.159605,1.3047221729096397,1.1405541004168664,1.377245508982036,1.8571428571428572,0
NA1_5098704616,2024-11-15 22:51:41.159605,0.7664466970542214,0.8767668273118349,0.7260869565217392,0.5384615384615384,1
NA1_5015479809,2024-11-15 22:51:42.162499,0.8915706979653409,0.9681900081900082,0.9287356321839081,1.0,0
NA1_5015479809,2024-11-15 22:51:42.162499,1.1216160448993067,1.032855112675103,1.0767326732673268,1.0,1
NA1_5015459707,2024-11-15 22:51:43.172136,0.9347321182537496,0.9954061800620362,1.1012269938650308,0.6666666666666666,1
NA1_5015459707,2024-11-15 22:51:43.172136,1.069825226363445,1.0046150205112023,0.9080779944289693,1.5,0
NA1_5014979294,2024-11-15 22:51:44.192751,1.045521352167878,0.926896947660511,0.8027613412228797,2.6666666666666665,1
NA1_5014979294,2024-11-15 22:51:44.192751,0.9564606193135226,1.0788685867657686,1.2457002457002457,0.375,0
NA1_5096442308,2024-11-15 22:51:45.149325,0.996214558806829,1.0398527111574556,1.113022113022113,1.0,0
NA1_5096442308,2024-11-15 22:51:45.149325,1.0037998252080405,0.9616746576415656,0.8984547461368654,1.0,1
NA1_5095813166,2024-11-15 22:51:46.261199,0.8740282960199005,0.9469625789729467,0.8445378151260504,0.625,0
NA1_5095813166,2024-11-15 22:51:46.261199,1.1441277182372038,1.0560079375940878,1.1840796019900497,1.6,1
NA1_5094850828,2024-11-15 22:51:47.162909,0.8028135186138274,0.8861791279298153,0.8528678304239401,0.7058823529411765,0
NA1_5094850828,2024-11-15 22:51:47.162909,1.2456192836994615,1.128440028074323,1.172514619883041,1.4166666666666667,1
NA1_5056284088,2024-11-15 22:51:48.647263,1.2999487486119417,1.1299706914643413,1.2116991643454038,1.875,1
NA1_5056284088,2024-11-15 22:51:48.647263,0.7692610966915268,0.8849787056902239,0.825287356321839,0.5333333333333333,0
NA1_5056165570,2024-11-15 22:51:49.638185,0.9179139636864422,0.9483597603363236,0.8830845771144279,0.8571428571428571,0
NA1_5056165570,2024-11-15 22:51:49.638185,1.0894267214150348,1.0544521623791405,1.1323943661971831,1.1666666666666667,1
NA1_5003285813,2024-11-15 22:51:50.607635,0.8513599434828683,0.9173069280699431,0.7960687960687961,0.9285714285714286,0
NA1_5003285813,2024-11-15 22:51:50.607635,1.174591320222388,1.090147658760244,1.2561728395061729,1.0769230769230769,1
NA1_5002902841,2024-11-15 22:51:51.483453,0.8453722190530519,0.8515583554376658,0.8214285714285714,0.42105263157894735,0
NA1_5002902841,2024-11-15 22:51:51.483453,1.182910885243136,1.1743176420200132,1.2173913043478262,2.375,1
NA1_5002588295,2024-11-15 22:51:52.517430,1.1802396468362413,1.16500404421677,1.4155405405405406,1.0,1
NA1_5002588295,2024-11-15 22:51:52.517430,0.8472855514391564,0.8583661189539459,0.7064439140811456,1.0,0
NA1_5096834630,2024-11-15 22:51:53.455233,0.8999365269013927,0.9326926285580805,0.8904428904428905,0.6363636363636364,0
NA1_5096834630,2024-11-15 22:51:53.455233,1.111189478488155,1.07216457960644,1.1230366492146597,1.5714285714285714,1
NA1_5096812487,2024-11-15 22:51:54.425288,1.136161857606283,1.0868089919411847,1.3764367816091954,1.375,1
NA1_5096812487,2024-11-15 22:51:54.425288,0.8801562852205275,0.9201248861714583,0.7265135699373695,0.7272727272727273,0
NA1_5096784344,2024-11-15 22:51:55.324294,1.113921537484117,1.0524021962937542,1.1185185185185185,1.625,1
NA1_5096784344,2024-11-15 22:51:55.324294,0.8977292981142837,0.9502070629667069,0.8940397350993378,0.6153846153846154,0
NA1_5082923493,2024-11-15 22:51:56.302318,0.9530518061001423,1.0185878404543693,1.1077694235588973,0.5263157894736842,1
NA1_5082923493,2024-11-15 22:51:56.302318,1.0492609043908834,0.9817513623114941,0.9027149321266968,1.9,0
NA1_5027522995,2024-11-15 22:51:57.315196,0.9343747577331576,1.0024199956656794,0.9534883720930233,0.7777777777777778,1
NA1_5027522995,2024-11-15 22:51:57.315196,1.0702343912051442,0.997585846575145,1.048780487804878,1.2857142857142858,0
NA1_5027268313,2024-11-15 22:51:58.185715,0.8176249956987027,0.9062050006545359,0.9545454545454546,0.47058823529411764,0
NA1_5027268313,2024-11-15 22:51:58.185715,1.2230545852447288,1.1035030697002528,1.0476190476190477,2.125,1
NA1_5044117877,2024-11-15 22:52:20.277874,1.0337640847844929,1.0132954831291099,1.098092643051771,0.6666666666666666,1
NA1_5044117877,2024-11-15 22:52:20.277874,0.9673386943099965,0.9868789673392674,0.9106699751861043,1.5,0
NA1_5022599546,2024-11-15 22:52:21.141992,1.0060872894333843,0.9987834549878345,1.0829268292682928,1.0,1
NA1_5022599546,2024-11-15 22:52:21.141992,0.9939495414589596,1.0012180267965896,0.9234234234234234,1.0,0
NA1_5021852895,2024-11-15 22:52:22.012661,0.9368958013769486,0.9544663011931634,1.010126582278481,0.4375,1
NA1_5021852895,2024-11-15 22:52:22.012661,1.0673545537618032,1.0477059260760861,0.9899749373433584,2.2857142857142856,0
NA1_5090868516,2024-11-15 22:52:22.937592,0.8800148588410104,0.9510324483775812,0.9974358974358974,0.5,0
NA1_5090868516,2024-11-15 22:52:22.937592,1.136344449134656,1.0514888337468982,1.0025706940874035,2.0,1
NA1_5090814512,2024-11-15 22:52:23.845055,0.9659871649679124,0.9476773268416314,0.9950372208436724,1.3333333333333333,1
NA1_5090814512,2024-11-15 22:52:23.845055,1.0352104419867911,1.0552114856780914,1.0049875311720697,0.75,0
NA1_5077928040,2024-11-15 22:52:24.667277,0.8244216024374728,0.8273752685605157,0.9265033407572383,0.3684210526315789,0
NA1_5077928040,2024-11-15 22:52:24.667277,1.2129716119075662,1.2086413964727523,1.0793269230769231,2.7142857142857144,1
NA1_5023396977,2024-11-15 22:52:26.326639,0.9105512829727593,0.9335949290673106,0.8409638554216867,0.8333333333333334,0
NA1_5023396977,2024-11-15 22:52:26.326639,1.0982357816631803,1.071128354348529,1.189111747851003,1.2,1
NA1_5022975692,2024-11-15 22:52:27.547477,1.366236733139784,1.1907305049297878,1.2047872340425532,3.25,0
NA1_5022975692,2024-11-15 22:52:27.547477,0.731937574026336,0.8398205940469843,0.8300220750551877,0.3076923076923077,1
NA1_5017554989,2024-11-15 22:52:28.647743,1.2576735957540912,1.1539729168159347,1.3044692737430168,1.8,1
NA1_5017554989,2024-11-15 22:52:28.647743,0.7951188634125756,0.8665714640506643,0.7665952890792291,0.5555555555555556,0
NA1_5017542652,2024-11-15 22:52:36.587946,0.876015197462442,0.8865839909808343,0.9506493506493506,0.5263157894736842,1
NA1_5017542652,2024-11-15 22:52:36.587946,1.1415327073054273,1.1279247202441505,1.0519125683060109,1.9,0
NA1_5017390139,2024-11-15 22:52:37.794886,1.0125649126629626,0.9840201850294366,0.9108910891089109,0.8571428571428571,0
NA1_5017390139,2024-11-15 22:52:37.794886,0.9875910052720296,1.0162393162393162,1.0978260869565217,1.1666666666666667,1
NA1_5015813049,2024-11-15 22:52:38.684769,0.8404966571155683,0.9699234675631214,0.9775561097256857,0.6363636363636364,0
NA1_5015813049,2024-11-15 22:52:38.684769,1.1897727272727272,1.0310091810773938,1.0229591836734695,1.5714285714285714,1
NA1_5014978562,2024-11-15 22:52:39.623411,1.0600731460586725,1.049651376146789,1.012531328320802,1.1818181818181819,1
NA1_5014978562,2024-11-15 22:52:39.623411,0.9433311311752184,0.9526972695171835,0.9876237623762376,0.8461538461538461,0
NA1_5012158935,2024-11-15 22:52:40.440203,0.9733916394900682,1.0008159268929504,1.091324200913242,0.7777777777777778,0
NA1_5012158935,2024-11-15 22:52:40.440203,1.0273357191806898,0.9991847383009946,0.9163179916317992,1.2857142857142858,1
NA1_5066582595,2024-11-15 22:52:41.357023,0.9787964211300404,1.0182540464230605,1.0183908045977013,0.75,1
NA1_5066582595,2024-11-15 22:52:41.357023,1.0216629100926622,0.9820731903917459,0.981941309255079,1.3333333333333333,0
NA1_5066548013,2024-11-15 22:52:42.130246,0.8197034911525586,0.8683162417286041,0.9088785046728972,0.5625,0
NA1_5066548013,2024-11-15 22:52:42.131247,1.219953325554259,1.15165414620052,1.1002570694087404,1.7777777777777777,1
NA1_5066483233,2024-11-15 22:52:43.053686,1.1684777807226787,1.1151571378870462,1.056910569105691,2.0,1
NA1_5066483233,2024-11-15 22:52:43.053686,0.8558143051565099,0.896734608985025,0.9461538461538461,0.5,0
NA1_5029278044,2024-11-15 22:52:44.027536,0.8891025389475337,1.0051482274894616,1.0158311345646438,0.4444444444444444,1
NA1_5029278044,2024-11-15 22:52:44.027536,1.1247296641214635,0.9948781410058094,0.9844155844155844,2.25,0
NA1_5029263866,2024-11-15 22:52:44.850126,0.6742283497930315,0.7514527539161192,0.7433035714285714,0.2857142857142857,0
NA1_5029263866,2024-11-15 22:52:44.850126,1.483177027941603,1.330755652685551,1.3453453453453454,3.5,1
NA1_5029243950,2024-11-15 22:52:45.711957,0.8489836816490123,0.8997720673182003,0.89749430523918,0.4666666666666667,0
NA1_5029243950,2024-11-15 22:52:45.711957,1.1778789411566346,1.1113925807682965,1.114213197969543,2.142857142857143,1
NA1_5099129728,2024-11-15 22:52:46.735166,0.771366784718087,0.8139881840424897,0.8739130434782608,0.6153846153846154,0
NA1_5099129728,2024-11-15 22:52:46.735166,1.2964001300178774,1.2285190615835777,1.144278606965174,1.625,1
NA1_5099089486,2024-11-15 22:52:47.653877,1.2011533532678342,1.1074875694647557,1.1735537190082646,1.3333333333333333,1
NA1_5099089486,2024-11-15 22:52:47.653877,0.83253316263025,0.9029446718605573,0.852112676056338,0.75,0
NA1_5099045506,2024-11-15 22:52:48.701715,0.859424801719665,0.9781851937804595,1.0233100233100234,0.5,0
NA1_5099045506,2024-11-15 22:52:48.701715,1.163568933546078,1.0223013048635825,0.9772209567198178,2.0,1
NA1_5096151114,2024-11-15 22:52:49.655740,1.197976011994003,0.9905809511263338,1.0621761658031088,1.4285714285714286,1
NA1_5096151114,2024-11-15 22:52:49.655740,0.8347412552405982,1.0095086109448768,0.9414634146341463,0.7,0
NA1_5096124879,2024-11-15 22:52:50.565928,1.137954346615764,1.1300692740655218,1.0709046454767726,1.875,1
NA1_5096124879,2024-11-15 22:52:50.565928,0.8787698759391928,0.8849015037834042,0.9337899543378996,0.5333333333333333,0
NA1_5096105259,2024-11-15 22:52:51.302977,0.767796359331064,0.9038479779934866,1.0,0.08333333333333333,0
NA1_5096105259,2024-11-15 22:52:51.302977,1.3024286815728605,1.106380745819632,1.0,12.0,1
NA1_5096213432,2024-11-15 22:52:52.199888,1.3611979740145344,1.154177667339649,1.19533527696793,3.3333333333333335,1
NA1_5096213432,2024-11-15 22:52:52.199888,0.7346469941111758,0.8664177347192787,0.8365853658536585,0.3,0
NA1_5096192491,2024-11-15 22:52:52.937299,0.796165407425461,0.8641863583040054,0.7914691943127962,0.125,0
NA1_5096192491,2024-11-15 22:52:52.937299,1.2560204081632653,1.15715781716635,1.2634730538922156,8.0,1
NA1_5089725777,2024-11-15 22:52:53.885064,0.8970708367370755,0.9375481168971145,0.9046653144016227,0.375,1
NA1_5089725777,2024-11-15 22:52:53.885064,1.1147391700273188,1.0666119231400888,1.1053811659192825,2.6666666666666665,0
NA1_5095622061,2024-11-15 22:52:54.732404,0.9538819932297165,0.9219637413765442,0.8946135831381733,1.0909090909090908,0
NA1_5095622061,2024-11-15 22:52:54.732404,1.048347706632069,1.0846413531479484,1.117801047120419,0.9166666666666666,1
NA1_5095168205,2024-11-15 22:52:55.668143,1.0033636572127513,1.0384716819410562,0.963302752293578,0.5714285714285714,0
NA1_5095168205,2024-11-15 22:52:55.668143,0.996647619047619,0.9629535570299356,1.0380952380952382,1.75,1
NA1_5093485113,2024-11-15 22:52:56.631152,1.1467243753688767,1.069448695711322,0.910941475826972,1.5454545454545454,1
NA1_5093485113,2024-11-15 22:52:56.631152,0.8720491353280263,0.935061217999682,1.0977653631284916,0.6470588235294118,0
NA1_5019870802,2024-11-15 22:52:57.624999,1.082806735580962,1.0281424089133637,0.975609756097561,1.7272727272727273,0
NA1_5019870802,2024-11-15 22:52:57.624999,0.9235258399676157,0.9726279077009311,1.025,0.5789473684210527,1
NA1_5015828826,2024-11-15 22:52:58.563872,1.3943484677489366,1.2949551477244672,1.1959654178674353,3.1666666666666665,1
NA1_5015828826,2024-11-15 22:52:58.563872,0.7171808361610061,0.7722275182713696,0.8361445783132531,0.3157894736842105,0
NA1_5011637423,2024-11-15 22:52:59.463501,0.8923854084716989,0.9605968124788064,0.7566964285714286,1.6666666666666667,0
NA1_5011637423,2024-11-15 22:52:59.463501,1.1205920564216778,1.041019486020898,1.3215339233038348,0.6,1
NA1_5092840722,2024-11-15 22:53:00.171741,1.3205298013245033,1.0979031305375073,1.1492957746478873,4.666666666666667,1
NA1_5092840722,2024-11-15 22:53:00.171741,0.757271815446339,0.910827168796234,0.8700980392156863,0.21428571428571427,0
NA1_5092800314,2024-11-15 22:53:01.234367,1.1447805237919586,1.1088882537867961,1.0258215962441315,1.5,1
NA1_5092800314,2024-11-15 22:53:01.234367,0.8735298856130176,0.9018041237113402,0.9748283752860412,0.6666666666666666,0
NA1_5092767242,2024-11-15 22:53:02.200266,0.8883908045977011,0.892852335442186,0.9375,0.375,0
NA1_5092767242,2024-11-15 22:53:02.200266,1.1256307413636952,1.1200060304537915,1.0666666666666667,2.6666666666666665,1
NA1_5099027850,2024-11-15 22:53:03.063207,0.6942223368583956,0.8264375062211752,0.8094117647058824,0.3333333333333333,0
NA1_5099027850,2024-11-15 22:53:03.063207,1.4404607096414639,1.210012847277983,1.2354651162790697,3.0,1
NA1_5098981624,2024-11-15 22:53:03.980208,0.9698378500963828,0.9310988763321421,0.8447488584474886,1.0,0
NA1_5098981624,2024-11-15 22:53:03.980208,1.0311001987606687,1.0739997925239462,1.1837837837837837,1.0,1
NA1_5092961877,2024-11-15 22:53:05.517013,0.924707950342403,0.997278777744992,0.9645390070921985,1.1111111111111112,1
NA1_5092961877,2024-11-15 22:53:05.517013,1.0814225179200825,1.002728647511342,1.036764705882353,0.9,0
NA1_5092925603,2024-11-15 22:53:06.369935,0.8859798605731991,0.9506354821802935,0.953810623556582,0.4,0
NA1_5092925603,2024-11-15 22:53:06.369935,1.1286938275922365,1.0519279142689777,1.0484261501210654,2.5,1
NA1_5092894275,2024-11-15 22:53:07.293664,1.0823577235772357,1.007804909644407,0.9357142857142857,1.3333333333333333,1
NA1_5092894275,2024-11-15 22:53:07.293664,0.9239089611657778,0.9922555352035733,1.0687022900763359,0.75,0
NA1_5099183965,2024-11-15 22:53:08.194696,1.3809701492537314,1.2859527784402576,1.2588996763754046,2.857142857142857,1
NA1_5099183965,2024-11-15 22:53:08.194696,0.7241286138881383,0.7776335311572701,0.794344473007712,0.35,0
NA1_5099099835,2024-11-15 22:53:09.172266,0.812304742970747,0.8753508889185938,0.8736263736263736,0.6153846153846154,1
NA1_5099099835,2024-11-15 22:53:09.172266,1.2310650758271056,1.142399022676949,1.1446540880503144,1.625,0
NA1_5098978078,2024-11-15 22:53:10.088102,1.0240983019843322,1.022470753713678,1.1487179487179486,0.5833333333333334,0
NA1_5098978078,2024-11-15 22:53:10.088102,0.9764687609210577,0.9780230841497786,0.8705357142857143,1.7142857142857142,1
NA1_5099239888,2024-11-15 22:53:11.179935,0.8622217216653527,0.9526989619377163,0.9050925925925926,0.5833333333333334,0
NA1_5099239888,2024-11-15 22:53:11.179935,1.1597944877432838,1.0496495114952966,1.104859335038363,1.7142857142857142,1
NA1_5028452849,2024-11-15 22:53:11.940540,0.8528910303928836,0.8471952942722881,0.8409090909090909,0.5454545454545454,0
NA1_5028452849,2024-11-15 22:53:11.940540,1.1724827256529486,1.1803653853613125,1.1891891891891893,1.8333333333333333,1
NA1_5028429735,2024-11-15 22:53:12.830414,1.0879496542615181,1.022643238113936,0.9021739130434783,1.25,0
NA1_5028429735,2024-11-15 22:53:12.830414,0.9191601799614368,0.9778581256199405,1.108433734939759,0.8,1
NA1_5092019579,2024-11-15 22:53:13.688525,0.7719321363860978,0.9205261268318157,0.8897243107769424,0.5,0
NA1_5092019579,2024-11-15 22:53:13.688525,1.2954506657562308,1.086335271592682,1.123943661971831,2.0,1
NA1_5092001769,2024-11-15 22:53:14.673984,0.9513012011087157,0.9294713685754283,0.8947368421052632,1.1111111111111112,0
NA1_5092001769,2024-11-15 22:53:14.673984,1.0511917769414432,1.0758803700781754,1.1176470588235294,0.9,1
NA1_5086471882,2024-11-15 22:53:15.552739,0.9371095858718285,0.95526753074111,0.8980477223427332,1.6666666666666667,0
NA1_5086471882,2024-11-15 22:53:15.552739,1.0671110562481998,1.0468271639298636,1.1135265700483092,0.6,1
NA1_5051530860,2024-11-15 22:53:16.299098,0.9933563353398913,1.0062341260678827,1.104859335038363,1.0769230769230769,0
NA1_5051530860,2024-11-15 22:53:16.299098,1.0066880981413737,0.9938044974759064,0.9050925925925926,0.9285714285714286,1
NA1_5051435351,2024-11-15 22:53:17.092785,1.0783369297163996,1.0588113337940566,0.984375,1.7142857142857142,1
NA1_5051435351,2024-11-15 22:53:17.092785,0.9273539396105056,0.944455322759611,1.0158730158730158,0.5833333333333334,0
NA1_5051302042,2024-11-15 22:53:18.096481,1.0305709167380637,1.061897167160325,1.1583333333333334,0.7142857142857143,0
NA1_5051302042,2024-11-15 22:53:18.096481,0.9703359407474588,0.9417107709912745,0.8633093525179856,1.4,1
NA1_5086511452,2024-11-15 22:53:19.876661,1.287570147143299,1.0851003374178654,0.9976525821596244,4.25,1
NA1_5086511452,2024-11-15 22:53:19.876661,0.7766567143690587,0.9215737619063206,1.0023529411764707,0.23529411764705882,0
NA1_5086499365,2024-11-15 22:53:20.715945,1.100342272865127,1.0924258973296674,1.0,4.333333333333333,1
NA1_5086499365,2024-11-15 22:53:20.715945,0.9088081269441273,0.9153938976038614,1.0,0.23076923076923078,0
NA1_5098327978,2024-11-15 22:53:22.305990,0.9999222787859946,0.9108982350239485,0.8351893095768375,1.2857142857142858,1
NA1_5098327978,2024-11-15 22:53:22.305990,1.000077727255062,1.0978174746092344,1.1973333333333334,0.7777777777777778,0
NA1_5098260746,2024-11-15 22:53:23.246615,1.2172569410379672,1.1245870347257911,1.1888888888888889,9.0,1
NA1_5098260746,2024-11-15 22:53:23.246615,0.8215192423937134,0.8892153022587805,0.8411214953271028,0.1111111111111111,0
NA1_5098192428,2024-11-15 22:53:24.154787,0.8274178604518566,0.8541948047868831,0.875,0.8181818181818182,0
NA1_5098192428,2024-11-15 22:53:24.154787,1.2085791808432749,1.1706931421217135,1.1428571428571428,1.2222222222222223,1
