match_id,time,adap_ratio,balance_ratio,cc_sum,tank,engage,disengage,adc,mage,assassin,support,mid,top,jungle,bruiser,duelist,poke,hs,bot,win
NA1_5069293840,2025-01-14 02:43:56.773782,0.8400000000000003,0.8,10.0,0,1,0,1,2,0,1,2,1,1,1,0,0,1,1,1
NA1_5069293840,2025-01-14 02:43:56.773782,0.7600000000000002,1.0,14.0,1,1,0,1,1,1,1,3,2,1,0,1,1,0,1,0
NA1_5069241094,2025-01-14 02:43:57.721899,0.72,0.6,9.0,0,1,0,1,2,1,2,1,0,2,0,0,1,1,1,1
NA1_5069241094,2025-01-14 02:43:57.721899,1.0,1.0,17.5,1,2,1,1,1,1,1,1,1,1,1,0,0,1,1,0
NA1_5069193436,2025-01-14 02:43:58.689389,0.72,1.0,17.5,2,3,0,1,1,0,2,1,1,2,0,0,0,1,1,1
NA1_5069193436,2025-01-14 02:43:58.689389,0.8599999999999999,0.8,9.5,0,0,1,1,2,1,1,3,1,2,1,1,1,0,1,0
NA1_5068490641,2025-01-14 02:43:59.592759,0.8200000000000001,1.0,23.0,3,2,2,1,0,1,2,1,2,1,1,0,0,0,1,0
NA1_5068490641,2025-01-14 02:43:59.592759,0.8400000000000001,1.0,18.0,2,2,0,1,2,0,2,2,1,1,0,0,2,0,1,1
NA1_5068464594,2025-01-14 02:44:00.537662,0.72,1.0,18.0,1,1,0,1,2,0,1,2,2,1,1,0,0,0,1,1
NA1_5068464594,2025-01-14 02:44:00.537662,0.98,1.0,16.5,1,2,0,1,1,1,1,1,1,1,2,0,0,1,1,0
NA1_5068415777,2025-01-14 02:44:01.441618,0.96,1.0,14.0,1,2,0,1,0,0,1,1,3,1,2,2,1,0,1,1
NA1_5068415777,2025-01-14 02:44:01.441618,0.72,1.0,19.5,2,3,1,1,0,1,2,2,1,1,1,0,1,0,1,0
NA1_5081708852,2025-01-14 02:44:02.332030,0.96,1.0,12.0,1,0,1,1,1,1,2,2,2,2,1,0,1,0,1,1
NA1_5081708852,2025-01-14 02:44:02.332030,0.6199999999999999,0.4,9.5,0,0,0,1,1,2,0,2,2,1,1,2,2,0,1,0
NA1_5081683864,2025-01-14 02:44:03.336251,0.6200000000000001,1.0,16.5,1,1,1,1,2,0,2,2,2,2,1,1,1,0,1,1
NA1_5081683864,2025-01-14 02:44:03.336251,0.6800000000000002,1.0,13.0,1,0,2,1,1,0,2,1,3,2,2,1,1,1,1,0
NA1_5081638800,2025-01-14 02:44:04.243468,0.8399999999999999,0.8,13.0,0,1,1,1,1,2,1,1,1,2,3,1,0,1,1,1
NA1_5081638800,2025-01-14 02:44:04.243468,0.8200000000000001,0.6,13.5,0,1,1,1,3,1,1,3,3,0,1,1,1,1,1,0
NA1_5087882340,2025-01-14 02:44:05.205677,0.98,1.0,17.0,2,2,1,2,1,0,1,1,1,1,1,0,0,0,2,1
NA1_5087882340,2025-01-14 02:44:05.206676,0.8,1.0,13.0,2,0,1,1,1,1,1,1,2,1,2,1,0,1,1,0
NA1_5087838768,2025-01-14 02:44:06.180060,0.7999999999999998,1.0,17.0,1,0,1,2,1,1,2,2,1,1,0,1,0,0,1,0
NA1_5087838768,2025-01-14 02:44:06.180060,0.6599999999999999,1.0,19.5,1,3,0,2,0,1,1,1,2,1,1,0,0,1,2,1
NA1_5087791995,2025-01-14 02:44:07.176141,0.8200000000000001,0.8,16.5,3,3,1,1,2,0,0,1,3,2,1,1,0,0,1,0
NA1_5087791995,2025-01-14 02:44:07.176141,0.8,1.0,11.5,1,0,1,1,3,1,1,1,1,1,1,1,1,1,1,1
NA1_5038896818,2025-01-14 02:44:08.168128,0.54,1.0,22.5,3,3,0,1,2,1,1,1,1,1,0,0,2,0,1,0
NA1_5038896818,2025-01-14 02:44:08.168128,0.8999999999999999,1.0,13.5,1,2,0,2,1,0,2,1,2,2,2,1,1,0,2,1
NA1_5038882934,2025-01-14 02:44:09.196668,0.8,1.0,22.5,1,1,1,0,2,1,2,3,2,2,1,0,2,2,1,1
NA1_5038882934,2025-01-14 02:44:09.196668,0.7200000000000002,1.0,10.0,1,1,0,1,1,1,1,3,3,2,1,1,2,0,1,0
NA1_5038866492,2025-01-14 02:44:10.197163,0.8400000000000001,1.0,15.0,1,2,0,1,0,2,1,1,2,2,1,0,0,0,1,1
NA1_5038866492,2025-01-14 02:44:10.197163,0.6600000000000001,0.8,15.0,2,2,0,1,2,0,0,2,2,2,1,0,1,0,1,0
NA1_5098866465,2025-01-14 02:44:11.205915,0.8800000000000001,1.0,11.0,1,1,0,2,1,1,2,1,2,2,1,1,1,1,2,1
NA1_5098866465,2025-01-14 02:44:11.205915,1.0,0.8,16.5,2,1,0,1,2,1,0,1,1,2,1,0,1,0,1,0
NA1_5098668836,2025-01-14 02:44:12.229220,0.8800000000000001,1.0,12.0,1,1,1,1,1,1,1,3,1,1,1,1,0,1,1,1
NA1_5098668836,2025-01-14 02:44:12.229220,0.8799999999999999,1.0,17.0,1,0,2,1,2,1,2,1,2,1,1,1,1,1,1,0
NA1_5096063575,2025-01-14 02:44:13.213941,0.8799999999999999,1.0,16.5,2,1,1,1,1,0,2,2,3,1,1,1,0,1,1,1
NA1_5096063575,2025-01-14 02:44:13.213941,0.9199999999999999,1.0,19.0,1,1,0,1,1,0,1,1,1,1,2,0,0,1,1,0
NA1_5088755854,2025-01-14 02:44:14.165434,0.6800000000000002,1.0,16.0,2,0,1,1,2,1,1,2,2,1,1,0,0,0,1,1
NA1_5088755854,2025-01-14 02:44:14.165434,1.0,1.0,12.5,1,1,1,1,0,2,1,1,3,2,0,1,0,1,1,0
NA1_5088713383,2025-01-14 02:44:15.115356,0.9199999999999999,1.0,12.5,1,2,0,2,1,1,1,1,2,1,1,0,2,1,2,1
NA1_5088713383,2025-01-14 02:44:15.115356,0.7,1.0,15.5,2,2,0,1,2,0,3,2,1,1,0,0,2,0,1,0
NA1_5088685879,2025-01-14 02:44:16.111126,0.98,0.6,14.5,0,0,2,0,2,0,3,3,3,1,1,0,2,2,0,1
NA1_5088685879,2025-01-14 02:44:16.111126,0.5,1.0,18.0,1,3,1,1,2,0,2,2,1,1,1,0,0,1,1,0
NA1_5093155425,2025-01-14 02:44:17.057126,0.8799999999999999,1.0,17.0,3,2,0,1,1,0,2,1,1,2,1,0,0,0,1,1
NA1_5093155425,2025-01-14 02:44:17.057126,0.9199999999999999,0.8,15.5,0,2,1,1,1,0,2,2,3,1,2,0,2,1,1,0
NA1_5089456225,2025-01-14 02:44:17.951146,0.5399999999999998,1.0,16.5,1,0,2,1,0,2,2,2,1,2,0,0,0,1,1,1
NA1_5089456225,2025-01-14 02:44:17.951146,0.78,0.8,8.0,1,3,0,1,1,2,0,1,2,1,1,0,0,0,1,0
NA1_5089434482,2025-01-14 02:44:18.838864,0.5800000000000001,0.8,15.0,0,2,1,2,1,1,2,1,1,1,1,1,0,1,2,1
NA1_5089434482,2025-01-14 02:44:18.838864,0.96,1.0,15.0,2,1,0,1,1,1,1,1,2,1,2,1,1,0,1,0
NA1_5021134205,2025-01-14 02:44:19.703836,0.8800000000000001,1.0,20.0,3,0,2,1,1,1,2,2,2,2,1,0,0,0,1,0
NA1_5021134205,2025-01-14 02:44:19.703836,0.8599999999999999,0.8,23.5,2,2,0,1,1,1,2,2,1,0,1,0,1,0,1,1
NA1_5021113466,2025-01-14 02:44:20.567813,0.8199999999999998,0.8,16.0,2,2,0,1,1,1,0,0,3,3,2,1,0,0,1,1
NA1_5021113466,2025-01-14 02:44:20.567813,0.6400000000000001,1.0,13.5,1,2,0,1,1,2,1,2,2,1,0,0,0,0,1,0
NA1_5021097021,2025-01-14 02:44:21.453865,0.54,0.8,13.0,0,1,0,2,1,2,1,2,1,2,0,0,0,0,2,0
NA1_5021097021,2025-01-14 02:44:21.453865,0.6000000000000001,0.8,11.0,1,1,0,0,3,1,1,3,1,1,0,0,0,0,0,1
NA1_5099097757,2025-01-14 02:44:22.352701,0.8200000000000001,0.6,12.0,0,0,0,2,2,1,1,1,1,2,1,1,2,0,2,0
NA1_5099097757,2025-01-14 02:44:22.352701,0.45999999999999996,0.8,21.0,2,3,0,0,2,1,2,2,1,2,0,0,1,0,0,1
NA1_5099062484,2025-01-14 02:44:23.375661,0.54,0.8,13.5,0,1,0,2,1,0,2,1,1,1,1,1,1,1,2,1
NA1_5099062484,2025-01-14 02:44:23.375661,0.6800000000000002,1.0,15.5,1,1,0,0,3,0,1,3,2,1,1,0,1,0,1,0
NA1_5099030383,2025-01-14 02:44:24.339132,0.78,1.0,21.5,2,1,0,2,1,0,1,2,1,1,0,0,1,1,3,1
NA1_5099030383,2025-01-14 02:44:24.339132,0.7999999999999998,1.0,15.5,1,1,2,1,1,2,2,2,1,2,0,0,0,0,1,0
NA1_5098616134,2025-01-14 02:44:25.263843,0.8400000000000003,1.0,19.0,1,0,1,2,0,1,2,1,1,2,0,0,0,1,1,0
NA1_5098616134,2025-01-14 02:44:25.263843,0.6400000000000001,1.0,17.5,1,1,0,3,1,0,1,1,1,1,1,0,1,1,3,1
NA1_5098600178,2025-01-14 02:44:26.247062,0.8800000000000001,1.0,14.5,1,1,0,2,0,1,1,1,1,1,2,1,0,0,1,0
NA1_5098600178,2025-01-14 02:44:26.247062,0.6199999999999999,0.8,13.0,1,1,0,2,2,0,1,2,2,0,1,1,2,0,2,1
NA1_5098576734,2025-01-14 02:44:27.228828,0.74,1.0,16.5,1,1,1,1,2,1,1,2,1,1,0,0,2,1,3,1
NA1_5098576734,2025-01-14 02:44:27.228828,0.96,1.0,10.5,1,0,1,1,1,0,2,1,2,1,2,1,1,1,1,0
NA1_5098122414,2025-01-14 02:44:28.168940,0.8599999999999999,1.0,20.0,1,2,0,2,1,1,2,1,1,1,1,0,0,0,1,0
NA1_5098122414,2025-01-14 02:44:28.168940,0.8599999999999999,1.0,19.5,1,2,0,1,1,0,2,1,1,1,2,1,1,0,1,1
NA1_5098101250,2025-01-14 02:44:29.153984,0.8200000000000001,0.8,6.0,0,0,1,2,1,0,1,1,2,1,2,1,2,1,2,0
NA1_5098101250,2025-01-14 02:44:29.153984,0.8799999999999999,1.0,16.0,1,2,0,1,0,2,1,1,2,2,2,1,1,0,1,1
NA1_5096989893,2025-01-14 02:44:30.205133,0.8,1.0,15.5,2,1,1,1,1,1,2,2,2,2,1,0,0,1,1,0
NA1_5096989893,2025-01-14 02:44:30.205133,0.8999999999999999,1.0,16.5,1,1,0,1,2,1,2,2,2,2,0,1,2,1,1,1
NA1_5081274597,2025-01-14 02:44:31.231256,0.7799999999999998,0.8,14.0,1,1,0,1,1,2,0,1,1,2,2,0,1,0,1,0
NA1_5081274597,2025-01-14 02:44:31.231256,0.8599999999999999,0.8,14.0,0,2,0,1,1,2,1,2,1,2,3,0,1,1,2,1
NA1_5061277644,2025-01-14 02:44:32.200768,0.5800000000000001,0.8,17.0,1,2,0,1,2,1,0,2,2,1,0,0,1,0,1,0
NA1_5061277644,2025-01-14 02:44:32.200768,0.8800000000000001,0.8,13.0,0,1,1,1,1,0,2,1,2,1,2,0,2,1,1,1
NA1_5061231200,2025-01-14 02:44:33.147382,0.78,0.8,21.0,0,2,2,1,3,0,2,3,2,1,2,1,1,1,1,0
NA1_5061231200,2025-01-14 02:44:33.147382,0.74,0.8,6.5,0,1,1,1,0,1,1,2,2,1,2,1,1,1,1,1
NA1_5022627292,2025-01-14 02:44:34.146711,0.9199999999999997,1.0,8.5,1,0,1,1,2,1,1,1,2,1,1,0,0,1,1,1
NA1_5022627292,2025-01-14 02:44:34.146711,0.8400000000000001,1.0,13.0,2,1,1,1,1,1,3,1,2,1,1,0,0,0,1,0
NA1_5022584372,2025-01-14 02:44:35.077467,0.78,1.0,13.0,1,2,0,1,2,1,2,1,1,1,1,0,0,1,1,1
NA1_5022584372,2025-01-14 02:44:35.077467,0.54,0.8,15.5,1,1,1,0,3,1,2,2,2,3,1,0,1,1,0,0
NA1_5022570114,2025-01-14 02:44:36.037628,0.8400000000000003,0.8,15.5,1,1,0,2,0,1,1,0,1,2,1,1,0,1,1,1
NA1_5022570114,2025-01-14 02:44:36.037628,0.8999999999999999,0.8,20.0,0,3,1,1,3,0,3,1,1,1,1,0,1,1,1,0
NA1_5070545561,2025-01-14 02:44:36.961698,0.8200000000000001,1.0,16.0,2,1,1,1,2,0,1,2,1,1,1,0,1,0,1,1
NA1_5070545561,2025-01-14 02:44:36.961698,0.8400000000000001,1.0,12.5,1,2,0,1,1,3,1,2,1,2,1,1,0,0,1,0
NA1_5070512048,2025-01-14 02:44:37.916728,0.9000000000000001,1.0,14.0,2,1,1,2,1,1,1,2,1,1,0,0,0,0,2,1
NA1_5070512048,2025-01-14 02:44:37.916728,0.8199999999999998,1.0,17.0,1,2,0,1,1,2,2,2,1,1,0,1,1,0,1,0
NA1_5070478866,2025-01-14 02:44:38.800901,0.94,1.0,21.5,1,3,2,1,2,2,2,1,1,2,0,0,0,1,1,1
NA1_5070478866,2025-01-14 02:44:38.800901,0.78,0.6,16.5,0,0,2,1,1,1,3,3,1,0,0,1,0,2,1,0
NA1_5096517262,2025-01-14 02:44:39.852006,0.9199999999999999,1.0,9.5,1,0,1,1,2,2,1,1,1,1,2,1,0,1,1,0
NA1_5096517262,2025-01-14 02:44:39.852006,1.0,0.8,12.5,0,1,0,2,2,1,1,1,2,2,2,1,1,0,2,1
NA1_5096459771,2025-01-14 02:44:40.788518,0.74,1.0,16.0,1,1,0,2,1,0,1,1,1,2,1,0,0,1,2,0
NA1_5096459771,2025-01-14 02:44:40.788518,0.7,1.0,14.0,2,1,2,1,2,1,2,1,2,1,1,0,1,1,1,1
NA1_5096450406,2025-01-14 02:44:41.699398,0.8400000000000001,0.8,18.5,2,1,1,1,1,1,2,1,0,1,1,0,0,1,1,0
NA1_5096450406,2025-01-14 02:44:41.699398,0.5800000000000001,0.6,10.5,0,1,0,3,1,1,1,1,0,2,0,0,0,1,3,1
NA1_5096846758,2025-01-14 02:44:42.635019,0.8599999999999999,1.0,25.0,2,2,1,1,1,0,1,1,1,1,1,1,0,0,1,0
NA1_5096846758,2025-01-14 02:44:42.635019,0.8400000000000001,1.0,12.5,1,0,2,1,1,1,1,1,2,2,0,0,0,1,1,1
NA1_5096804483,2025-01-14 02:44:43.643891,0.6199999999999999,1.0,20.5,2,1,1,1,1,1,2,1,3,2,1,0,0,0,1,1
NA1_5096804483,2025-01-14 02:44:43.643891,0.8599999999999999,1.0,14.5,2,1,0,1,1,1,1,1,1,1,1,0,0,0,1,0
NA1_5096799438,2025-01-14 02:44:44.773486,0.8599999999999999,1.0,12.0,1,0,1,1,2,1,1,1,1,1,1,0,0,1,1,1
NA1_5096799438,2025-01-14 02:44:44.773486,0.8399999999999999,1.0,14.5,1,1,0,1,1,2,1,1,1,2,1,1,0,0,1,0
NA1_5087062291,2025-01-14 02:44:45.740741,0.6399999999999999,1.0,15.0,2,2,0,1,1,1,2,2,3,1,0,1,1,0,1,1
NA1_5087062291,2025-01-14 02:44:45.740741,0.8200000000000001,0.8,14.5,2,3,0,0,1,1,2,1,3,1,3,0,1,0,0,0
NA1_5087021060,2025-01-14 02:44:46.673729,0.8599999999999999,1.0,17.5,2,2,0,1,1,0,1,2,1,1,2,0,0,0,1,1
NA1_5087021060,2025-01-14 02:44:46.673729,0.8800000000000001,1.0,21.5,2,2,2,2,1,1,3,1,1,2,0,0,0,0,2,0
NA1_5086970054,2025-01-14 02:44:47.656063,0.45999999999999996,1.0,11.5,1,1,0,1,2,0,1,2,1,1,0,0,0,1,1,1
NA1_5086970054,2025-01-14 02:44:47.656063,0.96,1.0,12.0,1,2,0,2,1,2,1,2,1,2,1,0,0,1,2,0
NA1_5085468108,2025-01-14 02:44:48.690694,0.8999999999999999,0.6,11.5,0,0,0,1,1,2,1,2,3,1,2,0,1,0,1,0
NA1_5085468108,2025-01-14 02:44:48.690694,0.7,1.0,18.0,3,2,1,1,1,0,1,1,1,1,0,0,1,0,1,1
NA1_5085448042,2025-01-14 02:44:49.688006,0.96,1.0,12.0,1,1,0,1,1,0,1,2,3,1,3,1,1,0,1,0
NA1_5085448042,2025-01-14 02:44:49.688006,0.8400000000000001,1.0,10.0,2,0,1,2,1,1,1,1,1,1,1,1,1,0,2,1
NA1_5079388545,2025-01-14 02:44:50.716361,0.8199999999999998,1.0,12.0,1,1,1,1,0,2,1,3,2,2,1,0,0,1,1,1
NA1_5079388545,2025-01-14 02:44:50.716361,0.98,1.0,19.5,2,2,0,1,2,1,1,1,1,2,0,0,1,0,1,0
NA1_5030081591,2025-01-14 02:44:51.813300,0.8200000000000001,1.0,17.0,1,1,2,1,1,1,3,1,1,1,0,0,0,1,1,0
NA1_5030081591,2025-01-14 02:44:51.813300,0.8799999999999999,1.0,10.5,1,1,0,1,1,0,1,1,3,1,2,0,1,1,1,1
NA1_5025800343,2025-01-14 02:44:52.759177,0.41999999999999993,0.6,11.0,0,0,0,2,1,2,1,1,2,1,2,1,0,1,2,1
NA1_5025800343,2025-01-14 02:44:52.759177,0.54,1.0,20.0,1,2,0,1,2,1,1,1,1,1,0,0,1,0,1,0
NA1_5025790638,2025-01-14 02:44:53.662487,0.5800000000000001,1.0,15.5,2,3,1,1,2,0,2,1,1,3,1,0,0,1,1,0
NA1_5025790638,2025-01-14 02:44:53.662487,0.8999999999999999,1.0,13.0,2,2,0,1,1,1,2,1,1,2,0,0,1,0,1,1
NA1_5031789185,2025-01-14 02:44:54.568806,0.72,1.0,19.5,1,1,1,1,1,0,1,1,1,1,1,0,1,1,1,1
NA1_5031789185,2025-01-14 02:44:54.568806,0.94,0.6,9.0,0,0,1,0,2,3,1,3,1,3,1,1,1,1,0,0
NA1_5030952175,2025-01-14 02:44:55.495759,0.72,1.0,19.5,2,2,1,1,2,0,2,2,2,1,1,1,2,0,1,0
NA1_5030952175,2025-01-14 02:44:55.495759,0.9600000000000002,1.0,19.5,1,3,0,1,1,1,2,2,3,1,1,1,1,0,1,1
NA1_5030949915,2025-01-14 02:44:56.631498,0.94,1.0,15.5,3,2,1,1,1,0,2,1,2,1,2,1,1,0,1,1
NA1_5030949915,2025-01-14 02:44:56.631498,0.8599999999999999,1.0,15.5,1,1,0,2,1,0,2,1,1,1,1,0,1,0,1,0
NA1_5020871774,2025-01-14 02:44:57.524454,0.8600000000000001,1.0,23.0,3,1,1,1,1,0,2,1,1,2,1,0,1,0,1,1
NA1_5020871774,2025-01-14 02:44:57.524454,0.94,1.0,12.0,1,2,0,1,2,1,1,2,1,1,1,0,2,0,2,0
NA1_5010451401,2025-01-14 02:44:58.428479,0.8199999999999998,0.8,9.5,0,0,1,1,0,2,1,2,1,1,2,1,1,0,1,1
NA1_5010451401,2025-01-14 02:44:58.428479,0.54,0.8,11.0,2,2,0,2,0,0,0,0,2,1,2,2,0,0,2,0
NA1_5009306521,2025-01-14 02:44:59.378043,0.76,0.8,21.0,1,2,0,1,2,0,0,1,2,3,2,3,0,0,1,0
NA1_5009306521,2025-01-14 02:44:59.378043,0.8800000000000001,0.8,10.0,1,2,0,2,1,1,0,2,2,2,1,0,3,0,2,1
NA1_5039016630,2025-01-14 02:45:00.315164,0.94,1.0,19.5,1,0,1,1,1,2,2,3,2,1,1,1,1,1,1,0
NA1_5039016630,2025-01-14 02:45:00.315164,0.6200000000000001,0.6,10.0,0,0,0,1,1,2,1,3,1,1,0,0,4,0,1,1
NA1_5038998594,2025-01-14 02:45:01.334566,0.48,0.8,19.0,2,3,0,2,0,1,1,0,1,1,1,0,0,0,2,0
NA1_5038998594,2025-01-14 02:45:01.334566,0.8999999999999999,1.0,17.0,2,2,1,1,1,2,1,1,1,1,1,1,2,0,1,1
NA1_5038056990,2025-01-14 02:45:02.218206,0.9200000000000002,1.0,16.5,1,1,1,2,1,0,1,1,1,2,0,0,1,1,1,1
NA1_5038056990,2025-01-14 02:45:02.218206,0.6400000000000001,0.6,15.0,0,0,0,1,4,1,1,2,2,1,1,1,2,1,2,0
NA1_5094548565,2025-01-14 02:45:03.170216,0.9199999999999999,1.0,20.5,1,2,0,1,2,1,1,2,1,1,1,1,2,1,2,1
NA1_5094548565,2025-01-14 02:45:03.170216,0.5799999999999998,1.0,12.5,1,1,0,2,1,1,1,1,2,1,2,1,0,0,2,0
NA1_5094542364,2025-01-14 02:45:04.051361,0.6400000000000001,0.6,11.0,0,0,0,3,1,1,1,1,1,2,1,0,0,1,2,0
NA1_5094542364,2025-01-14 02:45:04.051361,0.8799999999999999,1.0,16.5,1,2,0,1,1,0,1,1,1,1,1,1,0,0,1,1
NA1_5093848426,2025-01-14 02:45:04.961370,0.96,1.0,18.0,1,2,0,1,2,1,1,2,3,2,1,1,1,0,1,0
NA1_5093848426,2025-01-14 02:45:04.961370,0.8999999999999999,0.8,24.0,2,4,1,0,1,0,2,2,2,1,3,1,0,0,0,1
NA1_5098961860,2025-01-14 02:45:05.889550,0.8999999999999999,0.6,14.0,0,0,1,1,1,0,1,3,2,0,1,2,1,1,2,0
NA1_5098961860,2025-01-14 02:45:05.889550,0.96,1.0,18.5,2,2,0,1,1,0,1,1,2,1,1,0,1,1,1,1
NA1_5098718225,2025-01-14 02:45:06.795138,0.6800000000000002,0.8,15.5,0,1,1,1,1,0,1,1,3,1,3,1,0,1,1,0
NA1_5098718225,2025-01-14 02:45:06.795138,0.6799999999999999,1.0,19.0,2,1,0,1,1,1,1,2,1,1,0,0,1,0,1,1
NA1_5097974097,2025-01-14 02:45:07.712504,0.8200000000000001,0.6,14.0,0,0,0,1,0,2,2,1,1,1,2,1,0,1,1,1
NA1_5097974097,2025-01-14 02:45:07.712504,0.8400000000000003,0.8,10.0,2,0,0,1,1,1,1,2,2,1,2,1,2,0,1,0
NA1_5015770710,2025-01-14 02:45:08.622472,0.8000000000000003,0.6,12.5,1,0,0,0,3,4,0,2,1,2,2,0,1,0,0,0
NA1_5015770710,2025-01-14 02:45:08.622472,0.8999999999999999,1.0,17.0,1,1,2,1,2,1,1,2,2,2,0,0,0,0,1,1
NA1_5009055556,2025-01-14 02:45:09.545576,0.8200000000000001,1.0,13.0,1,1,1,2,1,0,1,2,2,1,2,1,1,1,2,1
NA1_5009055556,2025-01-14 02:45:09.545576,0.8800000000000001,1.0,21.0,1,1,1,1,2,1,1,2,2,1,0,1,0,1,1,0
NA1_5009047620,2025-01-14 02:45:10.447095,0.96,0.6,15.5,0,1,2,2,2,0,1,2,0,1,1,0,1,1,2,1
NA1_5009047620,2025-01-14 02:45:10.447095,0.7799999999999998,0.8,18.5,0,0,1,1,0,2,2,2,1,1,1,1,1,1,1,0
NA1_5099194051,2025-01-14 02:45:11.317121,0.54,1.0,18.5,1,1,0,2,1,1,2,1,1,1,2,1,0,1,2,1
NA1_5099194051,2025-01-14 02:45:11.317121,0.98,1.0,14.0,2,2,0,1,2,0,1,2,2,1,0,1,1,0,1,0
NA1_5099156115,2025-01-14 02:45:12.256182,0.74,0.8,12.0,3,2,0,2,0,0,0,0,3,3,1,0,0,0,1,0
NA1_5099156115,2025-01-14 02:45:12.256182,0.8199999999999998,0.8,14.0,0,1,1,1,1,1,1,1,2,1,2,2,0,1,1,1
NA1_5097030681,2025-01-14 02:45:13.222723,0.8400000000000001,0.6,17.0,0,0,0,1,2,2,2,2,2,2,1,2,1,1,2,1
NA1_5097030681,2025-01-14 02:45:13.222723,0.56,1.0,17.5,1,3,0,1,1,1,1,2,2,2,2,2,0,0,1,0
NA1_5090772420,2025-01-14 02:45:14.142692,0.8399999999999999,0.6,9.0,0,1,1,2,0,0,1,0,2,1,2,1,0,1,2,0
NA1_5090772420,2025-01-14 02:45:14.142692,0.9200000000000002,0.8,18.5,0,1,0,1,2,1,1,2,1,2,1,1,1,1,2,1
NA1_5086881868,2025-01-14 02:45:15.118131,0.7200000000000002,1.0,14.5,1,2,1,2,0,1,1,2,1,1,1,0,0,1,2,0
NA1_5086881868,2025-01-14 02:45:15.118131,0.8599999999999999,1.0,12.0,1,0,1,1,2,1,2,2,1,2,1,0,2,1,1,1
NA1_5086855659,2025-01-14 02:45:16.049169,0.8399999999999999,1.0,14.0,1,2,0,1,2,1,2,3,2,1,1,2,0,0,1,0
NA1_5086855659,2025-01-14 02:45:16.049169,0.74,0.4,2.0,0,0,0,2,0,1,1,0,1,1,2,1,0,1,2,1
NA1_5098697148,2025-01-14 02:45:16.978198,0.8800000000000001,0.8,18.0,2,2,0,1,1,0,0,1,2,2,2,0,1,0,1,1
NA1_5098697148,2025-01-14 02:45:16.978198,0.8599999999999999,1.0,19.5,1,2,1,1,1,2,2,1,2,1,1,0,0,0,1,0
NA1_5098674295,2025-01-14 02:45:17.916766,0.8600000000000001,1.0,9.5,1,0,1,1,2,1,1,2,1,1,1,1,1,0,1,1
NA1_5098674295,2025-01-14 02:45:17.916766,0.96,0.8,21.5,3,3,0,2,0,0,0,0,2,3,1,0,2,0,2,0
NA1_5098664792,2025-01-14 02:45:18.852717,0.8,0.8,13.0,2,2,0,2,1,0,1,1,0,2,0,0,0,0,2,0
NA1_5098664792,2025-01-14 02:45:18.852717,0.8799999999999999,0.8,7.5,0,0,1,1,1,1,1,3,1,1,0,0,2,1,2,1
NA1_5099250917,2025-01-14 02:45:19.760507,0.8999999999999999,1.0,22.5,1,1,2,1,1,1,2,1,2,1,1,0,1,1,1,1
NA1_5099250917,2025-01-14 02:45:19.760507,0.8999999999999999,1.0,16.0,1,1,0,1,2,0,2,3,2,1,1,1,2,0,1,0
NA1_5099202357,2025-01-14 02:45:20.729473,0.7799999999999998,1.0,25.0,3,3,1,2,0,0,2,1,2,1,1,1,0,1,2,1
NA1_5099202357,2025-01-14 02:45:20.729473,0.6000000000000001,1.0,11.0,1,0,1,1,0,1,1,1,3,1,2,1,0,1,1,0
NA1_5099122266,2025-01-14 02:45:21.660472,0.8599999999999999,1.0,17.5,1,2,1,1,1,1,2,2,1,2,1,1,1,0,1,1
NA1_5099122266,2025-01-14 02:45:21.660472,0.54,0.8,14.5,0,1,1,1,0,2,2,2,2,1,1,1,0,1,1,0
NA1_5099318226,2025-01-14 02:45:22.550592,0.8,1.0,13.0,2,1,2,1,1,1,2,1,3,1,1,0,0,1,1,1
NA1_5099318226,2025-01-14 02:45:22.550592,0.78,1.0,20.0,1,1,0,1,3,1,2,3,1,1,1,0,1,0,1,0
NA1_5099138505,2025-01-14 02:45:23.495851,0.8200000000000001,0.8,16.0,0,0,1,1,2,1,2,2,1,2,0,0,0,2,1,1
NA1_5099138505,2025-01-14 02:45:23.495851,0.8199999999999998,1.0,18.0,1,0,2,1,1,2,1,1,1,2,2,0,1,0,1,0
NA1_5099099799,2025-01-14 02:45:24.378469,0.9200000000000002,1.0,13.0,1,1,0,2,0,1,1,1,2,2,1,1,0,1,2,0
NA1_5099099799,2025-01-14 02:45:24.378469,0.78,1.0,22.5,3,2,0,0,1,0,1,2,2,1,1,1,1,0,1,1
NA1_5098628866,2025-01-14 02:45:25.269924,0.6799999999999999,0.8,11.0,1,1,1,2,1,0,1,0,1,2,0,1,0,1,2,0
NA1_5098628866,2025-01-14 02:45:25.269924,0.98,1.0,20.0,1,1,1,1,1,1,2,2,1,2,1,0,2,0,1,1
NA1_5097467966,2025-01-14 02:45:26.166520,0.78,0.8,5.5,1,0,0,1,1,1,1,2,1,3,1,0,0,1,1,0
NA1_5097467966,2025-01-14 02:45:26.166520,0.8800000000000001,0.8,12.5,2,2,0,1,1,2,0,1,3,3,2,0,0,0,1,1
NA1_5095841946,2025-01-14 02:45:27.082512,0.21999999999999997,1.0,15.0,2,3,0,2,0,1,2,1,2,1,2,1,0,1,2,0
NA1_5095841946,2025-01-14 02:45:27.082512,0.8800000000000001,1.0,14.0,2,2,1,1,0,0,1,2,3,1,1,1,0,1,1,1
NA1_5012106428,2025-01-14 02:45:28.129023,0.8999999999999999,1.0,14.5,2,2,0,1,1,1,2,3,1,2,1,0,1,0,1,0
NA1_5012106428,2025-01-14 02:45:28.129023,0.94,1.0,19.0,1,1,0,1,3,0,1,3,1,1,1,1,2,0,1,1
NA1_5012091341,2025-01-14 02:45:29.167453,0.9200000000000002,1.0,21.0,3,2,1,1,1,0,2,1,2,1,1,0,0,0,1,1
NA1_5012091341,2025-01-14 02:45:29.167453,0.98,1.0,13.5,1,0,2,1,2,0,3,2,2,1,0,1,1,1,1,0
NA1_5008587183,2025-01-14 02:45:30.071263,0.8599999999999999,0.6,8.5,0,0,0,2,2,1,1,3,1,1,1,1,1,0,1,1
NA1_5008587183,2025-01-14 02:45:30.071263,0.8400000000000001,1.0,10.0,1,0,1,2,1,0,2,1,1,2,1,0,0,1,1,0
NA1_5097305612,2025-01-14 02:45:31.021119,0.98,0.6,15.0,0,0,0,1,2,0,2,2,2,1,2,1,1,1,2,1
NA1_5097305612,2025-01-14 02:45:31.021119,0.8599999999999999,0.6,15.5,0,0,0,2,1,2,1,2,1,1,2,0,0,1,2,0
NA1_5095659274,2025-01-14 02:46:16.896091,0.8,0.4,13.5,0,0,0,2,2,1,1,1,0,1,0,0,0,1,2,1
NA1_5095659274,2025-01-14 02:46:16.896091,0.8799999999999999,0.8,13.0,0,1,1,1,1,2,1,2,3,1,2,1,1,1,1,0
NA1_5095631981,2025-01-14 02:46:18.025623,0.8199999999999998,1.0,18.0,2,2,0,1,1,1,2,2,1,2,2,0,1,0,1,0
NA1_5095631981,2025-01-14 02:46:18.025623,0.8800000000000001,0.6,16.0,0,0,0,1,2,1,1,2,1,1,1,1,1,1,2,1
NA1_5030062151,2025-01-14 02:46:19.188412,0.8,1.0,18.0,1,2,0,2,1,0,2,2,2,1,2,0,1,1,2,1
NA1_5030062151,2025-01-14 02:46:19.188412,0.76,0.8,19.5,2,2,1,1,0,1,2,0,2,1,1,0,1,1,1,0
NA1_5026954116,2025-01-14 02:46:20.232796,0.8599999999999999,0.8,15.5,0,1,0,1,2,1,2,3,1,1,1,1,1,0,1,1
NA1_5026954116,2025-01-14 02:46:20.232796,0.72,0.8,19.5,1,1,0,1,2,0,2,2,1,0,1,1,1,0,1,0
NA1_5025525811,2025-01-14 02:46:21.341757,0.9600000000000002,0.8,9.5,0,1,0,1,1,2,1,1,2,1,2,1,1,1,1,0
NA1_5025525811,2025-01-14 02:46:21.341757,0.96,0.8,19.5,2,1,2,1,1,1,0,1,2,2,1,0,1,0,1,1
NA1_5097386110,2025-01-14 02:46:22.464334,0.8400000000000001,1.0,14.5,1,1,1,1,2,1,2,2,1,2,2,0,1,0,1,1
NA1_5097386110,2025-01-14 02:46:22.464334,0.5799999999999998,1.0,16.0,1,2,0,2,1,0,2,1,2,1,2,0,0,1,2,0
NA1_5097334338,2025-01-14 02:46:23.379412,0.8,1.0,19.5,2,3,1,1,0,0,2,2,3,1,2,1,0,0,1,1
NA1_5097334338,2025-01-14 02:46:23.379412,0.98,0.4,16.5,0,0,0,2,2,0,0,2,2,1,1,0,1,0,2,0
NA1_5097309109,2025-01-14 02:46:24.294752,0.8799999999999999,1.0,20.0,2,1,1,1,1,0,2,1,2,1,1,0,1,2,2,1
NA1_5097309109,2025-01-14 02:46:24.294752,0.8200000000000001,0.6,16.0,0,2,0,1,1,3,0,2,2,2,1,2,0,0,1,0
NA1_5097030828,2025-01-14 02:46:25.228543,0.98,1.0,16.0,2,0,1,1,1,1,1,1,2,1,1,0,1,0,1,0
NA1_5097030828,2025-01-14 02:46:25.228543,0.76,1.0,16.0,2,3,0,1,1,1,1,1,1,1,2,1,0,0,1,1
NA1_5038632783,2025-01-14 02:46:26.153485,0.5800000000000001,0.8,18.5,1,1,0,1,2,2,2,3,0,1,0,0,1,0,1,1
NA1_5038632783,2025-01-14 02:46:26.153485,0.9200000000000002,1.0,14.5,1,2,1,1,1,1,1,1,2,3,2,1,0,1,1,0
NA1_5038601891,2025-01-14 02:46:27.086270,0.8199999999999998,1.0,19.0,2,1,2,2,0,0,2,2,1,1,0,0,0,1,1,0
NA1_5038601891,2025-01-14 02:46:27.086270,0.8599999999999999,1.0,21.5,1,1,1,1,3,1,3,3,1,1,0,0,2,0,1,1
NA1_5098552811,2025-01-14 02:46:28.023978,0.56,1.0,25.0,2,2,1,1,1,1,2,1,1,2,0,0,1,0,1,1
NA1_5098552811,2025-01-14 02:46:28.023978,0.7599999999999998,1.0,12.0,1,1,0,1,0,2,1,2,3,1,1,1,0,0,1,0
NA1_5098534064,2025-01-14 02:46:28.955356,0.72,0.8,14.0,0,2,1,1,0,1,1,1,2,2,2,1,0,1,1,0
NA1_5098534064,2025-01-14 02:46:28.955356,0.6000000000000001,1.0,16.0,1,2,0,2,1,1,2,1,2,2,1,1,1,1,2,1
NA1_5098508113,2025-01-14 02:46:29.896108,0.8600000000000001,0.8,11.5,0,1,0,1,1,1,1,2,2,2,2,1,3,0,1,0
NA1_5098508113,2025-01-14 02:46:29.896108,0.98,0.6,15.0,0,2,1,1,1,0,1,0,2,2,2,1,0,1,1,1
NA1_5041786323,2025-01-14 02:46:30.831557,0.8800000000000001,0.6,12.0,0,1,0,1,2,1,1,3,2,2,1,2,1,0,0,0
NA1_5041786323,2025-01-14 02:46:30.831557,0.56,0.8,11.5,0,1,0,2,1,2,2,1,1,1,1,1,0,1,2,1
NA1_5032146488,2025-01-14 02:46:31.759269,0.8400000000000001,0.8,18.0,1,2,1,1,1,1,3,2,1,0,1,1,0,1,1,1
NA1_5032146488,2025-01-14 02:46:31.759269,0.8800000000000001,1.0,9.0,1,1,0,2,2,1,1,2,1,1,0,0,0,0,1,0
NA1_5031849695,2025-01-14 02:46:32.725244,0.72,1.0,16.0,1,1,0,1,2,1,2,3,1,2,0,0,2,0,1,1
NA1_5031849695,2025-01-14 02:46:32.725244,0.9600000000000002,0.8,13.5,2,1,0,0,2,1,1,2,2,1,1,0,1,0,0,0
NA1_5098855252,2025-01-14 02:46:33.711661,0.5399999999999998,1.0,16.0,2,2,0,1,0,1,1,1,3,1,1,2,0,0,1,1
NA1_5098855252,2025-01-14 02:46:33.711661,0.48,1.0,11.5,1,0,1,1,0,1,1,2,2,1,1,2,0,1,1,0
NA1_5098822734,2025-01-14 02:46:34.724993,0.6399999999999999,0.8,14.0,1,1,1,2,0,1,1,0,2,2,1,1,1,0,2,1
NA1_5098822734,2025-01-14 02:46:34.724993,0.8400000000000001,1.0,18.0,2,1,0,3,1,0,1,1,2,1,1,0,1,0,2,0
NA1_5098802766,2025-01-14 02:46:35.777076,0.8999999999999999,1.0,13.5,1,2,0,2,2,0,2,2,2,1,1,0,1,0,1,1
NA1_5098802766,2025-01-14 02:46:35.777076,0.8599999999999999,1.0,22.0,1,1,0,2,2,0,1,2,1,1,0,0,2,1,3,0
NA1_5070790049,2025-01-14 02:46:36.825226,0.76,1.0,16.5,2,2,1,1,1,2,2,2,2,1,2,1,0,0,1,1
NA1_5070790049,2025-01-14 02:46:36.825226,0.8399999999999999,1.0,17.0,2,1,1,1,1,1,2,1,1,1,1,0,1,0,1,0
NA1_5070731584,2025-01-14 02:46:37.872732,0.6000000000000001,1.0,19.5,2,2,0,1,2,0,3,2,1,1,0,0,1,0,1,0
NA1_5070731584,2025-01-14 02:46:37.872732,0.52,1.0,12.5,1,3,0,1,1,3,1,1,1,1,1,1,0,0,1,1
NA1_5070676802,2025-01-14 02:46:38.894926,0.8799999999999999,1.0,24.5,3,3,0,1,0,1,1,1,1,2,0,0,0,0,1,0
NA1_5070676802,2025-01-14 02:46:38.894926,0.8800000000000001,1.0,16.0,1,1,1,1,2,1,1,2,1,1,0,0,0,0,1,1
NA1_5084307417,2025-01-14 02:46:39.874289,0.8599999999999999,0.8,8.5,0,1,0,2,2,1,2,3,1,1,0,0,1,0,2,0
NA1_5084307417,2025-01-14 02:46:39.874289,0.9200000000000002,1.0,22.5,1,1,0,1,2,0,1,2,2,2,2,1,1,1,2,1
NA1_5084270138,2025-01-14 02:46:40.833582,0.96,1.0,23.5,3,3,0,1,0,0,1,1,3,2,1,1,0,0,1,0
NA1_5084270138,2025-01-14 02:46:40.833582,0.8999999999999999,1.0,10.5,1,1,0,1,1,1,1,1,2,1,2,1,1,0,2,1
NA1_5084238219,2025-01-14 02:46:41.816507,0.9200000000000002,1.0,18.0,1,2,0,1,2,2,2,2,1,1,0,0,1,0,1,1
NA1_5084238219,2025-01-14 02:46:41.816507,0.8199999999999998,1.0,20.5,1,2,0,1,1,3,1,1,2,2,1,2,0,0,1,0
NA1_5080274349,2025-01-14 02:46:42.795772,0.8400000000000001,1.0,14.5,2,2,0,2,1,0,2,1,1,1,1,0,1,0,2,1
NA1_5080274349,2025-01-14 02:46:42.795772,0.8400000000000001,0.8,12.5,2,1,0,1,2,1,0,1,2,2,1,2,0,0,1,0
NA1_5080205141,2025-01-14 02:46:43.762133,0.6000000000000001,0.8,14.5,0,2,0,1,1,1,2,1,1,1,1,0,0,0,1,1
NA1_5080205141,2025-01-14 02:46:43.762133,0.8,0.8,17.0,1,1,0,1,3,1,0,2,1,2,1,0,1,0,1,0
NA1_5080156789,2025-01-14 02:46:44.777465,0.74,0.6,9.0,0,0,0,2,2,1,1,2,1,1,1,1,2,0,1,0
NA1_5080156789,2025-01-14 02:46:44.777465,0.8199999999999998,1.0,17.0,1,2,0,1,2,1,1,1,1,2,1,1,1,0,1,1
NA1_5066483535,2025-01-14 02:46:45.795915,0.76,0.8,13.5,0,1,0,1,2,1,2,3,1,1,2,1,2,0,1,1
NA1_5066483535,2025-01-14 02:46:45.795915,0.72,1.0,17.5,1,3,0,2,1,1,2,1,2,1,0,0,0,0,2,0
NA1_5066431770,2025-01-14 02:46:46.760451,0.8400000000000001,1.0,18.5,2,2,0,2,0,1,1,1,1,2,2,0,0,1,2,0
NA1_5066431770,2025-01-14 02:46:46.760451,0.6799999999999999,0.8,11.5,1,0,0,2,1,0,1,1,2,1,2,0,1,0,2,1
NA1_5061846965,2025-01-14 02:46:47.753784,0.8599999999999999,1.0,15.0,1,1,0,1,2,1,2,2,3,2,2,2,0,0,1,1
NA1_5061846965,2025-01-14 02:46:47.753784,0.6599999999999999,0.8,13.5,0,1,2,1,2,1,3,3,1,1,1,0,2,2,1,0
NA1_5094840076,2025-01-14 02:46:48.663299,0.8,1.0,18.0,1,0,1,2,2,0,2,2,1,1,0,0,1,0,2,1
NA1_5094840076,2025-01-14 02:46:48.663299,0.8799999999999999,1.0,20.5,1,4,1,1,0,1,1,1,1,2,2,0,0,1,1,0
NA1_5094821869,2025-01-14 02:46:49.700891,0.8400000000000001,1.0,19.5,1,2,1,1,1,1,1,2,1,1,2,1,0,0,1,0
NA1_5094821869,2025-01-14 02:46:49.700891,0.6599999999999999,1.0,11.5,1,1,0,2,1,1,2,1,1,1,2,0,1,1,2,1
NA1_5090787747,2025-01-14 02:46:50.638333,0.8199999999999998,0.8,15.0,1,1,0,1,1,1,0,1,2,2,1,1,1,0,1,0
NA1_5090787747,2025-01-14 02:46:50.638333,0.9200000000000002,1.0,14.0,1,0,1,1,1,1,2,1,1,2,2,0,0,1,1,1
NA1_5096056890,2025-01-14 02:46:51.686928,0.8199999999999998,1.0,13.5,1,1,0,1,2,2,1,2,1,1,0,0,1,0,1,1
NA1_5096056890,2025-01-14 02:46:51.686928,0.8800000000000001,1.0,25.5,2,3,0,1,1,0,3,2,2,1,2,0,0,0,1,0
NA1_5095997541,2025-01-14 02:46:52.689265,0.8799999999999999,0.8,15.5,2,0,0,1,1,0,3,1,2,1,2,0,0,1,1,1
NA1_5095997541,2025-01-14 02:46:52.689265,0.8599999999999999,1.0,13.0,1,1,1,2,0,1,2,1,1,1,0,0,0,1,1,0
NA1_5095978841,2025-01-14 02:46:53.766479,0.5800000000000001,1.0,20.5,3,1,1,1,1,1,2,1,2,2,1,0,1,0,1,0
NA1_5095978841,2025-01-14 02:46:53.766479,0.8,1.0,20.0,1,2,0,1,1,1,1,2,1,1,1,1,0,0,1,1
NA1_5095474704,2025-01-14 02:46:54.705344,0.52,0.8,10.5,1,0,0,2,1,0,2,2,1,1,2,0,1,1,2,1
NA1_5095474704,2025-01-14 02:46:54.705344,0.8600000000000001,1.0,11.5,2,1,1,1,2,1,1,1,2,1,1,0,2,1,1,0
NA1_5095452310,2025-01-14 02:46:55.622725,0.8599999999999999,1.0,20.0,1,2,0,2,1,0,1,2,2,1,1,0,0,1,2,1
NA1_5095452310,2025-01-14 02:46:55.622725,0.8799999999999999,1.0,23.0,1,3,2,1,1,1,4,1,1,2,0,0,0,1,1,0
NA1_5095436346,2025-01-14 02:46:56.528657,0.98,1.0,9.5,1,1,0,1,1,1,1,2,1,2,3,0,1,0,1,1
NA1_5095436346,2025-01-14 02:46:56.528657,0.54,0.6,12.5,0,0,0,2,0,2,1,3,1,2,0,0,1,1,2,0
NA1_5099218517,2025-01-14 02:46:57.645275,0.74,1.0,11.5,1,1,1,1,2,1,1,2,1,1,0,0,0,1,1,1
NA1_5099218517,2025-01-14 02:46:57.645275,0.8199999999999998,1.0,18.0,1,1,0,1,0,2,1,1,2,2,0,1,0,1,1,0
NA1_5097207912,2025-01-14 02:46:58.594847,0.94,1.0,17.0,2,0,1,1,1,1,1,1,3,2,1,1,1,0,1,0
NA1_5097207912,2025-01-14 02:46:58.594847,0.8999999999999999,1.0,17.0,2,2,1,1,1,1,1,1,2,1,1,0,0,0,1,1
NA1_5097154534,2025-01-14 02:46:59.551588,0.8,1.0,19.5,2,2,0,2,2,0,1,1,1,1,0,0,1,1,2,0
NA1_5097154534,2025-01-14 02:46:59.551588,0.8799999999999999,1.0,18.0,2,1,2,1,0,0,2,2,3,2,0,1,0,1,1,1
NA1_5084209647,2025-01-14 02:47:00.461308,0.8799999999999999,0.6,11.0,0,0,0,1,1,2,1,3,2,2,0,0,1,1,1,1
NA1_5084209647,2025-01-14 02:47:00.461308,0.9200000000000002,1.0,14.0,2,2,0,2,1,1,1,2,1,2,0,1,1,0,1,0
NA1_5084163683,2025-01-14 02:47:01.386437,0.8,0.8,15.0,1,2,0,2,2,0,1,2,0,1,0,0,0,0,2,1
NA1_5084163683,2025-01-14 02:47:01.386437,0.78,0.8,16.5,1,1,0,1,2,3,1,2,0,1,0,0,0,0,1,0
NA1_5053890273,2025-01-14 02:47:02.351438,0.8800000000000001,1.0,13.0,1,0,1,1,1,2,2,2,1,1,0,0,0,0,1,1
NA1_5053890273,2025-01-14 02:47:02.351438,0.78,1.0,20.5,2,2,0,1,2,1,2,3,1,1,0,1,0,0,1,0
NA1_5014718963,2025-01-14 02:47:03.390724,0.9199999999999999,1.0,12.5,2,1,0,1,1,2,1,2,1,1,2,0,1,0,1,1
NA1_5014718963,2025-01-14 02:47:03.390724,0.94,1.0,20.0,2,1,0,1,1,1,1,1,2,1,2,1,0,0,1,0
NA1_5014713019,2025-01-14 02:47:04.318602,0.8799999999999999,1.0,19.0,2,1,1,1,1,2,2,1,2,1,0,0,0,1,1,1
NA1_5014713019,2025-01-14 02:47:04.318602,0.8599999999999999,1.0,15.5,1,1,1,1,2,0,2,2,3,1,0,0,2,1,1,0
NA1_5014702438,2025-01-14 02:47:05.262441,0.76,1.0,17.0,2,2,0,1,2,1,1,2,1,1,0,0,0,0,1,0
NA1_5014702438,2025-01-14 02:47:05.262441,0.8400000000000001,1.0,16.5,3,1,2,1,1,0,1,1,2,1,1,1,0,1,1,1
NA1_5012940968,2025-01-14 02:47:06.189658,0.8800000000000001,1.0,11.5,1,0,1,1,2,0,1,2,2,2,1,2,1,1,1,1
NA1_5012940968,2025-01-14 02:47:06.189658,0.9200000000000002,1.0,21.0,2,2,0,1,1,0,1,3,2,1,0,1,1,0,1,0
NA1_5012896511,2025-01-14 02:47:07.155668,0.8199999999999998,0.8,10.5,0,0,1,2,1,1,1,1,1,1,1,1,1,1,1,0
NA1_5012896511,2025-01-14 02:47:07.155668,0.52,1.0,10.0,1,1,0,3,0,1,1,1,2,1,1,1,0,1,2,1
NA1_5012638118,2025-01-14 02:47:08.131282,0.96,1.0,10.5,1,0,1,1,1,1,1,1,2,1,2,1,1,1,1,0
NA1_5012638118,2025-01-14 02:47:08.131282,0.8800000000000001,0.8,16.0,2,0,1,0,2,1,2,3,3,1,1,1,0,0,0,1
NA1_5087605302,2025-01-14 02:47:09.085482,0.98,1.0,17.5,1,1,2,1,2,0,2,2,2,3,0,1,0,0,1,1
NA1_5087605302,2025-01-14 02:47:09.085482,0.8599999999999999,1.0,20.0,1,1,1,1,1,1,1,1,1,2,2,0,0,1,1,0
NA1_5087583868,2025-01-14 02:47:10.030043,0.8000000000000003,0.8,13.0,1,0,0,1,0,2,1,2,1,1,3,0,0,1,1,1
NA1_5087583868,2025-01-14 02:47:10.030043,0.56,0.4,14.5,0,0,0,2,1,1,1,0,2,2,3,2,0,1,2,0
NA1_5087443425,2025-01-14 02:47:11.003660,0.8599999999999999,1.0,15.0,1,1,1,1,1,2,1,1,2,1,2,1,0,1,1,1
NA1_5087443425,2025-01-14 02:47:11.003660,0.98,0.8,13.0,0,1,0,1,2,3,1,2,1,2,1,0,1,0,1,0
NA1_5098274189,2025-01-14 02:47:11.980146,0.8199999999999998,0.6,12.5,0,0,0,1,2,2,1,2,1,2,0,0,0,1,1,1
NA1_5098274189,2025-01-14 02:47:11.980146,0.8999999999999999,1.0,11.5,2,2,0,1,1,1,2,2,1,2,1,0,1,0,1,0
NA1_5029317580,2025-01-14 02:47:12.951824,0.6799999999999999,1.0,15.5,2,2,1,1,2,1,1,2,2,2,0,0,2,0,1,0
NA1_5029317580,2025-01-14 02:47:12.951824,0.8400000000000001,0.8,15.0,1,0,1,1,2,0,3,2,1,0,1,1,2,0,1,1
NA1_5027153517,2025-01-14 02:47:13.893332,0.8599999999999999,0.8,7.0,0,0,1,2,1,1,1,1,2,3,1,1,0,1,1,1
NA1_5027153517,2025-01-14 02:47:13.893332,0.8799999999999999,0.8,22.0,2,2,1,1,1,1,0,2,3,2,0,0,1,0,1,0
NA1_5098475775,2025-01-14 02:47:14.818076,0.9199999999999999,1.0,12.5,2,1,1,1,1,1,2,2,2,1,2,1,1,1,1,1
NA1_5098475775,2025-01-14 02:47:14.818076,0.98,0.8,16.0,0,1,0,1,1,2,1,2,1,1,1,0,0,1,1,0
NA1_5098438174,2025-01-14 02:47:15.740497,0.9199999999999999,1.0,11.0,2,0,1,1,0,1,2,1,2,1,1,0,0,0,1,1
NA1_5098438174,2025-01-14 02:47:15.740497,0.94,1.0,12.0,2,0,1,1,1,1,1,1,1,1,2,1,0,0,1,0
NA1_5098394167,2025-01-14 02:47:16.893481,0.8400000000000001,1.0,13.0,1,1,0,1,2,1,1,2,2,2,2,1,1,0,1,0
NA1_5098394167,2025-01-14 02:47:16.893481,0.6800000000000002,0.6,11.5,0,0,0,1,1,2,1,2,2,1,2,2,1,0,1,1
NA1_5099121104,2025-01-14 02:47:17.828113,0.8799999999999999,1.0,14.5,2,2,1,1,1,0,2,1,2,1,2,1,1,1,1,1
NA1_5099121104,2025-01-14 02:47:17.828113,0.8,1.0,18.0,1,2,1,1,0,0,1,1,2,2,3,0,1,0,1,0
NA1_5099080868,2025-01-14 02:47:18.733265,0.8599999999999999,1.0,11.0,1,2,0,1,1,2,1,2,3,2,1,1,1,0,1,0
NA1_5099080868,2025-01-14 02:47:18.733265,0.8400000000000001,0.8,20.0,2,2,0,0,2,1,2,2,2,1,1,2,0,0,0,1
NA1_5098974735,2025-01-14 02:47:19.648253,0.8800000000000001,0.8,12.5,1,1,1,1,2,1,2,1,2,1,2,1,1,1,0,1
NA1_5098974735,2025-01-14 02:47:19.648253,0.94,1.0,16.0,1,1,0,1,2,0,2,2,3,1,2,0,1,1,2,0
NA1_5007683897,2025-01-14 02:47:20.599185,0.96,1.0,13.0,2,1,0,2,2,0,2,2,1,1,1,0,1,0,2,0
NA1_5007683897,2025-01-14 02:47:20.599185,0.8599999999999999,1.0,19.0,2,2,0,1,1,1,1,2,1,2,0,0,0,0,1,1
NA1_5006667653,2025-01-14 02:47:21.525435,0.7000000000000002,0.8,13.5,0,1,1,1,4,0,2,4,1,2,0,1,2,0,1,0
NA1_5006667653,2025-01-14 02:47:21.525435,0.6799999999999999,1.0,16.0,1,1,0,1,1,1,1,2,2,1,2,0,1,1,1,1
NA1_5006635165,2025-01-14 02:47:22.429263,0.8800000000000001,1.0,18.0,1,1,0,1,1,1,1,1,1,1,0,0,1,1,1,0
NA1_5006635165,2025-01-14 02:47:22.429263,0.9199999999999999,0.8,13.5,0,2,0,1,2,1,1,2,1,2,1,1,2,0,1,1
NA1_5016296883,2025-01-14 02:47:23.414625,0.8599999999999999,0.8,17.5,2,1,1,1,1,0,2,0,3,0,1,1,1,1,1,0
NA1_5016296883,2025-01-14 02:47:23.414625,0.98,1.0,21.5,1,3,0,1,0,1,1,2,2,1,3,1,1,0,1,1
NA1_5015048551,2025-01-14 02:47:24.429311,0.74,0.8,21.0,0,1,1,1,3,0,1,4,2,2,1,0,1,0,1,1
NA1_5015048551,2025-01-14 02:47:24.429311,0.8399999999999999,1.0,11.0,1,1,1,1,0,2,1,1,1,2,1,1,0,0,1,0
NA1_5014106441,2025-01-14 02:47:25.401369,0.76,0.8,16.5,1,2,0,2,1,1,1,2,1,0,0,1,0,0,2,1
NA1_5014106441,2025-01-14 02:47:25.401369,0.5800000000000001,1.0,20.5,1,1,2,1,3,0,2,1,2,1,0,0,2,2,1,0
NA1_5083565542,2025-01-14 02:47:26.325190,0.74,1.0,15.0,1,1,1,1,3,1,1,1,1,1,1,0,0,1,1,1
NA1_5083565542,2025-01-14 02:47:26.325190,0.9200000000000002,0.8,12.0,0,1,0,1,2,1,1,2,2,1,2,1,1,0,1,0
NA1_5083547205,2025-01-14 02:47:27.248686,0.7,0.6,12.5,1,0,0,1,1,1,0,1,3,1,2,2,2,0,1,0
NA1_5083547205,2025-01-14 02:47:27.248686,0.8200000000000001,1.0,17.0,2,1,1,1,0,0,1,2,3,1,1,1,0,1,1,1
NA1_5083420041,2025-01-14 02:47:28.164879,0.8400000000000001,0.8,11.0,0,1,0,1,2,1,2,2,1,1,1,1,3,0,1,0
NA1_5083420041,2025-01-14 02:47:28.164879,0.5799999999999998,0.8,18.5,0,3,0,1,1,1,3,2,1,1,2,0,0,0,1,1
NA1_5090577849,2025-01-14 02:47:29.145351,0.6400000000000001,1.0,10.0,1,1,0,2,0,1,1,2,2,1,2,1,0,1,2,0
NA1_5090577849,2025-01-14 02:47:29.145351,0.56,0.8,18.5,3,3,1,0,2,0,3,2,2,1,1,0,1,1,0,1
NA1_5090542979,2025-01-14 02:47:30.096197,0.2599999999999998,0.8,11.0,1,1,0,2,0,1,1,0,2,2,3,0,0,1,2,0
NA1_5090542979,2025-01-14 02:47:30.096197,0.94,1.0,15.0,1,2,1,1,1,1,1,1,2,1,2,0,0,1,1,1
NA1_5088044443,2025-01-14 02:47:31.021358,0.8999999999999999,0.8,15.5,1,0,0,1,1,1,1,3,2,1,1,1,1,0,1,0
NA1_5088044443,2025-01-14 02:47:31.021358,0.8800000000000001,0.6,11.0,0,0,0,1,3,0,1,3,2,2,0,0,1,0,1,1
NA1_5095103894,2025-01-14 02:47:31.980685,0.78,1.0,16.5,1,0,1,0,3,1,2,2,3,2,1,1,2,1,1,1
NA1_5095103894,2025-01-14 02:47:31.980685,0.6400000000000001,0.6,10.0,0,0,0,2,1,1,1,2,1,1,0,0,2,1,2,0
NA1_5095085046,2025-01-14 02:47:32.942671,0.8599999999999999,1.0,21.0,1,2,0,1,1,1,1,1,1,1,1,1,1,0,1,0
NA1_5095085046,2025-01-14 02:47:32.942671,0.5800000000000001,1.0,14.5,2,2,1,1,0,2,1,1,2,3,1,0,0,0,1,1
NA1_5095003280,2025-01-14 02:47:33.892434,0.6399999999999999,1.0,16.0,3,1,1,1,1,0,1,1,3,2,2,0,0,0,1,1
NA1_5095003280,2025-01-14 02:47:33.892434,0.8800000000000001,0.8,7.0,0,1,0,2,2,0,1,2,1,1,1,0,0,1,2,0
NA1_5098452875,2025-01-14 02:47:34.878887,0.8599999999999999,1.0,14.5,1,2,1,1,0,2,1,1,1,2,3,1,0,0,1,0
NA1_5098452875,2025-01-14 02:47:34.878887,0.9199999999999999,1.0,13.5,2,1,0,1,1,1,1,1,1,1,1,0,1,0,1,1
NA1_5095170534,2025-01-14 02:47:35.871455,0.6200000000000001,1.0,15.0,1,1,0,1,0,3,1,2,1,2,0,0,1,0,1,0
NA1_5095170534,2025-01-14 02:47:35.871455,0.5800000000000001,1.0,26.5,3,2,2,1,0,1,3,1,1,1,0,0,0,0,1,1
NA1_5094873692,2025-01-14 02:47:36.815494,0.9200000000000002,0.8,17.0,2,2,0,2,1,1,2,1,0,1,0,0,0,0,2,1
NA1_5094873692,2025-01-14 02:47:36.815494,0.8800000000000001,0.6,12.5,1,0,0,2,1,1,1,1,2,0,2,1,0,1,2,0
NA1_5097771565,2025-01-14 02:47:37.752252,0.6799999999999999,0.4,15.5,0,0,0,1,2,1,2,3,2,0,1,1,2,1,2,1
NA1_5097771565,2025-01-14 02:47:37.752252,0.9199999999999999,1.0,17.5,2,2,0,1,1,1,2,1,2,1,0,1,0,0,1,0
NA1_5097229601,2025-01-14 02:47:38.697898,0.7999999999999998,1.0,20.5,2,2,0,1,1,0,2,1,1,1,2,0,1,0,1,1
NA1_5097229601,2025-01-14 02:47:38.697898,0.78,0.8,13.5,0,2,0,1,0,4,1,2,1,2,2,1,0,0,1,0
NA1_5097187922,2025-01-14 02:47:39.712274,0.74,1.0,16.0,1,1,0,1,2,1,2,1,1,2,1,0,1,1,2,1
NA1_5097187922,2025-01-14 02:47:39.712274,0.8000000000000003,0.8,15.0,0,1,0,1,1,1,1,1,1,1,1,1,1,1,1,0
NA1_5099116700,2025-01-14 02:47:40.737423,0.6200000000000001,0.8,22.0,1,0,0,0,2,1,2,3,2,1,3,1,2,1,1,0
NA1_5099116700,2025-01-14 02:47:40.737423,0.8,1.0,19.5,1,2,0,1,2,1,3,2,1,1,0,0,1,0,1,1
NA1_5092627839,2025-01-14 02:47:41.739025,0.8400000000000001,1.0,15.0,2,0,1,1,0,0,1,1,2,1,2,2,0,1,1,0
NA1_5092627839,2025-01-14 02:47:41.739025,0.8399999999999999,1.0,17.5,1,2,1,1,0,1,1,2,2,1,2,0,0,0,1,1
NA1_5092610769,2025-01-14 02:47:42.665407,0.96,0.8,21.0,4,4,0,1,0,0,3,0,2,2,1,0,0,0,1,0
NA1_5092610769,2025-01-14 02:47:42.665407,0.8400000000000001,0.8,22.0,2,3,0,2,0,1,1,0,1,2,0,0,0,0,2,1
NA1_5093763805,2025-01-14 02:47:43.616421,0.8599999999999999,1.0,15.0,1,2,0,1,1,2,1,3,1,2,1,0,2,0,1,1
NA1_5093763805,2025-01-14 02:47:43.616421,0.98,1.0,15.5,1,1,0,1,2,0,1,2,1,1,2,0,1,0,1,0
NA1_5093754125,2025-01-14 02:47:44.567264,0.5,1.0,13.5,1,1,0,1,3,1,2,2,2,1,0,0,2,0,1,1
NA1_5093754125,2025-01-14 02:47:44.567264,0.6199999999999999,0.8,15.0,0,2,0,1,1,2,1,1,2,2,1,1,0,0,1,0
NA1_5093736690,2025-01-14 02:47:45.529011,0.8999999999999999,0.8,18.0,0,2,0,1,2,0,2,2,1,1,2,1,2,0,1,0
NA1_5093736690,2025-01-14 02:47:45.529011,0.48,0.6,8.0,0,0,0,2,1,2,1,1,1,1,2,1,0,1,2,1
NA1_5083704073,2025-01-14 02:47:46.444332,0.8600000000000001,0.8,15.5,2,0,2,1,1,0,2,2,2,0,0,1,1,0,1,1
NA1_5083704073,2025-01-14 02:47:46.444332,0.8399999999999999,1.0,13.0,1,0,1,1,1,0,1,1,3,2,2,0,1,0,1,0
NA1_5079561400,2025-01-14 02:47:47.396445,0.8799999999999999,1.0,15.5,1,2,1,1,1,1,1,1,1,1,2,1,0,1,1,1
NA1_5079561400,2025-01-14 02:47:47.396445,0.96,0.8,6.0,1,0,0,1,1,0,1,1,2,2,2,0,1,1,1,0
NA1_5079554837,2025-01-14 02:47:48.333799,0.94,1.0,14.5,2,2,0,2,1,0,2,1,1,1,1,0,1,0,1,0
NA1_5079554837,2025-01-14 02:47:48.333799,0.6600000000000001,0.8,8.0,1,0,0,2,1,0,1,1,2,1,2,0,1,0,2,1
NA1_5056863648,2025-01-14 02:47:49.304429,0.72,0.8,19.0,2,2,0,1,0,2,1,1,0,3,0,0,1,0,1,1
NA1_5056863648,2025-01-14 02:47:49.304429,0.94,0.8,12.5,0,1,0,1,2,0,3,2,1,1,1,1,2,0,1,0
NA1_5055279201,2025-01-14 02:47:50.254521,0.8399999999999999,1.0,14.5,1,2,0,1,2,0,1,3,3,1,2,0,1,0,2,1
NA1_5055279201,2025-01-14 02:47:50.254521,0.78,1.0,19.5,2,2,0,1,2,0,1,2,1,2,0,0,1,0,1,0
NA1_5054413539,2025-01-14 02:47:51.228445,0.8,0.6,8.0,0,0,0,0,2,2,1,3,2,1,1,0,1,0,1,1
NA1_5054413539,2025-01-14 02:47:51.228445,0.8599999999999999,1.0,18.0,1,1,1,1,1,1,1,1,1,1,1,1,1,0,1,0
NA1_5096046826,2025-01-14 02:47:52.168001,0.8400000000000001,1.0,20.5,3,2,1,1,0,1,1,1,1,2,2,0,0,0,1,0
NA1_5096046826,2025-01-14 02:47:52.168001,0.96,1.0,16.5,2,2,0,1,1,1,1,1,1,1,2,1,0,0,1,1
NA1_5094796522,2025-01-14 02:47:53.088250,0.7000000000000002,1.0,6.5,1,1,0,2,1,0,1,1,2,1,2,1,1,0,2,0
NA1_5094796522,2025-01-14 02:47:53.088250,0.8,0.8,15.5,0,2,0,2,1,1,1,2,3,1,1,1,1,1,2,1
NA1_5094764401,2025-01-14 02:48:36.722808,0.96,0.8,15.5,0,1,2,1,0,1,2,2,2,1,0,0,2,1,1,0
NA1_5094764401,2025-01-14 02:48:36.722808,0.8400000000000001,1.0,15.0,1,0,1,1,2,1,1,2,2,1,1,0,0,1,1,1
NA1_5067892269,2025-01-14 02:48:37.713769,0.76,1.0,17.5,1,1,0,1,0,2,1,1,1,1,2,0,0,1,1,0
NA1_5067892269,2025-01-14 02:48:37.713769,0.9200000000000002,1.0,15.5,2,2,0,1,0,1,2,1,3,2,1,1,1,0,1,1
NA1_5067843011,2025-01-14 02:48:38.644067,0.7600000000000002,0.8,17.5,1,0,1,0,2,1,0,2,1,2,2,1,0,1,0,0
NA1_5067843011,2025-01-14 02:48:38.644067,0.8,0.8,16.0,1,0,0,1,1,0,1,1,2,1,2,1,0,1,1,1
NA1_5067776342,2025-01-14 02:48:39.580468,0.78,0.8,9.0,1,0,0,2,1,1,1,2,1,1,2,0,1,0,1,1
NA1_5067776342,2025-01-14 02:48:39.580468,0.94,1.0,12.0,1,1,0,1,1,2,1,1,1,2,0,0,0,1,1,0
NA1_5079026295,2025-01-14 02:48:40.481907,0.78,1.0,10.5,2,1,0,1,3,1,1,3,1,1,1,0,1,0,1,1
NA1_5079026295,2025-01-14 02:48:40.481907,0.94,1.0,14.5,1,1,0,1,1,0,1,2,2,2,3,0,1,0,1,0
NA1_5078087605,2025-01-14 02:48:41.408447,0.98,0.8,9.0,0,0,1,1,1,1,2,2,3,1,1,1,0,1,1,0
NA1_5078087605,2025-01-14 02:48:41.408447,0.8799999999999999,0.8,12.5,1,0,0,1,2,2,1,2,2,1,1,1,1,0,1,1
NA1_5078053744,2025-01-14 02:48:42.305292,1.0,1.0,16.0,2,1,1,1,1,1,3,2,2,1,0,1,2,0,1,1
NA1_5078053744,2025-01-14 02:48:42.305292,0.9199999999999999,0.8,13.5,1,0,0,1,2,0,1,2,1,1,1,1,1,0,1,0
NA1_5092996600,2025-01-14 02:48:43.252491,0.8799999999999999,1.0,20.5,1,2,1,1,0,1,2,2,2,1,2,1,0,1,1,1
NA1_5092996600,2025-01-14 02:48:43.252491,0.78,0.8,21.0,1,1,0,1,2,0,1,2,1,0,1,0,1,1,1,0
NA1_5086241708,2025-01-14 02:48:44.305540,0.8599999999999999,0.6,12.5,0,0,0,2,1,1,1,2,1,1,1,1,0,1,2,1
NA1_5086241708,2025-01-14 02:48:44.305540,0.8599999999999999,1.0,22.5,1,2,0,1,1,2,2,2,1,1,1,0,1,1,2,0
NA1_5086219010,2025-01-14 02:48:45.302680,0.8600000000000001,0.8,13.5,0,1,0,1,1,3,1,2,2,2,2,1,1,0,1,1
NA1_5086219010,2025-01-14 02:48:45.302680,0.8599999999999999,1.0,15.5,1,2,1,2,1,0,3,1,1,1,1,1,1,1,1,0
NA1_5098113516,2025-01-14 02:48:46.222560,0.9199999999999999,1.0,9.5,1,1,0,1,2,1,1,1,2,1,1,1,2,0,1,1
NA1_5098113516,2025-01-14 02:48:46.222560,0.52,0.8,11.5,0,1,0,2,0,3,1,2,1,3,1,1,0,1,2,0
NA1_5098108410,2025-01-14 02:48:47.107793,0.8,0.4,11.5,0,0,0,0,2,1,2,3,2,2,1,2,1,1,0,1
NA1_5098108410,2025-01-14 02:48:47.107793,0.8999999999999999,0.8,11.5,0,1,0,2,1,2,1,2,1,1,1,0,1,1,2,0
NA1_5097991773,2025-01-14 02:48:48.050497,0.7399999999999998,0.8,15.5,1,1,0,2,1,1,0,1,1,1,1,0,0,0,2,1
NA1_5097991773,2025-01-14 02:48:48.050497,0.7799999999999998,0.8,11.0,2,1,0,2,0,0,1,0,2,1,2,1,0,1,2,0
NA1_5086035875,2025-01-14 02:48:48.979517,0.8399999999999999,1.0,18.0,1,0,2,1,2,2,2,2,2,1,0,1,0,0,1,1
NA1_5086035875,2025-01-14 02:48:48.979517,0.8999999999999999,1.0,19.0,1,1,0,1,1,1,1,2,1,1,2,0,0,1,1,0
NA1_5084586780,2025-01-14 02:48:49.882724,0.5399999999999998,0.8,14.5,1,0,0,2,1,1,1,1,1,1,2,1,2,1,3,1
NA1_5084586780,2025-01-14 02:48:49.882724,0.9199999999999999,1.0,14.5,1,1,0,1,2,1,2,3,1,1,1,0,1,0,1,0
NA1_5084566512,2025-01-14 02:48:50.838419,0.8599999999999999,0.8,15.5,0,3,0,1,1,2,1,2,1,2,1,0,0,0,1,1
NA1_5084566512,2025-01-14 02:48:50.838419,0.74,0.6,8.0,0,0,0,1,2,2,1,3,1,1,1,1,2,0,1,0
NA1_5096846580,2025-01-14 02:48:51.792764,0.6199999999999999,0.8,7.0,1,1,0,2,1,1,0,1,2,2,2,1,1,0,1,1
NA1_5096846580,2025-01-14 02:48:51.792764,0.8199999999999998,1.0,15.0,1,2,0,1,2,2,2,2,1,1,0,0,1,0,1,0
NA1_5092263346,2025-01-14 02:48:52.695778,0.94,0.6,16.0,0,0,0,2,1,0,1,1,1,1,2,1,2,1,3,0
NA1_5092263346,2025-01-14 02:48:52.695778,0.7200000000000002,1.0,16.0,1,1,2,1,1,0,1,1,1,1,1,0,0,1,1,1
NA1_5092168660,2025-01-14 02:48:53.616303,0.6399999999999999,0.8,17.5,2,2,1,2,0,0,2,0,1,1,2,0,1,1,2,1
NA1_5092168660,2025-01-14 02:48:53.616303,0.6000000000000001,0.8,12.0,1,0,0,2,1,1,1,1,1,1,1,0,0,1,2,0
NA1_5098768827,2025-01-14 02:48:54.557534,0.8199999999999998,0.4,6.0,0,0,0,1,3,2,0,3,2,2,0,1,1,0,1,1
NA1_5098768827,2025-01-14 02:48:54.557534,0.8599999999999999,1.0,18.5,1,2,0,1,1,2,1,1,2,1,2,1,1,0,1,0
NA1_5098741509,2025-01-14 02:48:55.497912,0.8999999999999999,1.0,16.5,2,0,1,1,1,0,2,1,3,1,1,1,0,1,1,1
NA1_5098741509,2025-01-14 02:48:55.497912,0.8599999999999999,1.0,16.5,1,0,1,1,1,1,2,3,2,1,0,1,2,1,1,0
NA1_5098691022,2025-01-14 02:48:56.496962,0.98,0.8,10.5,0,1,0,1,1,1,1,1,1,1,2,1,0,1,1,0
NA1_5098691022,2025-01-14 02:48:56.496962,0.7999999999999998,1.0,15.5,2,3,0,1,1,1,1,2,2,2,1,0,0,0,1,1
NA1_5096318915,2025-01-14 02:48:57.413328,1.0,0.6,9.5,0,0,0,2,1,0,1,1,2,1,2,1,0,0,2,1
NA1_5096318915,2025-01-14 02:48:57.413328,0.8599999999999999,0.8,11.0,0,1,0,1,2,1,2,2,1,1,1,1,1,0,1,0
NA1_5096179525,2025-01-14 02:48:58.355291,0.8999999999999999,0.6,15.0,0,0,0,1,1,2,1,1,1,2,1,0,1,1,1,0
NA1_5096179525,2025-01-14 02:48:58.355291,0.8800000000000001,1.0,15.0,1,2,0,2,1,1,2,1,2,1,1,1,0,1,2,1
NA1_5096161281,2025-01-14 02:48:59.376315,0.8,1.0,11.5,2,2,0,1,1,1,2,1,2,1,2,0,1,0,1,1
NA1_5096161281,2025-01-14 02:48:59.376315,0.5800000000000001,0.8,10.0,1,1,0,3,0,1,2,0,1,2,1,0,0,1,3,0
NA1_5053014329,2025-01-14 02:49:00.339529,0.98,0.4,16.0,0,0,0,1,2,2,1,2,0,2,0,0,2,0,1,0
NA1_5053014329,2025-01-14 02:49:00.339529,0.8999999999999999,1.0,12.0,1,1,0,1,2,2,1,3,1,1,0,0,2,1,2,1
NA1_5052849065,2025-01-14 02:49:01.322391,0.23999999999999977,1.0,10.0,1,0,1,2,0,3,1,1,2,3,0,1,0,0,1,0
NA1_5052849065,2025-01-14 02:49:01.322391,0.8200000000000001,1.0,20.5,1,2,1,1,0,2,2,2,1,2,1,1,0,1,1,1
NA1_5052748623,2025-01-14 02:49:02.284361,0.6400000000000001,0.4,9.0,0,0,0,1,1,2,0,1,1,2,1,1,1,0,1,1
NA1_5052748623,2025-01-14 02:49:02.284361,0.8999999999999999,1.0,10.5,1,1,0,2,2,1,1,3,1,1,0,0,2,0,1,0
NA1_5085143726,2025-01-14 02:49:03.225833,0.8,1.0,11.0,1,1,0,2,2,0,1,1,1,1,0,0,3,0,2,0
NA1_5085143726,2025-01-14 02:49:03.225833,0.8600000000000001,0.8,13.0,1,1,0,3,1,0,2,1,1,0,0,0,1,1,3,1
NA1_5085100485,2025-01-14 02:49:04.145574,0.6800000000000002,0.8,10.0,1,2,0,1,2,1,0,2,2,2,1,0,1,0,1,1
NA1_5085100485,2025-01-14 02:49:04.145574,0.6400000000000001,0.6,10.0,0,0,0,1,0,1,1,2,2,1,2,1,0,1,1,0
NA1_5083242401,2025-01-14 02:49:05.051789,0.5800000000000001,1.0,10.0,1,2,0,1,1,2,2,3,1,2,0,0,0,0,1,1
NA1_5083242401,2025-01-14 02:49:05.051789,0.76,0.6,19.5,0,0,0,1,2,0,1,2,1,2,0,0,0,1,1,0
NA1_5023064456,2025-01-14 02:49:06.035346,0.8800000000000001,0.4,11.0,0,0,0,3,2,0,0,1,2,2,0,1,2,0,2,1
NA1_5023064456,2025-01-14 02:49:06.035346,0.3999999999999999,1.0,13.0,1,0,1,1,2,1,2,1,1,1,1,1,1,0,1,0
NA1_5023040681,2025-01-14 02:49:06.986907,0.8999999999999999,1.0,17.5,3,1,1,1,1,0,1,2,2,1,2,0,0,0,1,1
NA1_5023040681,2025-01-14 02:49:06.986907,0.8200000000000001,0.8,14.5,0,0,1,1,3,1,2,2,1,2,1,0,1,1,1,0
NA1_5022306445,2025-01-14 02:49:07.911620,0.8999999999999999,0.8,10.0,1,0,0,1,1,1,1,1,2,1,2,1,1,1,1,0
NA1_5022306445,2025-01-14 02:49:07.911620,0.9199999999999999,1.0,14.5,1,1,0,1,2,1,2,2,2,1,1,0,1,1,1,1
NA1_5069313636,2025-01-14 02:49:08.852775,0.8800000000000001,1.0,17.0,2,0,1,1,2,1,1,2,2,1,1,1,0,1,1,1
NA1_5069313636,2025-01-14 02:49:08.852775,0.5399999999999998,1.0,12.5,1,1,0,1,1,1,1,2,2,2,1,0,2,0,1,0
NA1_5068923843,2025-01-14 02:49:09.805243,0.8,1.0,11.5,2,1,1,1,1,0,1,1,3,1,2,2,0,1,1,0
NA1_5068923843,2025-01-14 02:49:09.805243,0.8599999999999999,1.0,16.0,2,3,0,1,1,0,1,1,2,1,2,0,1,0,1,1
NA1_5067987732,2025-01-14 02:49:10.729552,0.8599999999999999,1.0,17.0,1,2,0,1,1,2,1,2,1,2,1,0,1,0,1,1
NA1_5067987732,2025-01-14 02:49:10.729552,0.6000000000000001,0.8,21.5,3,2,1,0,2,1,2,2,2,1,0,0,1,0,0,0
NA1_5099275953,2025-01-14 02:49:11.686561,0.6000000000000001,0.8,14.5,0,1,0,1,1,2,1,2,1,2,1,1,1,1,2,0
NA1_5099275953,2025-01-14 02:49:11.686561,0.8599999999999999,1.0,11.5,2,0,2,2,1,0,3,1,2,1,1,1,1,1,1,1
NA1_5099121983,2025-01-14 02:49:12.683824,0.78,0.8,22.5,2,3,0,0,2,0,0,2,3,1,1,0,2,0,1,0
NA1_5099121983,2025-01-14 02:49:12.683824,0.5,0.8,9.0,1,0,0,2,0,2,1,1,1,2,1,0,0,1,2,1
NA1_5098854587,2025-01-14 02:49:13.600665,0.8399999999999999,1.0,10.0,1,0,1,1,2,2,1,1,1,1,1,0,1,1,1,1
NA1_5098854587,2025-01-14 02:49:13.600665,0.6000000000000001,1.0,17.5,2,2,0,1,2,0,2,2,2,1,1,0,2,1,2,0
NA1_5095741212,2025-01-14 02:49:14.516402,0.6999999999999997,1.0,16.5,1,0,1,1,0,2,1,1,2,4,2,0,1,0,1,1
NA1_5095741212,2025-01-14 02:49:14.516402,0.6000000000000001,1.0,18.5,2,1,0,1,3,1,2,2,2,2,2,1,0,1,1,0
NA1_5095703224,2025-01-14 02:49:15.501638,0.8200000000000001,1.0,15.0,1,0,2,1,1,2,2,1,1,2,0,0,1,1,1,1
NA1_5095703224,2025-01-14 02:49:15.501638,0.52,0.6,10.0,0,0,0,1,1,2,1,2,1,3,1,1,1,0,1,0
NA1_5095132521,2025-01-14 02:49:16.500447,0.78,1.0,19.0,1,1,2,1,1,1,3,1,1,2,0,0,1,1,1,0
NA1_5095132521,2025-01-14 02:49:16.500447,0.8600000000000001,1.0,17.5,1,2,1,1,1,1,1,1,1,2,0,1,0,1,1,1
NA1_5099258217,2025-01-14 02:49:17.503897,0.8599999999999999,0.8,13.0,1,0,1,2,1,0,1,2,2,0,1,1,0,1,2,1
NA1_5099258217,2025-01-14 02:49:17.503897,0.9199999999999999,0.8,11.5,2,2,0,1,1,2,0,1,2,2,1,0,1,0,1,0
NA1_5098608371,2025-01-14 02:49:18.438173,0.96,0.8,18.5,1,1,0,2,0,2,1,1,0,1,0,0,2,0,2,1
NA1_5098608371,2025-01-14 02:49:18.438173,0.52,1.0,13.0,1,1,0,1,0,2,1,2,3,2,1,1,0,0,1,0
NA1_5098111155,2025-01-14 02:49:19.477487,0.5,0.4,9.0,0,0,0,1,1,2,3,3,2,0,1,2,0,0,1,0
NA1_5098111155,2025-01-14 02:49:19.477487,0.6200000000000001,0.8,13.0,0,1,1,1,2,2,1,1,1,2,1,1,0,1,1,1
NA1_5094849107,2025-01-14 02:49:20.482712,0.8999999999999999,1.0,18.0,1,2,1,1,1,1,2,1,2,2,2,0,1,1,1,1
NA1_5094849107,2025-01-14 02:49:20.482712,0.8400000000000003,0.8,10.5,0,1,0,1,1,2,1,1,1,1,1,1,1,1,1,0
NA1_5094819625,2025-01-14 02:49:21.397755,0.8400000000000003,1.0,18.5,1,1,0,1,0,0,1,1,3,1,1,3,0,1,1,1
NA1_5094819625,2025-01-14 02:49:21.397755,0.8600000000000001,0.6,21.5,0,2,0,2,2,2,2,2,0,1,0,0,1,1,3,0
NA1_5094730894,2025-01-14 02:49:22.332203,0.8800000000000001,1.0,13.5,1,1,1,1,0,3,1,2,3,1,0,1,1,0,1,0
NA1_5094730894,2025-01-14 02:49:22.332203,0.8599999999999999,0.8,15.0,1,1,1,2,2,0,0,1,2,2,1,0,1,0,2,1
NA1_5092276494,2025-01-14 02:49:23.256595,0.8400000000000001,0.6,9.5,2,0,0,1,2,1,1,2,2,0,2,0,1,0,1,0
NA1_5092276494,2025-01-14 02:49:23.256595,0.8400000000000001,1.0,14.0,1,0,1,1,0,1,1,1,1,1,2,0,0,1,1,1
NA1_5092245257,2025-01-14 02:49:24.229149,0.8199999999999998,0.8,15.0,0,1,1,1,1,3,1,2,1,2,0,1,1,1,1,0
NA1_5092245257,2025-01-14 02:49:24.229149,0.8599999999999999,0.8,14.0,0,1,0,1,1,3,3,3,1,1,0,1,1,0,1,1
NA1_5092227315,2025-01-14 02:49:25.157739,0.8800000000000001,1.0,21.0,1,3,0,1,1,1,3,2,1,1,2,1,1,0,1,0
NA1_5092227315,2025-01-14 02:49:25.157739,0.8199999999999998,1.0,13.5,1,1,1,1,0,0,2,2,3,1,2,1,1,1,1,1
NA1_5092385690,2025-01-14 02:49:26.144432,0.7200000000000002,1.0,13.5,1,2,0,1,2,2,1,2,1,1,0,0,1,0,1,0
NA1_5092385690,2025-01-14 02:49:26.144432,0.5,1.0,19.0,2,2,0,2,0,1,1,1,1,1,1,0,0,1,2,1
NA1_5092367313,2025-01-14 02:49:27.114547,0.8799999999999999,1.0,20.0,1,1,0,2,1,0,2,1,1,1,1,0,1,2,3,1
NA1_5092367313,2025-01-14 02:49:27.114547,0.98,0.8,11.0,0,2,0,1,2,2,1,2,1,2,1,1,1,0,1,0
NA1_5002698161,2025-01-14 02:49:28.036484,0.8800000000000001,0.8,20.5,2,2,0,0,1,0,2,3,2,1,2,1,1,0,0,1
NA1_5002698161,2025-01-14 02:49:28.036484,0.9200000000000002,1.0,20.5,2,2,1,1,0,1,1,1,4,2,2,1,0,0,1,0
NA1_5080307873,2025-01-14 02:49:28.984388,0.94,1.0,19.5,2,2,1,2,1,1,1,1,1,1,0,0,0,0,2,0
NA1_5080307873,2025-01-14 02:49:28.984388,0.76,1.0,8.5,1,0,1,1,0,2,1,1,1,1,2,1,0,1,1,1
NA1_5080268746,2025-01-14 02:49:29.921638,0.8199999999999998,0.6,16.0,0,1,0,1,3,0,3,3,1,0,1,0,3,0,1,0
NA1_5080268746,2025-01-14 02:49:29.921638,0.98,1.0,15.5,3,2,0,1,1,1,1,1,2,2,1,0,0,0,1,1
NA1_5080210713,2025-01-14 02:49:30.892536,0.8999999999999999,0.8,10.0,2,0,0,1,2,0,1,2,3,1,2,1,0,0,1,1
NA1_5080210713,2025-01-14 02:49:30.892536,0.8599999999999999,0.8,16.0,0,1,1,1,1,2,1,3,1,2,1,1,0,1,1,0
NA1_5097844147,2025-01-14 02:49:31.861408,0.9200000000000002,1.0,18.0,1,1,2,1,2,1,2,1,1,1,0,1,0,2,1,0
NA1_5097844147,2025-01-14 02:49:31.861408,0.6000000000000001,1.0,21.0,2,3,0,1,0,1,1,1,3,1,2,0,0,0,1,1
NA1_5097814278,2025-01-14 02:49:32.803303,0.8400000000000001,0.6,10.0,0,0,0,2,1,1,1,2,1,2,1,1,1,1,2,0
NA1_5097814278,2025-01-14 02:49:32.803303,0.96,0.8,14.5,0,1,0,1,2,1,1,2,1,2,1,0,1,0,1,1
NA1_5092015292,2025-01-14 02:49:33.778038,0.9200000000000002,0.6,11.5,0,0,0,0,2,0,1,3,2,1,1,2,2,0,1,0
NA1_5092015292,2025-01-14 02:49:33.778038,0.8599999999999999,1.0,22.0,2,3,0,1,1,1,1,1,2,1,2,1,0,0,1,1
NA1_5087046248,2025-01-14 02:49:34.704983,1.0,0.8,23.0,1,2,1,1,0,0,2,2,2,0,2,0,0,1,1,0
NA1_5087046248,2025-01-14 02:49:34.704983,0.8599999999999999,1.0,18.5,1,3,0,1,1,1,1,3,2,1,0,1,0,0,1,1
NA1_5084358898,2025-01-14 02:49:35.625574,0.8599999999999999,1.0,16.5,1,1,0,1,2,1,1,2,1,1,1,1,3,0,1,0
NA1_5084358898,2025-01-14 02:49:35.625574,1.0,1.0,15.5,2,2,0,1,1,0,1,1,2,1,2,2,1,0,1,1
NA1_5038291435,2025-01-14 02:49:36.645764,0.5,0.6,6.5,1,0,0,1,1,2,0,1,3,2,2,1,1,0,1,0
NA1_5038291435,2025-01-14 02:49:36.645764,0.98,0.8,16.0,0,2,0,1,2,1,1,2,2,2,2,1,1,0,1,1
NA1_5097094493,2025-01-14 02:49:37.597274,0.8399999999999999,0.8,18.0,2,2,1,2,0,1,2,1,0,1,1,0,0,0,2,1
NA1_5097094493,2025-01-14 02:49:37.597274,0.7,1.0,23.5,2,2,1,1,1,0,2,2,2,2,2,0,0,1,1,0
NA1_5097048631,2025-01-14 02:49:38.558809,1.0,1.0,17.5,2,2,1,1,1,0,1,1,2,3,2,0,1,0,1,0
NA1_5097048631,2025-01-14 02:49:38.558809,0.56,1.0,15.5,2,1,0,1,0,1,1,1,2,1,2,1,0,0,1,1
NA1_5092601230,2025-01-14 02:49:39.571380,0.8200000000000001,0.8,16.0,1,2,0,1,2,2,0,3,1,1,1,0,2,0,1,1
NA1_5092601230,2025-01-14 02:49:39.571380,0.98,1.0,25.0,2,2,0,1,0,1,1,1,2,1,2,1,0,0,1,0
NA1_5032411879,2025-01-14 02:49:40.519457,0.78,0.8,17.5,2,3,1,0,2,0,1,2,3,2,1,0,2,0,0,1
NA1_5032411879,2025-01-14 02:49:40.519457,0.98,0.6,14.0,0,0,0,1,1,2,2,2,1,1,1,1,1,1,1,0
NA1_5030474825,2025-01-14 02:49:41.516043,0.6000000000000001,1.0,13.5,1,0,1,1,2,0,1,1,2,2,2,1,0,1,1,1
NA1_5030474825,2025-01-14 02:49:41.516043,0.54,1.0,23.5,2,2,1,1,1,1,2,1,1,1,0,0,0,0,1,0
NA1_5030451050,2025-01-14 02:49:42.422768,0.9199999999999999,1.0,13.0,2,2,0,1,0,2,1,1,2,3,1,0,0,0,1,0
NA1_5030451050,2025-01-14 02:49:42.422768,0.74,1.0,14.5,1,0,1,1,2,1,2,3,2,2,0,0,1,0,1,1
NA1_5028373478,2025-01-14 02:49:43.390947,0.8999999999999999,0.8,16.0,0,2,0,2,1,1,2,2,1,1,0,1,1,0,2,1
NA1_5028373478,2025-01-14 02:49:43.390947,0.8999999999999999,0.6,12.0,0,1,1,2,2,2,1,2,0,1,0,1,2,1,2,0
NA1_5024558472,2025-01-14 02:49:44.322997,0.8800000000000001,1.0,14.0,2,1,0,1,2,0,1,2,1,1,2,0,2,0,2,0
NA1_5024558472,2025-01-14 02:49:44.322997,0.5800000000000001,1.0,13.0,1,0,1,3,1,0,1,1,3,1,1,0,1,1,2,1
NA1_5024545661,2025-01-14 02:49:45.261399,0.8999999999999999,0.6,14.0,0,1,0,1,2,1,0,2,2,1,2,1,0,0,1,1
NA1_5024545661,2025-01-14 02:49:45.261399,0.56,0.8,14.5,0,1,1,1,2,1,1,1,1,1,0,0,2,1,1,0
NA1_5079333142,2025-01-14 02:49:46.207560,0.8199999999999998,1.0,20.0,1,3,0,1,3,2,3,3,2,1,0,1,0,0,1,1
NA1_5079333142,2025-01-14 02:49:46.207560,0.8800000000000001,1.0,17.0,1,1,1,1,1,1,1,1,1,1,1,1,1,0,1,0
NA1_5079285340,2025-01-14 02:49:47.173423,0.56,1.0,10.0,1,1,1,1,2,1,3,2,2,1,1,0,1,1,1,0
NA1_5079285340,2025-01-14 02:49:47.173423,0.8399999999999999,1.0,12.0,2,1,1,1,0,0,1,1,3,1,2,2,1,0,1,1
NA1_5045580688,2025-01-14 02:49:48.135476,0.8999999999999999,0.8,14.0,0,1,0,2,2,1,2,3,1,1,1,0,1,0,1,1
NA1_5045580688,2025-01-14 02:49:48.135476,0.8200000000000001,0.8,12.0,0,1,0,1,1,2,1,3,2,1,2,1,1,1,2,0
NA1_5025494527,2025-01-14 02:49:49.168727,0.9200000000000002,1.0,15.0,2,3,0,1,3,0,1,3,2,1,1,1,1,0,1,1
NA1_5025494527,2025-01-14 02:49:49.168727,0.9199999999999999,1.0,28.0,2,4,1,1,0,0,3,1,2,1,1,0,0,1,1,0
NA1_5021620704,2025-01-14 02:49:50.096461,0.8,1.0,15.0,1,1,0,0,2,1,1,3,1,2,1,1,2,0,1,1
NA1_5021620704,2025-01-14 02:49:50.096461,0.8600000000000001,0.6,12.5,0,0,0,2,1,0,1,1,2,1,0,1,0,1,1,0
NA1_5019581554,2025-01-14 02:49:51.085333,0.56,0.4,8.0,0,0,0,1,1,0,2,2,3,0,2,3,1,0,1,0
NA1_5019581554,2025-01-14 02:49:51.085333,0.78,1.0,16.0,1,1,1,1,2,0,1,3,2,1,1,0,0,1,1,1
NA1_5096160896,2025-01-14 02:49:52.012275,0.8199999999999998,1.0,17.0,2,1,1,1,0,2,2,2,1,1,1,0,0,0,1,0
NA1_5096160896,2025-01-14 02:49:52.012275,0.8999999999999999,0.6,7.5,0,0,0,2,1,0,1,2,1,1,1,0,0,1,1,1
NA1_5096126409,2025-01-14 02:49:52.951366,0.74,0.8,8.5,1,1,0,2,0,1,0,1,3,1,3,1,0,0,1,1
NA1_5096126409,2025-01-14 02:49:52.951366,0.8200000000000001,1.0,16.5,2,0,1,1,1,1,2,2,2,2,1,0,1,0,1,0
NA1_5096098697,2025-01-14 02:49:53.888468,0.8800000000000001,1.0,14.5,1,0,1,1,2,1,2,1,3,3,3,1,1,1,1,0
NA1_5096098697,2025-01-14 02:49:53.888468,0.76,1.0,12.0,2,1,1,2,0,1,1,2,2,1,1,1,0,0,1,1
NA1_5096878079,2025-01-14 02:49:54.836370,0.9200000000000002,0.8,13.0,0,1,0,2,1,2,1,2,1,2,1,1,2,1,3,0
NA1_5096878079,2025-01-14 02:49:54.836370,0.74,1.0,19.0,1,2,0,1,2,2,2,1,1,2,0,0,0,1,1,1
NA1_5096869093,2025-01-14 02:49:55.726725,0.9400000000000002,0.6,16.5,0,0,0,1,1,2,1,3,1,2,1,1,2,1,2,0
NA1_5096869093,2025-01-14 02:49:55.726725,0.7999999999999998,0.8,14.0,0,1,0,1,2,2,2,3,1,1,1,1,0,0,1,1
NA1_5096832999,2025-01-14 02:49:56.732752,0.8599999999999999,0.8,15.5,0,1,1,1,0,2,1,2,1,2,2,1,0,1,1,1
NA1_5096832999,2025-01-14 02:49:56.732752,0.7200000000000002,0.8,18.0,1,2,0,1,1,0,1,2,2,0,2,1,0,0,1,0
NA1_5078496443,2025-01-14 02:49:57.699524,0.54,1.0,13.5,1,1,0,1,1,1,2,2,2,1,2,0,1,1,1,0
NA1_5078496443,2025-01-14 02:49:57.699524,0.8799999999999999,1.0,16.0,1,1,1,1,1,0,2,2,2,1,1,1,2,0,1,1
NA1_5078491142,2025-01-14 02:49:58.661656,0.7999999999999998,0.8,13.5,1,0,1,0,1,2,2,2,1,2,2,1,0,0,0,1
NA1_5078491142,2025-01-14 02:49:58.661656,0.8800000000000001,0.6,6.0,1,0,0,1,2,1,0,3,1,1,1,1,1,0,2,0
NA1_5078478688,2025-01-14 02:49:59.622550,0.8999999999999999,0.8,16.5,3,2,0,1,0,0,0,2,4,1,1,1,0,0,1,1
NA1_5078478688,2025-01-14 02:49:59.622550,0.8199999999999998,1.0,18.5,1,1,0,1,2,1,1,3,1,1,0,1,2,0,1,0
NA1_5098207333,2025-01-14 02:50:00.597350,0.8999999999999999,1.0,11.0,2,2,0,1,1,1,2,2,2,1,2,0,0,0,1,1
NA1_5098207333,2025-01-14 02:50:00.597350,0.6400000000000001,0.8,30.0,3,4,0,1,1,0,2,0,2,1,0,0,1,0,1,0
NA1_5098166963,2025-01-14 02:50:01.825252,0.8200000000000001,1.0,25.0,3,3,0,1,1,0,1,1,1,1,1,0,0,0,1,1
NA1_5098166963,2025-01-14 02:50:01.825252,0.78,1.0,13.5,2,1,1,1,0,1,1,1,2,1,1,2,0,1,1,0
NA1_5098134040,2025-01-14 02:50:02.728337,0.5800000000000001,1.0,18.0,2,1,1,1,2,0,1,3,2,2,1,0,1,1,2,1
NA1_5098134040,2025-01-14 02:50:02.728337,0.7600000000000002,1.0,23.0,2,2,0,1,0,1,1,1,2,2,2,1,0,0,1,0
NA1_5092583974,2025-01-14 02:50:03.725988,0.8600000000000001,0.6,13.5,0,0,0,2,1,1,2,1,1,1,0,0,2,1,1,1
NA1_5092583974,2025-01-14 02:50:03.725988,0.94,1.0,11.5,2,1,1,1,2,0,2,2,2,1,1,1,2,1,1,0
NA1_5072938164,2025-01-14 02:50:04.696246,0.7000000000000002,1.0,16.0,1,1,0,1,2,0,1,2,3,1,0,1,1,0,1,0
NA1_5072938164,2025-01-14 02:50:04.696246,0.43999999999999995,1.0,24.5,2,1,2,1,2,0,2,1,1,1,0,0,0,1,1,1
NA1_5072879876,2025-01-14 02:50:05.652616,0.54,0.8,8.0,0,1,1,2,0,0,1,1,2,1,1,1,0,1,1,1
NA1_5072879876,2025-01-14 02:50:05.652616,0.8599999999999999,1.0,22.0,3,2,2,1,0,0,2,1,2,1,1,1,0,0,1,0
NA1_5015936113,2025-01-14 02:50:06.628907,0.9600000000000002,1.0,11.5,1,1,0,0,2,1,1,2,3,2,1,2,2,0,1,1
NA1_5015936113,2025-01-14 02:50:06.628907,0.8999999999999999,0.6,17.5,0,1,0,1,3,2,0,3,0,1,0,0,1,0,1,0
NA1_5015896059,2025-01-14 02:50:07.551487,0.8200000000000001,0.8,10.0,0,0,1,1,1,2,1,2,1,3,1,1,2,0,1,0
NA1_5015896059,2025-01-14 02:50:07.551487,0.9999999999999998,1.0,17.5,2,1,0,1,1,1,1,1,1,1,1,0,1,0,1,1
NA1_5015633893,2025-01-14 02:50:08.615700,0.76,1.0,14.0,2,1,1,1,3,0,1,1,1,1,1,0,1,1,1,0
NA1_5015633893,2025-01-14 02:50:08.615700,0.96,0.8,18.0,1,1,0,1,1,1,2,1,0,2,0,0,3,0,1,1
NA1_5093952253,2025-01-14 02:50:09.537123,0.8,1.0,8.5,2,1,1,1,1,2,1,1,1,1,1,0,0,1,1,1
NA1_5093952253,2025-01-14 02:50:09.537123,0.6200000000000001,1.0,13.5,2,2,1,1,0,0,1,2,3,2,1,1,0,1,1,0
NA1_5088397518,2025-01-14 02:50:10.443532,0.8400000000000001,1.0,19.0,2,2,0,1,2,1,2,2,1,2,0,1,1,0,1,0
NA1_5088397518,2025-01-14 02:50:10.443532,0.5799999999999998,1.0,17.0,1,2,0,2,1,1,1,1,2,2,2,1,0,1,2,1
NA1_5025600594,2025-01-14 02:50:11.359495,0.7999999999999998,1.0,15.0,1,1,1,1,1,0,1,1,2,1,2,3,1,0,1,0
NA1_5025600594,2025-01-14 02:50:11.359495,0.9200000000000002,1.0,12.5,3,3,0,2,1,0,1,1,1,2,1,0,0,0,2,1
NA1_5098205919,2025-01-14 02:50:56.617090,0.94,0.6,9.0,0,0,1,3,0,0,3,0,0,0,0,1,1,2,3,0
NA1_5098205919,2025-01-14 02:50:56.617090,0.76,1.0,13.5,1,2,0,2,0,2,1,1,2,1,0,0,0,1,2,1
NA1_5098184307,2025-01-14 02:50:57.569663,0.6199999999999999,0.6,10.0,0,0,0,2,1,2,1,1,1,3,0,0,2,0,1,0
NA1_5098184307,2025-01-14 02:50:57.569663,0.78,1.0,15.0,2,0,2,1,2,0,1,1,2,2,2,0,0,1,1,1
NA1_5095546090,2025-01-14 02:50:58.487715,0.96,0.8,10.0,0,0,1,1,1,1,1,2,1,1,0,1,2,1,2,0
NA1_5095546090,2025-01-14 02:50:58.487715,0.8399999999999999,1.0,18.0,1,1,0,1,1,1,2,3,1,1,1,0,2,0,1,1
NA1_5095739233,2025-01-14 02:50:59.432521,0.8800000000000001,0.8,16.5,0,0,1,1,2,2,1,2,1,1,0,0,1,1,1,0
NA1_5095739233,2025-01-14 02:50:59.432521,0.8799999999999999,1.0,12.5,1,2,0,1,1,1,2,2,2,2,3,0,2,0,1,1
NA1_5094420700,2025-01-14 02:51:00.380932,1.0,1.0,12.5,1,1,0,1,1,1,1,2,2,1,3,1,1,0,1,1
NA1_5094420700,2025-01-14 02:51:00.380932,0.96,1.0,14.5,1,1,0,1,2,2,2,2,1,2,0,0,2,0,1,0
NA1_5094299777,2025-01-14 02:51:01.363465,0.8800000000000001,1.0,13.5,1,0,1,1,2,2,1,1,2,2,1,0,1,1,1,1
NA1_5094299777,2025-01-14 02:51:01.363465,0.8,1.0,21.5,1,1,0,2,2,0,1,2,1,1,0,0,1,0,1,0
NA1_5081602291,2025-01-14 02:51:02.321440,0.98,1.0,18.5,1,2,1,1,1,1,2,2,2,1,1,0,2,0,1,0
NA1_5081602291,2025-01-14 02:51:02.321440,0.9400000000000002,0.8,3.5,1,0,0,2,0,1,1,1,1,1,2,1,0,1,1,1
NA1_5081589304,2025-01-14 02:51:03.226925,0.9199999999999999,1.0,13.5,1,2,0,1,1,1,1,2,2,2,0,1,1,0,1,1
NA1_5081589304,2025-01-14 02:51:03.226925,0.8200000000000001,1.0,13.5,1,1,1,1,1,1,2,2,1,2,2,0,0,0,1,0
NA1_5074839457,2025-01-14 02:51:04.170800,0.7600000000000002,1.0,13.5,3,2,1,1,1,0,2,1,2,1,2,1,0,0,1,1
NA1_5074839457,2025-01-14 02:51:04.170800,0.8200000000000001,1.0,21.0,1,1,1,1,2,1,2,3,1,2,1,0,1,0,1,0
NA1_5035049372,2025-01-14 02:51:05.150560,0.76,1.0,21.0,2,1,1,2,1,1,1,1,1,1,0,0,2,1,2,1
NA1_5035049372,2025-01-14 02:51:05.150560,0.8999999999999999,0.6,12.5,0,1,0,2,3,0,2,2,0,1,0,0,2,0,2,0
NA1_5034700615,2025-01-14 02:51:06.051180,0.8800000000000001,1.0,12.5,1,1,0,1,1,1,1,1,1,2,1,0,0,1,1,1
NA1_5034700615,2025-01-14 02:51:06.051180,0.6799999999999999,1.0,23.0,2,2,1,1,2,1,1,2,2,1,0,0,1,1,2,0
NA1_5034211070,2025-01-14 02:51:07.003494,0.94,1.0,16.5,1,1,2,1,1,0,2,1,2,1,1,1,1,1,1,0
NA1_5034211070,2025-01-14 02:51:07.003494,0.5800000000000001,0.8,15.5,1,2,0,0,3,0,3,3,2,1,2,0,3,0,0,1
NA1_5006640814,2025-01-14 02:51:07.994304,0.8400000000000001,1.0,14.5,1,1,0,1,2,1,1,2,1,1,1,1,2,0,1,1
NA1_5006640814,2025-01-14 02:51:07.994304,0.8,0.8,17.5,0,3,1,1,1,2,1,2,2,1,2,1,0,1,1,0
NA1_5005622258,2025-01-14 02:51:08.962315,0.6400000000000001,0.8,12.0,1,1,0,2,1,1,2,0,1,2,0,0,0,1,2,0
NA1_5005622258,2025-01-14 02:51:08.962315,0.8400000000000001,0.8,17.5,0,1,0,2,1,1,2,1,1,2,0,1,1,1,2,1
NA1_5005609900,2025-01-14 02:51:09.926446,0.8199999999999998,0.6,17.5,0,3,1,2,0,2,2,1,0,2,0,1,0,1,2,0
NA1_5005609900,2025-01-14 02:51:09.926446,0.6599999999999999,1.0,14.5,1,3,0,1,1,1,1,1,3,1,1,0,2,0,1,1
NA1_5085686650,2025-01-14 02:51:10.885800,0.8799999999999999,0.6,6.5,0,0,1,2,1,1,2,1,0,1,0,0,0,1,2,0
NA1_5085686650,2025-01-14 02:51:10.885800,0.9600000000000002,0.8,11.0,0,1,0,1,2,1,1,3,3,2,1,0,2,1,2,1
NA1_5078095928,2025-01-14 02:51:11.825858,0.7999999999999998,0.8,13.5,0,2,0,1,1,1,1,2,2,2,2,0,1,0,1,1
NA1_5078095928,2025-01-14 02:51:11.825858,0.94,1.0,10.0,1,2,0,1,0,1,1,2,2,2,1,1,0,1,1,0
NA1_5075810386,2025-01-14 02:51:12.737360,0.8399999999999999,1.0,20.5,1,3,1,1,1,2,2,1,1,1,0,0,0,1,1,0
NA1_5075810386,2025-01-14 02:51:12.737360,0.8199999999999998,1.0,17.5,2,2,0,1,2,1,1,2,2,2,1,0,1,1,2,1
NA1_5097691735,2025-01-14 02:51:13.647672,0.78,0.8,16.0,3,1,2,1,0,0,2,0,3,3,2,0,0,0,1,0
NA1_5097691735,2025-01-14 02:51:13.647672,0.94,0.8,10.0,1,0,0,1,2,1,1,2,1,1,1,0,3,0,1,1
NA1_5097120203,2025-01-14 02:51:14.597860,0.98,1.0,14.0,2,2,0,1,0,1,1,1,1,3,2,0,0,1,1,1
NA1_5097120203,2025-01-14 02:51:14.597860,0.8599999999999999,1.0,18.0,1,2,1,1,2,1,2,1,1,1,2,1,1,1,1,0
NA1_5097070048,2025-01-14 02:51:15.519370,0.52,1.0,13.5,2,1,0,2,0,2,1,1,1,1,2,1,0,0,1,0
NA1_5097070048,2025-01-14 02:51:15.519370,0.5800000000000001,0.8,12.5,0,2,0,1,1,2,1,1,2,3,2,2,1,0,1,1
NA1_5086766228,2025-01-14 02:51:16.470529,0.6599999999999999,0.8,18.0,1,1,0,1,1,1,1,2,1,0,2,1,1,0,1,0
NA1_5086766228,2025-01-14 02:51:16.470529,0.78,0.8,23.0,2,3,0,2,1,1,2,1,0,1,0,0,1,0,2,1
NA1_5031250815,2025-01-14 02:51:17.387482,0.76,0.6,12.0,0,0,0,1,3,1,2,3,1,2,0,0,1,0,1,0
NA1_5031250815,2025-01-14 02:51:17.387482,0.96,1.0,18.0,1,2,1,1,0,1,1,2,2,1,2,1,1,1,1,1
NA1_5014256810,2025-01-14 02:51:18.319556,0.8,1.0,19.0,2,1,0,2,0,1,1,2,2,1,0,1,1,0,2,1
NA1_5014256810,2025-01-14 02:51:18.319556,0.6400000000000001,1.0,14.0,2,1,1,1,2,2,1,3,1,2,0,0,2,0,1,0
NA1_5099277180,2025-01-14 02:51:19.275970,0.8600000000000001,1.0,11.5,1,0,1,2,2,0,1,1,1,1,1,1,1,1,1,0
NA1_5099277180,2025-01-14 02:51:19.275970,0.8000000000000003,0.4,7.5,0,0,0,2,2,1,2,3,1,0,0,0,1,1,2,1
NA1_5098804478,2025-01-14 02:51:20.183504,0.8400000000000001,0.8,13.5,0,0,1,2,1,2,1,2,1,2,1,1,0,1,1,1
NA1_5098804478,2025-01-14 02:51:20.183504,0.6200000000000001,1.0,23.5,1,1,1,0,2,0,2,2,1,1,0,0,2,2,1,0
NA1_5098781771,2025-01-14 02:51:21.132960,0.8599999999999999,0.8,12.0,0,1,1,1,3,1,1,2,1,1,0,0,0,1,1,1
NA1_5098781771,2025-01-14 02:51:21.132960,0.74,0.8,11.0,2,1,1,1,2,0,3,2,1,0,1,0,1,1,1,0
NA1_5097919808,2025-01-14 02:51:22.038453,0.96,1.0,15.0,1,1,1,1,2,2,1,2,2,2,0,0,0,1,1,1
NA1_5097919808,2025-01-14 02:51:22.038453,0.78,0.8,7.5,0,1,0,2,1,1,1,1,1,1,0,0,2,1,2,0
NA1_5097658669,2025-01-14 02:51:22.960423,0.8400000000000001,1.0,10.0,1,1,0,1,0,2,1,1,2,1,2,2,0,1,1,0
NA1_5097658669,2025-01-14 02:51:22.960423,0.8400000000000001,0.6,10.0,1,0,0,0,1,2,1,3,3,2,1,1,1,0,0,1
NA1_5097621549,2025-01-14 02:51:23.962417,0.98,1.0,11.0,1,1,0,1,1,1,1,1,2,1,2,2,1,1,1,0
NA1_5097621549,2025-01-14 02:51:23.962417,0.8599999999999999,0.8,18.0,1,0,0,2,1,1,1,2,1,1,0,0,2,1,2,1
NA1_5021900315,2025-01-14 02:51:24.965484,0.48,0.8,17.5,1,2,0,1,2,0,3,2,0,1,0,0,1,1,1,1
NA1_5021900315,2025-01-14 02:51:24.965484,0.6200000000000001,0.6,18.0,0,0,0,1,3,1,1,3,1,1,0,0,1,1,1,0
NA1_5021880490,2025-01-14 02:51:25.928339,0.72,0.8,13.5,0,2,0,1,2,1,2,3,1,2,2,1,2,0,1,0
NA1_5021880490,2025-01-14 02:51:25.928339,0.8599999999999999,1.0,25.5,2,4,0,1,2,0,3,1,1,1,1,1,0,0,1,1
NA1_5021177424,2025-01-14 02:51:26.860601,0.9200000000000002,1.0,19.5,3,2,0,1,1,1,1,1,1,1,1,0,1,0,1,1
NA1_5021177424,2025-01-14 02:51:26.860601,0.5799999999999998,0.8,18.5,1,2,0,1,0,1,0,2,2,2,2,1,0,0,1,0
NA1_5098668937,2025-01-14 02:51:27.831815,0.8799999999999999,0.8,11.0,1,0,0,2,1,1,1,3,1,1,1,0,1,0,2,1
NA1_5098668937,2025-01-14 02:51:27.831815,0.6200000000000001,1.0,21.5,2,2,1,1,2,0,2,3,1,1,0,0,1,0,1,0
NA1_5098633140,2025-01-14 02:51:28.846755,0.5800000000000001,0.8,9.0,0,0,1,1,0,1,1,1,3,1,1,2,0,1,1,0
NA1_5098633140,2025-01-14 02:51:28.846755,0.96,1.0,14.5,2,1,1,1,0,1,1,1,2,1,1,0,1,0,1,1
NA1_5097564747,2025-01-14 02:51:29.798136,0.8799999999999999,1.0,18.0,2,3,0,1,0,1,1,1,2,2,1,1,0,0,1,1
NA1_5097564747,2025-01-14 02:51:29.798136,0.8,0.8,17.5,1,2,0,1,1,1,2,3,2,0,1,0,2,0,1,0
NA1_5095117805,2025-01-14 02:51:30.769304,0.98,1.0,15.0,2,1,0,1,1,2,1,2,2,1,1,1,1,0,1,0
NA1_5095117805,2025-01-14 02:51:30.769304,0.8600000000000001,1.0,19.5,1,1,1,1,1,2,1,1,1,1,1,0,0,0,1,1
NA1_5080835448,2025-01-14 02:51:31.741375,0.8200000000000001,1.0,20.0,1,2,1,1,0,1,1,2,3,2,1,2,0,1,1,0
NA1_5080835448,2025-01-14 02:51:31.741375,0.8599999999999999,0.8,17.5,0,3,0,1,2,0,2,2,2,1,2,1,2,0,1,1
NA1_5080647665,2025-01-14 02:51:33.040181,0.8599999999999999,0.8,12.5,0,1,0,1,2,2,1,2,2,1,2,1,2,0,1,1
NA1_5080647665,2025-01-14 02:51:33.040181,0.94,0.8,7.0,1,0,0,1,2,0,1,2,3,1,2,0,1,0,1,0
NA1_5056266412,2025-01-14 02:51:33.950792,0.31999999999999984,0.8,11.5,1,0,1,2,0,1,1,0,2,2,1,1,0,0,2,1
NA1_5056266412,2025-01-14 02:51:33.950792,0.5,1.0,14.0,1,1,1,1,1,1,1,1,1,1,0,0,1,1,1,0
NA1_5030175028,2025-01-14 02:51:34.913881,0.8399999999999999,0.8,16.0,1,0,0,1,2,1,1,3,1,1,1,1,2,1,2,0
NA1_5030175028,2025-01-14 02:51:34.913881,0.98,0.8,12.0,0,1,1,1,1,0,1,1,2,1,2,1,0,1,1,1
NA1_5030144175,2025-01-14 02:51:35.881680,0.96,1.0,15.5,2,2,0,1,2,0,2,2,3,1,1,0,1,1,2,0
NA1_5030144175,2025-01-14 02:51:35.881680,0.72,0.8,12.0,1,2,0,2,1,1,2,2,0,2,0,0,1,1,2,1
NA1_5098526173,2025-01-14 02:51:36.839535,0.8599999999999999,1.0,17.0,2,2,1,1,0,1,1,1,2,1,0,1,0,0,1,0
NA1_5098526173,2025-01-14 02:51:36.839535,0.56,0.8,14.5,2,1,1,1,1,0,1,0,2,1,2,1,1,1,1,1
NA1_5098520381,2025-01-14 02:51:37.766463,0.98,1.0,12.0,3,1,1,1,1,1,1,1,3,1,2,1,0,0,1,1
NA1_5098520381,2025-01-14 02:51:37.766463,0.9199999999999999,1.0,13.0,1,2,0,1,1,1,1,1,2,2,2,0,1,0,1,0
NA1_5098467754,2025-01-14 02:51:38.707506,0.94,1.0,15.5,2,0,1,1,1,0,1,1,2,1,1,0,0,0,1,1
NA1_5098467754,2025-01-14 02:51:38.707506,0.8,0.8,13.0,1,1,0,1,3,0,2,2,3,0,0,0,2,0,1,0
NA1_5099301749,2025-01-14 02:51:39.712801,0.8599999999999999,1.0,18.5,1,2,0,1,1,1,3,2,1,1,1,1,0,0,1,1
NA1_5099301749,2025-01-14 02:51:39.712801,0.74,1.0,18.5,1,3,0,1,1,2,2,2,1,1,0,1,0,0,1,0
NA1_5099258381,2025-01-14 02:51:40.696879,0.8999999999999999,1.0,22.5,1,3,0,1,2,0,3,2,2,1,2,1,2,1,2,1
NA1_5099258381,2025-01-14 02:51:40.696879,0.30000000000000004,0.8,13.5,2,1,1,2,0,0,1,0,3,1,2,1,0,1,2,0
NA1_5098355484,2025-01-14 02:51:41.708881,0.8400000000000001,1.0,24.5,1,3,1,1,1,1,2,2,1,1,2,0,1,1,1,1
NA1_5098355484,2025-01-14 02:51:41.708881,0.8400000000000001,1.0,18.0,2,2,0,1,0,1,1,1,2,1,1,1,0,0,1,0
NA1_5040615492,2025-01-14 02:51:42.674692,0.72,1.0,10.5,1,1,1,1,3,1,2,2,1,2,0,0,1,1,1,0
NA1_5040615492,2025-01-14 02:51:42.674692,0.5999999999999999,1.0,12.5,1,1,0,2,0,1,1,1,2,1,1,1,0,0,1,1
NA1_5033779243,2025-01-14 02:51:43.618502,0.6200000000000001,0.8,12.0,0,1,1,1,2,0,1,2,2,1,1,0,2,1,1,0
NA1_5033779243,2025-01-14 02:51:43.618502,0.8999999999999999,1.0,19.0,2,3,0,1,1,1,2,1,1,1,0,0,0,0,1,1
NA1_5033581623,2025-01-14 02:51:44.547165,0.96,1.0,13.5,1,1,0,1,2,1,2,3,1,1,0,0,1,0,1,1
NA1_5033581623,2025-01-14 02:51:44.547165,0.8599999999999999,1.0,19.0,2,2,0,1,1,1,1,2,1,1,1,0,0,0,1,0
NA1_5015314354,2025-01-14 02:51:45.521486,0.48,0.8,15.0,0,0,1,1,4,0,1,3,1,2,1,1,1,0,1,0
NA1_5015314354,2025-01-14 02:51:45.521486,0.9199999999999999,1.0,12.0,1,1,0,1,1,1,1,1,1,2,1,0,0,1,1,1
NA1_5014712893,2025-01-14 02:51:46.508665,0.74,1.0,14.5,1,1,2,2,1,0,3,1,1,1,0,0,1,1,1,0
NA1_5014712893,2025-01-14 02:51:46.508665,0.43999999999999995,0.6,15.5,0,0,0,1,4,0,1,4,1,2,0,0,1,0,1,1
NA1_5014706877,2025-01-14 02:51:47.460693,0.94,1.0,13.5,1,0,1,1,1,2,1,1,2,2,1,2,0,1,1,1
NA1_5014706877,2025-01-14 02:51:47.460693,0.9199999999999999,0.8,20.5,3,2,1,0,1,0,2,1,2,2,2,1,0,0,0,0
NA1_5070882700,2025-01-14 02:51:48.398306,0.94,1.0,12.5,2,1,0,1,1,1,1,2,1,3,1,0,2,0,1,0
NA1_5070882700,2025-01-14 02:51:48.398306,0.9199999999999999,1.0,21.5,1,1,1,1,2,1,3,2,1,2,0,0,1,1,2,1
NA1_5033337607,2025-01-14 02:51:49.397070,0.8400000000000001,1.0,21.0,3,1,1,1,1,0,1,1,2,1,1,0,1,0,1,1
NA1_5033337607,2025-01-14 02:51:49.397070,0.8999999999999999,0.6,11.5,0,0,2,1,1,1,2,2,2,0,1,2,0,1,1,0
NA1_5033331843,2025-01-14 02:51:50.322691,0.9999999999999998,1.0,19.5,1,2,0,1,1,1,1,1,1,1,2,1,0,0,1,1
NA1_5033331843,2025-01-14 02:51:50.322691,0.8,1.0,22.5,2,2,0,1,1,0,2,1,1,1,1,0,0,0,1,0
NA1_5087812054,2025-01-14 02:51:51.265347,0.76,0.6,14.5,0,2,0,1,2,1,0,4,1,2,2,1,0,0,1,0
NA1_5087812054,2025-01-14 02:51:51.265347,0.8400000000000001,0.6,10.0,0,1,0,1,2,1,2,1,2,0,1,1,1,0,1,1
NA1_5087763483,2025-01-14 02:51:52.453280,0.9999999999999998,0.8,8.5,2,0,0,1,1,1,1,1,2,1,2,1,0,1,1,0
NA1_5087763483,2025-01-14 02:51:52.453280,0.8400000000000001,1.0,17.0,1,1,0,1,2,0,1,2,2,1,1,0,1,0,1,1
NA1_5076151000,2025-01-14 02:51:53.395928,0.9200000000000002,0.8,9.0,2,2,0,1,1,0,1,3,3,0,1,2,0,0,1,0
NA1_5076151000,2025-01-14 02:51:53.395928,0.8800000000000001,0.8,14.0,0,0,1,1,2,1,1,1,1,1,2,1,0,1,1,1
