match_id,time,avg_summoner_lvl_ally,avg_match_history_length_ally,avg_win_rate_ally,sum_champ_mastery_ally,avg_summoner_lvl_enemy,avg_match_history_length_enemy,avg_win_rate_enemy,sum_champ_mastery_enemy,win
NA1_5095170534,2024-08-29 15:06:04.315956,392.2,20.0,0.47,2333535,280.4,20.0,0.45,554507,0
NA1_5094873692,2024-08-29 15:07:18.075489,154.4,18.6,0.46,744062,285.2,20.0,0.45,263884,1
NA1_5060017077,2024-08-29 15:07:54.548845,193.4,20.0,0.52,1108563,396.6,20.0,0.43,2218409,1
NA1_5097229601,2024-08-29 15:09:04.386741,381.0,20.0,0.55,2027703,133.4,20.0,0.53,80786,1
NA1_5097187922,2024-08-29 15:09:40.181767,281.6,20.0,0.53,301630,223.0,20.0,0.5,474819,1
NA1_5096874129,2024-08-29 15:10:14.576893,416.8,19.8,0.49,1642395,279.4,20.0,0.55,449946,0
NA1_5092627839,2024-08-29 15:11:21.025533,483.2,20.0,0.49,1490138,625.4,20.0,0.49,616033,0
NA1_5092610769,2024-08-29 15:11:53.915789,454.6,20.0,0.44,741320,401.2,20.0,0.46,805602,0
NA1_5092573604,2024-08-29 15:13:08.762466,435.4,20.0,0.51,1651530,311.8,20.0,0.5,1027846,1
NA1_5093763805,2024-08-29 15:13:42.816465,278.2,20.0,0.49,1143952,405.4,20.0,0.53,1633383,1
NA1_5093754125,2024-08-29 15:14:52.902667,462.2,20.0,0.54,679828,328.0,20.0,0.49,457623,1
NA1_5093736690,2024-08-29 15:15:29.103394,352.8,20.0,0.48,1597710,370.2,20.0,0.54,1077670,0
NA1_5083704073,2024-08-29 15:16:03.735707,410.2,20.0,0.55,1410655,346.6,20.0,0.47,1584189,1
NA1_5079561400,2024-08-29 15:17:12.413797,242.0,19.0,0.51,1048467,272.4,18.6,0.49,366003,1
NA1_5079554837,2024-08-29 15:17:47.462977,320.0,20.0,0.44,888319,229.6,20.0,0.53,219283,0
NA1_5056863648,2024-08-29 15:18:57.398783,300.2,20.0,0.51,9692643,381.6,20.0,0.54,144999,1
NA1_5055279201,2024-08-29 15:19:33.792797,404.4,20.0,0.51,584451,526.8,20.0,0.51,1431239,1
NA1_5054413539,2024-08-29 15:20:08.538586,372.4,20.0,0.49,2812054,455.0,20.0,0.51,789917,1
NA1_5096046826,2024-08-29 15:21:11.306163,479.2,20.0,0.47,663000,266.4,20.0,0.54,2015970,0
NA1_5094796522,2024-08-29 15:21:42.234212,601.6,20.0,0.48,769363,365.4,20.0,0.5,2289964,0
NA1_5094764401,2024-08-29 15:22:59.598009,505.6,20.0,0.47,1688529,311.0,20.0,0.46,641645,0
NA1_5067892269,2024-08-29 15:23:27.545898,236.6,20.0,0.51,235422,150.6,20.0,0.52,123101,0
NA1_5067843011,2024-08-29 15:23:55.710128,231.4,20.0,0.48,255510,363.2,20.0,0.51,1434705,0
NA1_5067776342,2024-08-29 15:25:15.309603,550.0,20.0,0.48,1493516,307.4,20.0,0.53,663118,1
NA1_5079026295,2024-08-29 15:25:43.935123,729.8,20.0,0.53,426148,473.4,20.0,0.5,959910,1
NA1_5078087605,2024-08-29 15:27:02.551603,355.2,20.0,0.5,1819399,499.6,20.0,0.54,985211,0
NA1_5078053744,2024-08-29 15:27:30.493704,387.6,20.0,0.52,282591,470.4,20.0,0.51,573725,1
NA1_5092996600,2024-08-29 15:27:58.500449,444.0,20.0,0.5,426589,147.2,18.0,0.34,878722,1
NA1_5086241708,2024-08-29 15:29:19.066202,528.0,20.0,0.47,633974,398.6,20.0,0.51,866482,1
NA1_5086219010,2024-08-29 15:29:47.031879,469.0,20.0,0.47,2274978,437.4,20.0,0.46,598495,1
NA1_5031789185,2024-08-29 15:31:05.688756,311.0,20.0,0.5,756370,238.4,20.0,0.46,2390216,1
NA1_5030952175,2024-08-29 15:31:33.171984,129.0,16.6,0.56,173491,569.6,20.0,0.5,519579,0
NA1_5030949915,2024-08-29 15:32:54.491973,380.6,20.0,0.51,1031370,611.6,20.0,0.48,1096414,1
NA1_5020871774,2024-08-29 15:33:22.504927,447.2,20.0,0.5,2813129,352.0,20.0,0.41,392359,1
NA1_5010451401,2024-08-29 15:33:50.106874,153.8,20.0,0.49,625443,576.0,20.0,0.48,260265,1
NA1_5009306521,2024-08-29 15:35:09.512545,432.2,20.0,0.46,2039081,423.6,20.0,0.5,2497551,0
NA1_5039016630,2024-08-29 15:35:37.548634,155.2,20.0,0.47,276463,358.8,20.0,0.5,1029478,0
NA1_5038998594,2024-08-29 15:36:56.911178,251.4,20.0,0.5,620048,211.2,20.0,0.46,286465,0
NA1_5038056990,2024-08-29 15:37:25.001513,303.2,20.0,0.5,199402,180.2,20.0,0.46,146880,1
NA1_5094548565,2024-08-29 15:37:52.987068,512.0,20.0,0.5,1737214,341.6,20.0,0.52,898735,1
NA1_5094542364,2024-08-29 15:39:13.034850,333.2,20.0,0.54,1273409,431.0,20.0,0.48,2399028,0
NA1_5093848426,2024-08-29 15:39:41.893919,326.4,20.0,0.5,1331169,227.2,20.0,0.6,2189838,0
NA1_5097062132,2024-08-29 15:41:00.937167,634.2,20.0,0.52,1963184,551.8,20.0,0.5,1664086,0
NA1_5095973415,2024-08-29 15:41:28.551159,391.8,20.0,0.5,1339043,378.4,18.2,0.56,1005703,0
NA1_5095879499,2024-08-29 15:41:56.584153,430.0,20.0,0.53,513534,285.0,20.0,0.51,174581,1
NA1_5015770710,2024-08-29 15:43:16.808656,300.6,20.0,0.52,576663,271.6,20.0,0.56,1218265,0
NA1_5009055556,2024-08-29 15:43:44.900117,269.0,20.0,0.57,524360,465.4,19.6,0.47,711025,1
NA1_5009047620,2024-08-29 15:45:04.188665,269.8,20.0,0.56,592684,483.6,19.6,0.53,2092007,1
NA1_5097030681,2024-08-29 15:45:32.495155,167.2,20.0,0.58,175240,354.8,20.0,0.54,612992,1
NA1_5096987525,2024-08-29 15:46:51.586601,221.2,20.0,0.62,538354,219.8,20.0,0.52,342247,1
NA1_5096951109,2024-08-29 15:47:19.450228,356.0,20.0,0.52,1108542,456.6,20.0,0.48,1538445,1
NA1_5090772420,2024-08-29 15:47:47.118659,167.2,20.0,0.55,223031,503.4,20.0,0.53,582014,0
NA1_5086881868,2024-08-29 15:49:07.576159,418.2,20.0,0.57,306959,276.8,20.0,0.56,778828,0
NA1_5086855659,2024-08-29 15:49:35.352872,438.8,20.0,0.47,1950553,442.0,20.0,0.51,1704709,0
NA1_5097467966,2024-08-29 15:50:55.393025,198.8,20.0,0.53,654335,420.0,20.0,0.49,1823625,0
NA1_5095841946,2024-08-29 15:51:23.044669,270.6,20.0,0.52,705413,318.8,20.0,0.52,271363,0
NA1_5095189516,2024-08-29 15:51:50.440396,471.4,20.0,0.56,2934267,321.8,20.0,0.53,756326,0
NA1_5012106428,2024-08-29 15:53:10.614697,455.6,20.0,0.52,166803,423.0,20.0,0.53,2744388,0
NA1_5012091341,2024-08-29 15:53:39.122704,509.8,20.0,0.53,931900,312.2,20.0,0.52,1034605,1
NA1_5008587183,2024-08-29 15:54:58.766211,334.4,20.0,0.53,4954268,212.4,20.0,0.51,1126190,1
NA1_5069293840,2024-08-29 15:55:27.137667,543.6,20.0,0.53,822925,290.2,20.0,0.47,191114,1
NA1_5069241094,2024-08-29 15:55:55.438524,710.6,20.0,0.55,639209,255.2,20.0,0.48,182974,1
NA1_5069193436,2024-08-29 15:57:14.319254,427.0,20.0,0.53,509260,323.0,20.0,0.54,1720323,1
NA1_5068490641,2024-08-29 15:57:42.651136,383.4,16.4,0.5,803293,385.8,20.0,0.48,1775776,0
NA1_5068464594,2024-08-29 15:59:02.243911,260.4,20.0,0.51,4202370,648.4,20.0,0.5,1805175,1
NA1_5068415777,2024-08-29 15:59:29.726218,417.8,20.0,0.52,971727,500.8,20.0,0.49,4987433,1
NA1_5081708852,2024-08-29 15:59:57.494353,163.8,20.0,0.55,749540,217.8,20.0,0.45,611667,1
NA1_5081683864,2024-08-29 16:01:17.551878,382.6,20.0,0.54,1108751,255.8,20.0,0.43,1137906,1
NA1_5081638800,2024-08-29 16:01:45.223461,467.2,20.0,0.45,1213559,545.8,20.0,0.47,2805397,1
NA1_5087882340,2024-08-29 16:03:04.760554,504.4,20.0,0.58,2543800,315.6,20.0,0.47,490231,1
NA1_5087838768,2024-08-29 16:03:32.392563,397.4,20.0,0.46,1316079,272.4,20.0,0.56,1111989,0
NA1_5087791995,2024-08-29 16:05:14.332564,514.0,20.0,0.51,409712,402.8,20.0,0.46,2439350,0
NA1_5038896818,2024-08-29 16:05:42.208394,581.8,17.6,0.54,457410,632.2,20.0,0.47,2034354,0
NA1_5038882934,2024-08-29 16:06:10.342880,380.6,20.0,0.5,384590,438.4,17.6,0.55,1051625,1
NA1_5038866492,2024-08-29 16:07:08.794139,401.4,17.6,0.52,520536,366.6,20.0,0.5,221923,1
NA1_5096063575,2024-08-29 16:07:36.718618,297.8,18.4,0.55,2434576,416.8,20.0,0.5,661034,1
NA1_5095979034,2024-08-29 16:08:56.952170,478.6,20.0,0.48,749413,148.6,18.6,0.53,590707,1
NA1_5095967160,2024-08-29 16:09:24.596887,283.0,20.0,0.51,1685477,215.0,20.0,0.6,592595,0
NA1_5088755854,2024-08-29 16:09:52.263067,612.6,20.0,0.47,1865310,350.8,20.0,0.49,1090669,1
NA1_5088713383,2024-08-29 16:11:12.163950,424.0,20.0,0.49,786037,303.6,20.0,0.5,855709,1
NA1_5088685879,2024-08-29 16:11:40.459116,283.0,20.0,0.58,319957,390.4,20.0,0.48,502665,1
NA1_5093155425,2024-08-29 16:12:59.609878,207.2,20.0,0.59,528132,106.4,20.0,0.49,471136,1
NA1_5089456225,2024-08-29 16:13:27.153887,198.4,20.0,0.54,264580,371.2,20.0,0.5,1350680,1
NA1_5089434482,2024-08-29 16:13:55.187662,388.6,20.0,0.5,1835673,230.8,20.0,0.48,732917,1
NA1_5021134205,2024-08-29 16:15:15.753189,107.0,20.0,0.56,114245,316.2,20.0,0.55,190291,0
NA1_5021113466,2024-08-29 16:15:43.527162,260.2,20.0,0.51,728031,345.2,20.0,0.56,614881,1
NA1_5021097021,2024-08-29 16:17:03.485183,355.4,20.0,0.46,506030,254.2,20.0,0.51,418418,0
NA1_5096989893,2024-08-29 16:17:31.175575,311.4,20.0,0.45,638256,383.8,20.0,0.52,1221661,0
NA1_5096923096,2024-08-29 16:18:51.563565,498.0,20.0,0.51,1430135,261.8,20.0,0.48,702548,0
NA1_5095520229,2024-08-29 16:19:19.392903,212.8,20.0,0.5,294168,460.6,20.0,0.5,678607,1
NA1_5070790049,2024-08-29 16:20:11.056541,149.4,20.0,0.53,548881,476.6,20.0,0.46,1523770,1
NA1_5070731584,2024-08-29 16:21:06.702023,290.0,20.0,0.53,1442512,227.4,20.0,0.48,857878,0
NA1_5070676802,2024-08-29 16:21:35.009031,305.0,20.0,0.47,1274020,110.4,20.0,0.54,774166,0
NA1_5084307417,2024-08-29 16:22:54.386980,226.8,20.0,0.49,417330,395.0,20.0,0.51,934983,0
NA1_5084270138,2024-08-29 16:23:22.374435,348.8,20.0,0.49,297205,363.4,20.0,0.5,508280,0
NA1_5084238219,2024-08-29 16:23:50.290026,382.6,20.0,0.48,2814717,367.2,20.0,0.48,330437,1
NA1_5080274349,2024-08-29 16:25:10.517845,324.8,20.0,0.49,553297,197.4,20.0,0.5,2576505,1
NA1_5080205141,2024-08-29 16:25:38.731478,591.8,20.0,0.5,1198861,524.6,20.0,0.51,2116620,1
NA1_5080156789,2024-08-29 16:26:57.940623,225.2,20.0,0.41,724551,215.2,17.2,0.49,1352468,0
NA1_5066483535,2024-08-29 16:27:25.537851,262.4,20.0,0.52,1529786,260.4,20.0,0.44,1130903,1
NA1_5066431770,2024-08-29 16:27:53.208562,385.2,20.0,0.47,2682558,211.0,20.0,0.55,175919,0
NA1_5061846965,2024-08-29 16:29:13.054234,375.6,20.0,0.48,1082754,376.4,20.0,0.45,3199776,1
NA1_5094840076,2024-08-29 16:29:40.826282,206.8,18.2,0.52,1399901,374.2,20.0,0.51,1734659,1
NA1_5094821869,2024-08-29 16:31:01.374936,427.4,18.2,0.53,1217789,316.0,19.0,0.61,368171,0
NA1_5090787747,2024-08-29 16:31:29.452655,147.6,18.2,0.51,400630,314.8,20.0,0.5,424236,0
NA1_5096056890,2024-08-29 16:31:57.448180,540.6,20.0,0.53,4136387,231.6,20.0,0.5,3993392,1
NA1_5095997541,2024-08-29 16:33:16.901864,432.0,20.0,0.49,1539493,605.4,20.0,0.48,2249747,1
NA1_5095978841,2024-08-29 16:33:44.558664,457.2,20.0,0.5,1472340,115.6,17.6,0.62,461595,0
NA1_5095474704,2024-08-29 16:35:04.821117,455.8,20.0,0.53,727442,112.2,20.0,0.52,384297,1
NA1_5095452310,2024-08-29 16:35:32.722174,335.6,20.0,0.52,1118766,448.4,20.0,0.5,289964,1
NA1_5095436346,2024-08-29 16:36:52.428902,227.0,20.0,0.51,1214483,286.8,20.0,0.48,1506058,1
NA1_5097207912,2024-08-29 16:37:20.503177,579.4,20.0,0.48,10476039,200.0,20.0,0.57,415887,0
NA1_5097154534,2024-08-29 16:37:48.490423,408.2,20.0,0.51,851812,489.2,20.0,0.52,812768,0
NA1_5096354145,2024-08-29 16:39:07.977956,445.0,20.0,0.46,796939,551.0,20.0,0.48,1861833,1
NA1_5084209647,2024-08-29 16:39:36.153826,433.2,20.0,0.48,1135614,329.4,20.0,0.47,791860,1
NA1_5084163683,2024-08-29 16:40:55.896690,340.2,20.0,0.49,1020985,261.8,20.0,0.47,932656,1
NA1_5053890273,2024-08-29 16:41:24.085866,338.8,20.0,0.5,663729,393.2,20.0,0.45,437589,1
NA1_5097391868,2024-08-29 16:41:53.268386,344.2,20.0,0.57,3626013,331.6,20.0,0.43,2567268,1
NA1_5097165542,2024-08-29 16:43:11.189941,183.4,20.0,0.5,878430,53.4,20.0,0.57,222093,0
NA1_5097103030,2024-08-29 16:43:38.932889,654.8,20.0,0.47,3262511,397.4,20.0,0.49,437859,1
NA1_5032555053,2024-08-29 16:44:59.733873,378.0,20.0,0.59,612524,394.8,20.0,0.55,1011793,0
NA1_5032527645,2024-08-29 16:45:27.773938,280.6,20.0,0.61,337886,264.4,20.0,0.53,855262,1
NA1_5032470666,2024-08-29 16:45:55.589369,267.4,20.0,0.62,337442,293.4,20.0,0.52,347697,1
NA1_5050201810,2024-08-29 16:47:15.351950,310.0,16.6,0.52,1820774,442.6,19.2,0.55,625565,1
NA1_5038427192,2024-08-29 16:47:43.023933,451.6,19.2,0.52,334729,236.2,20.0,0.54,1384444,0
NA1_5038416160,2024-08-29 16:49:02.434907,440.4,20.0,0.51,504565,413.8,19.2,0.51,464416,1
NA1_5097152563,2024-08-29 16:49:30.448517,224.2,20.0,0.52,1756993,425.0,20.0,0.5,715256,1
NA1_5097110399,2024-08-29 16:49:58.044891,223.8,20.0,0.53,607497,245.8,20.0,0.49,1469289,0
NA1_5097059377,2024-08-29 16:51:18.827166,258.2,20.0,0.51,437137,291.0,20.0,0.5,2024970,1
NA1_5077673907,2024-08-29 16:51:51.791303,178.2,20.0,0.56,1196494,430.4,20.0,0.5,724713,1
NA1_5063279896,2024-08-29 16:53:05.892854,534.0,20.0,0.52,615235,326.0,20.0,0.52,417232,0
NA1_5038914792,2024-08-29 16:53:33.814662,250.0,20.0,0.56,1396081,415.0,20.0,0.52,646040,1
NA1_5017966691,2024-08-29 16:54:54.278961,287.0,20.0,0.54,843230,253.8,20.0,0.48,885743,1
NA1_5017944073,2024-08-29 16:55:22.742567,518.4,20.0,0.53,2052727,408.4,20.0,0.43,2280509,1
NA1_5017187465,2024-08-29 16:55:50.827962,364.0,20.0,0.52,1060149,275.8,20.0,0.42,844464,1
NA1_5096221728,2024-08-29 16:57:09.612138,459.8,20.0,0.48,3034926,273.6,20.0,0.54,566835,0
NA1_5096193715,2024-08-29 16:57:37.340802,311.4,20.0,0.51,1892812,388.2,20.0,0.47,788168,1
NA1_5096157685,2024-08-29 16:58:56.988904,209.0,17.6,0.5,812731,367.2,20.0,0.51,2380438,0
NA1_5040222689,2024-08-29 16:59:25.218892,409.6,20.0,0.5,2122401,411.4,20.0,0.5,2690479,0
NA1_5029623129,2024-08-29 16:59:53.210463,374.4,20.0,0.47,333727,546.0,20.0,0.51,2160948,0
NA1_5027162256,2024-08-29 17:01:13.324599,301.8,20.0,0.48,414916,493.0,20.0,0.5,1148538,0
NA1_5050090538,2024-08-29 17:01:41.607860,271.2,20.0,0.49,1041465,253.4,20.0,0.51,282105,0
NA1_5050009386,2024-08-29 17:03:00.736272,312.4,20.0,0.49,458782,205.8,20.0,0.51,969088,1
NA1_5038786047,2024-08-29 17:03:28.512822,250.0,20.0,0.54,483298,296.2,20.0,0.51,907463,1
NA1_5097131745,2024-08-29 17:03:56.576890,474.0,20.0,0.49,610609,308.8,20.0,0.51,607320,1
NA1_5097088112,2024-08-29 17:05:16.472862,521.8,20.0,0.48,179246,266.6,20.0,0.48,1023080,0
NA1_5091968658,2024-08-29 17:05:44.492964,222.8,20.0,0.45,151989,340.4,20.0,0.52,3112468,0
NA1_5095811467,2024-08-29 17:07:04.044933,376.2,20.0,0.48,784449,617.6,17.4,0.47,1315165,0
NA1_5095685892,2024-08-29 17:07:31.817322,387.4,20.0,0.51,665496,389.6,20.0,0.47,225755,1
NA1_5093622894,2024-08-29 17:08:51.685301,749.6,20.0,0.51,1171205,296.2,20.0,0.49,563146,0
NA1_5090144843,2024-08-29 17:09:19.809910,393.2,20.0,0.49,666710,485.0,20.0,0.51,297276,0
NA1_5090094978,2024-08-29 17:09:47.750869,346.6,20.0,0.48,1474825,498.0,20.0,0.51,2532059,0
NA1_5090054615,2024-08-29 17:11:07.425570,276.4,18.0,0.5,200352,423.4,20.0,0.5,2376894,0
NA1_5025789089,2024-08-29 17:11:35.335920,321.2,20.0,0.48,2253749,223.8,20.0,0.55,534106,0
NA1_5025775498,2024-08-29 17:12:55.252524,526.8,20.0,0.5,2790004,437.8,20.0,0.48,1101351,1
NA1_5016350239,2024-08-29 17:13:23.357910,264.2,20.0,0.48,618664,382.2,20.0,0.53,2200506,0
NA1_5096345800,2024-08-29 17:13:50.973852,262.0,20.0,0.58,1193102,401.6,20.0,0.51,587817,1
NA1_5096314563,2024-08-29 17:15:10.266973,308.8,20.0,0.5,1146554,531.6,20.0,0.49,697735,1
NA1_5095674105,2024-08-29 17:15:37.369114,323.2,20.0,0.51,1656102,469.6,20.0,0.51,836038,0
NA1_5096919876,2024-08-29 17:16:58.734571,511.4,20.0,0.58,803034,186.4,17.6,0.49,1385080,1
NA1_5096883001,2024-08-29 17:17:26.613236,356.2,20.0,0.55,711665,428.2,20.0,0.51,395178,1
NA1_5046692634,2024-08-29 17:17:54.458886,280.0,20.0,0.55,1869695,514.2,20.0,0.48,1485619,1
NA1_5073388839,2024-08-29 17:19:13.989947,324.4,20.0,0.5,3371342,245.2,20.0,0.56,504862,0
NA1_5073329554,2024-08-29 17:19:41.464933,403.0,20.0,0.51,813729,322.6,20.0,0.54,177744,0
NA1_5037264610,2024-08-29 17:21:02.517945,334.8,20.0,0.54,292829,356.8,20.0,0.49,519420,1
NA1_5062659449,2024-08-29 17:21:31.046408,472.2,20.0,0.51,1922537,319.0,20.0,0.53,1066697,0
NA1_5062641928,2024-08-29 17:21:58.434149,458.4,20.0,0.51,1290625,304.6,20.0,0.54,2529849,0
NA1_5062626794,2024-08-29 17:23:17.476472,325.0,20.0,0.53,1627045,456.0,20.0,0.53,480549,1
NA1_5096393094,2024-08-29 17:23:45.840239,163.0,20.0,0.47,119249,243.8,20.0,0.46,379049,0
NA1_5096371160,2024-08-29 17:25:04.919300,311.8,20.0,0.52,2065576,386.0,20.0,0.56,831725,0
NA1_5096341267,2024-08-29 17:25:32.616363,232.8,20.0,0.52,306785,259.8,20.0,0.5,773579,1
NA1_5022582208,2024-08-29 17:26:53.498852,315.6,20.0,0.51,900477,289.2,18.0,0.31,1600199,1
NA1_5022568118,2024-08-29 17:27:21.508566,482.6,20.0,0.52,1989858,412.6,18.0,0.29,1316965,1
NA1_5022545231,2024-08-29 17:27:49.470951,314.8,20.0,0.46,723370,314.4,18.0,0.24,1116630,1
NA1_5096174294,2024-08-29 17:29:08.712994,160.4,20.0,0.53,131607,283.6,20.0,0.55,921661,1
NA1_5095694868,2024-08-29 17:29:36.218848,235.6,20.0,0.52,228402,250.0,20.0,0.56,213996,1
NA1_5095657662,2024-08-29 17:30:56.874145,294.2,20.0,0.5,1161520,404.8,20.0,0.55,640867,0
NA1_5091636986,2024-08-29 17:31:25.799174,492.0,20.0,0.47,780821,523.2,20.0,0.49,4155869,1
NA1_5089693739,2024-08-29 17:31:53.329554,384.0,20.0,0.59,668037,320.0,20.0,0.53,212579,1
NA1_5089654397,2024-08-29 17:33:12.049725,339.4,20.0,0.52,138051,323.4,20.0,0.48,575166,1
NA1_5024726512,2024-08-29 17:33:39.514998,275.6,20.0,0.49,422092,327.4,20.0,0.49,200433,1
NA1_5023726537,2024-08-29 17:35:00.696018,296.6,20.0,0.5,963202,308.0,20.0,0.46,871071,1
NA1_5023723429,2024-08-29 17:35:28.706141,543.4,20.0,0.48,1305355,297.0,20.0,0.48,924530,0
NA1_5090607131,2024-08-29 17:35:56.812925,217.2,20.0,0.49,853340,185.4,20.0,0.53,499662,1
NA1_5089480944,2024-08-29 17:37:15.428557,186.0,20.0,0.55,204657,133.4,20.0,0.57,39854,0
NA1_5089428495,2024-08-29 17:37:43.096979,463.8,20.0,0.49,708098,478.4,20.0,0.52,1055122,0
NA1_5011612066,2024-08-29 17:39:03.009840,384.2,20.0,0.55,609763,301.2,18.6,0.51,2566694,0
NA1_5011573802,2024-08-29 17:39:31.476894,459.6,20.0,0.5,1887556,383.8,20.0,0.59,875313,0
NA1_5007486546,2024-08-29 17:40:51.577911,359.8,20.0,0.57,2103931,463.6,20.0,0.5,1808577,1
NA1_5095124203,2024-08-29 17:41:19.250185,460.6,20.0,0.52,1411875,517.0,20.0,0.47,1455596,1
NA1_5095106188,2024-08-29 17:41:46.933354,381.6,20.0,0.45,5099779,524.6,20.0,0.51,876569,0
NA1_5095084589,2024-08-29 17:43:06.746343,413.8,20.0,0.5,1434143,315.6,20.0,0.56,814149,0
NA1_5029298410,2024-08-29 17:43:34.097954,184.8,20.0,0.56,191168,201.0,20.0,0.45,331796,1
NA1_5029228570,2024-08-29 17:44:54.363401,307.2,20.0,0.5,285340,288.8,20.0,0.46,250332,0
NA1_5029222859,2024-08-29 17:45:22.091143,388.6,20.0,0.5,1257605,303.4,20.0,0.48,439856,1
NA1_5047138710,2024-08-29 17:45:49.671148,226.2,20.0,0.48,292928,361.6,20.0,0.54,311893,1
NA1_5047081183,2024-08-29 17:47:10.035902,449.0,20.0,0.5,295519,174.8,20.0,0.52,857699,1
NA1_5040281629,2024-08-29 17:47:37.674446,119.6,20.0,0.6,245413,405.4,20.0,0.49,507094,0
NA1_5028066149,2024-08-29 17:48:58.098573,426.4,20.0,0.49,584385,378.2,20.0,0.52,364810,0
NA1_5026366711,2024-08-29 17:49:25.878322,361.2,20.0,0.52,1217571,353.2,20.0,0.5,844274,0
NA1_5026352451,2024-08-29 17:49:53.256021,264.8,20.0,0.52,1028319,379.0,20.0,0.49,785840,0
NA1_5094763275,2024-08-29 17:51:13.227925,479.2,18.8,0.53,841100,506.6,20.0,0.5,2811669,0
NA1_5086917756,2024-08-29 17:51:41.180151,459.8,18.8,0.52,525511,257.8,20.0,0.49,322840,1
NA1_5086886151,2024-08-29 17:53:01.425885,201.2,20.0,0.55,1413318,352.6,18.8,0.51,294043,1
NA1_5007772959,2024-08-29 17:53:28.912669,271.4,16.4,0.7,646277,441.0,20.0,0.5,2751265,1
NA1_5007765815,2024-08-29 17:53:57.032496,318.0,20.0,0.53,435336,342.6,20.0,0.51,980726,0
NA1_5007052830,2024-08-29 17:55:17.239137,331.8,20.0,0.47,838346,431.6,20.0,0.52,963818,0
NA1_5040704893,2024-08-29 17:55:45.574663,485.0,20.0,0.47,619408,341.6,20.0,0.52,856966,0
NA1_5040023548,2024-08-29 17:57:05.128871,495.8,20.0,0.51,819175,317.8,20.0,0.5,361865,0
NA1_5039994509,2024-08-29 17:57:33.376342,487.8,20.0,0.48,593370,376.0,20.0,0.51,1074440,1
NA1_5097488286,2024-08-29 17:58:52.786936,249.8,20.0,0.52,1277911,346.2,20.0,0.49,2250210,0
NA1_5097478847,2024-08-29 17:59:20.706402,328.6,20.0,0.49,1698945,343.8,17.6,0.59,198337,0
NA1_5096439925,2024-08-29 17:59:48.614182,131.2,18.6,0.44,295958,270.4,20.0,0.47,1147510,1
NA1_5089985760,2024-08-29 18:01:08.060920,276.6,20.0,0.56,173595,420.4,20.0,0.46,572213,1
NA1_5089938065,2024-08-29 18:01:36.034958,391.8,20.0,0.49,1649386,312.2,20.0,0.42,1784863,1
NA1_5089885734,2024-08-29 18:02:56.070129,436.6,20.0,0.47,1074926,443.2,20.0,0.45,1536221,0
NA1_5096717278,2024-08-29 18:03:23.515471,455.0,20.0,0.55,1357740,334.4,20.0,0.5,2268589,1
NA1_5096685260,2024-08-29 18:03:51.418895,374.8,20.0,0.49,576371,462.8,17.4,0.42,1054630,1
NA1_5096658610,2024-08-29 18:05:11.035014,265.8,20.0,0.51,1838571,114.4,20.0,0.52,286471,1
NA1_5097170795,2024-08-29 18:05:42.969292,387.4,20.0,0.49,1364530,312.0,17.6,0.55,1454750,0
NA1_5097116145,2024-08-29 18:06:59.603,302.0,20.0,0.41,439416,109.6,14.8,0.55,935434,0
NA1_5084954590,2024-08-29 18:07:27.584017,260.2,20.0,0.47,682726,149.4,17.6,0.55,310153,0
NA1_5097610148,2024-08-29 18:07:55.549086,335.6,20.0,0.49,2452860,382.0,20.0,0.5,631788,0
NA1_5096618145,2024-08-29 18:09:14.973630,311.6,20.0,0.52,1701058,241.2,20.0,0.5,1278013,0
NA1_5095890014,2024-08-29 18:09:42.387681,347.8,19.8,0.51,759714,459.0,20.0,0.5,546100,1
NA1_5091486031,2024-08-29 18:11:02.471025,187.8,20.0,0.51,505933,398.6,20.0,0.5,2908271,1
NA1_5091455455,2024-08-29 18:11:30.331251,86.2,18.8,0.56,90640,369.2,20.0,0.49,399677,1
NA1_5091423717,2024-08-29 18:11:58.879930,420.6,20.0,0.52,2219504,247.6,20.0,0.47,883017,1
NA1_5083762378,2024-08-29 18:13:18.659851,186.6,20.0,0.51,87446,234.8,20.0,0.5,77874,1
NA1_5083745527,2024-08-29 18:13:46.181413,416.0,20.0,0.47,2561217,281.2,20.0,0.53,1883742,1
NA1_5083739073,2024-08-29 18:15:06.153554,251.8,20.0,0.52,317680,228.4,19.2,0.64,498693,0
NA1_5081495948,2024-08-29 18:15:33.608529,361.2,20.0,0.5,1468317,171.2,20.0,0.54,264882,0
NA1_5081472512,2024-08-29 18:16:54.200255,312.0,20.0,0.49,1675160,384.0,20.0,0.49,659855,0
NA1_5037023143,2024-08-29 18:17:22.696970,513.8,20.0,0.51,2323160,219.2,20.0,0.5,459855,0
NA1_5094193797,2024-08-29 18:17:50.517869,209.0,20.0,0.53,173671,322.2,20.0,0.55,575186,0
NA1_5094159174,2024-08-29 18:19:09.501118,187.0,20.0,0.52,339793,330.4,20.0,0.49,1893915,0
NA1_5094136793,2024-08-29 18:19:37.147456,209.4,20.0,0.49,291826,120.6,20.0,0.48,870049,1
NA1_5096769198,2024-08-29 18:20:57.128272,227.4,20.0,0.66,750794,294.6,20.0,0.51,362507,1
NA1_5096738504,2024-08-29 18:21:26.000961,577.0,20.0,0.51,2163562,281.0,20.0,0.57,429526,0
NA1_5096706904,2024-08-29 18:21:54.174561,470.2,20.0,0.5,287340,325.2,20.0,0.48,1501525,1
NA1_5095622061,2024-08-29 18:23:13.088702,166.2,20.0,0.46,574550,391.2,20.0,0.5,1518396,0
NA1_5095168205,2024-08-29 18:23:41.418122,251.0,20.0,0.5,619081,214.8,20.0,0.54,145481,0
NA1_5093485113,2024-08-29 18:25:00.946861,278.6,20.0,0.52,408856,429.0,20.0,0.43,427422,1
NA1_5019870802,2024-08-29 18:25:29.103903,425.4,20.0,0.47,1173527,309.0,20.0,0.52,711601,0
NA1_5015828826,2024-08-29 18:25:57.068658,248.2,20.0,0.52,610631,388.8,20.0,0.52,835378,1
NA1_5011637423,2024-08-29 18:27:16.131238,384.8,20.0,0.54,1462278,315.4,20.0,0.5,1150247,0
NA1_5092840722,2024-08-29 18:27:43.946036,212.6,17.0,0.48,359519,246.4,20.0,0.48,375058,1
NA1_5092800314,2024-08-29 18:29:04.467997,283.8,20.0,0.58,232222,282.8,19.8,0.53,405214,1
NA1_5092767242,2024-08-29 18:29:32.466949,256.6,19.2,0.42,716816,271.2,20.0,0.51,347787,0
NA1_5094658757,2024-08-29 18:30:51.759897,375.8,20.0,0.5,1985597,222.0,20.0,0.46,2034952,1
NA1_5094628350,2024-08-29 18:31:19.915933,428.2,20.0,0.51,410154,252.4,20.0,0.52,1550755,0
NA1_5094602359,2024-08-29 18:31:47.979875,209.2,20.0,0.5,210110,256.0,17.4,0.56,1155824,0
NA1_5092961877,2024-08-29 18:33:07.905917,321.6,19.4,0.49,807208,154.2,14.8,0.42,166023,1
NA1_5092925603,2024-08-29 18:33:36.034126,390.6,19.4,0.48,703117,428.2,20.0,0.49,962167,0
NA1_5092894275,2024-08-29 18:34:55.335912,395.6,20.0,0.49,564116,619.4,19.4,0.5,499799,1
NA1_5028452849,2024-08-29 18:35:22.991605,122.0,20.0,0.43,266659,222.2,20.0,0.59,675087,0
NA1_5028429735,2024-08-29 18:35:51.065606,490.8,20.0,0.55,413941,434.6,20.0,0.51,660010,0
NA1_5027802105,2024-08-29 18:37:10.600898,325.8,20.0,0.55,574533,106.8,14.2,0.48,171390,1
NA1_5092019579,2024-08-29 18:37:38.230927,425.0,20.0,0.49,189513,209.4,20.0,0.47,954415,0
NA1_5092001769,2024-08-29 18:38:58.952155,476.6,20.0,0.35,604229,270.2,20.0,0.49,1425903,0
NA1_5086471882,2024-08-29 18:39:27.229173,409.6,20.0,0.49,955858,225.4,20.0,0.5,796431,0
NA1_5051530860,2024-08-29 18:39:55.156517,338.0,20.0,0.5,541430,336.0,20.0,0.5,357730,0
NA1_5051435351,2024-08-29 18:41:14.489562,303.2,20.0,0.45,532699,316.0,20.0,0.51,223750,1
NA1_5051302042,2024-08-29 18:41:41.884011,438.2,20.0,0.52,420133,145.4,20.0,0.45,229071,0
NA1_5086511452,2024-08-29 18:43:03.012173,436.4,20.0,0.48,465807,228.0,20.0,0.51,526996,1
NA1_5086499365,2024-08-29 18:43:31.215097,133.0,20.0,0.49,189187,458.8,20.0,0.48,231005,1
NA1_5086495172,2024-08-29 18:43:58.901527,319.6,20.0,0.51,640476,389.6,20.0,0.49,3350467,1
NA1_5097132808,2024-08-29 18:45:17.958195,362.6,20.0,0.51,1668476,204.6,20.0,0.5,331921,0
NA1_5096236381,2024-08-29 18:45:45.317599,276.2,20.0,0.49,1091383,260.0,20.0,0.55,236377,0
NA1_5096233022,2024-08-29 18:47:05.161284,323.8,20.0,0.53,481258,327.8,20.0,0.45,1055816,0
NA1_5095546090,2024-08-29 18:47:32.819587,398.2,20.0,0.51,2976282,218.4,20.0,0.61,96640,0
NA1_5095521907,2024-08-29 18:48:53.839186,269.6,20.0,0.58,838344,384.4,20.0,0.49,956779,1
NA1_5095341451,2024-08-29 18:49:21.851946,171.0,19.0,0.57,297707,207.8,16.8,0.47,175551,1
NA1_5095739233,2024-08-29 18:49:49.622980,253.0,20.0,0.51,1519874,279.4,20.0,0.48,767461,0
NA1_5094420700,2024-08-29 18:51:09.078904,326.6,20.0,0.5,905460,345.8,20.0,0.47,436521,1
NA1_5094299777,2024-08-29 18:51:36.613147,343.0,20.0,0.49,1465314,334.2,20.0,0.48,282738,1
NA1_5081602291,2024-08-29 18:52:57.055191,299.6,18.8,0.45,486555,303.6,15.0,0.56,1862254,0
NA1_5081589304,2024-08-29 18:53:25.288994,357.4,20.0,0.56,373519,200.2,18.8,0.41,303921,1
NA1_5074839457,2024-08-29 18:53:53.415905,465.2,20.0,0.45,225405,296.2,20.0,0.52,1692663,1
NA1_5035049372,2024-08-29 18:55:12.543501,353.8,20.0,0.49,2018082,423.0,20.0,0.49,419268,1
NA1_5034700615,2024-08-29 18:55:40.609954,336.0,20.0,0.47,1118816,374.0,20.0,0.45,314281,1
NA1_5034211070,2024-08-29 18:56:59.977952,412.8,20.0,0.5,3167565,200.8,20.0,0.49,1042903,0
NA1_5006640814,2024-08-29 18:57:27.626791,480.6,20.0,0.5,299456,354.6,20.0,0.45,752855,1
NA1_5005622258,2024-08-29 18:57:55.981301,379.8,18.2,0.49,979787,442.0,20.0,0.52,378787,0
NA1_5005609900,2024-08-29 18:59:15.803932,375.8,17.8,0.55,1093585,256.4,20.0,0.51,456245,0
NA1_5085686650,2024-08-29 18:59:43.408941,327.0,20.0,0.45,1404399,239.4,20.0,0.52,474830,0
NA1_5078095928,2024-08-29 19:01:03.458899,222.2,20.0,0.48,632039,484.2,20.0,0.52,1366857,1
NA1_5075810386,2024-08-29 19:01:31.398090,163.2,20.0,0.46,109315,283.6,20.0,0.5,2121889,0
NA1_5097691735,2024-08-29 19:02:51.702950,289.8,20.0,0.48,564723,137.2,20.0,0.52,946241,0
NA1_5097120203,2024-08-29 19:03:20.031135,182.8,20.0,0.54,753505,342.6,20.0,0.51,726909,1
NA1_5097070048,2024-08-29 19:03:47.933867,234.0,20.0,0.48,1046579,258.8,20.0,0.55,794644,0
NA1_5086766228,2024-08-29 19:05:07.190914,223.6,20.0,0.49,169436,243.2,19.2,0.57,1242714,0
NA1_5031250815,2024-08-29 19:05:34.765926,135.0,20.0,0.48,158695,305.6,16.2,0.56,233031,0
NA1_5014256810,2024-08-29 19:06:54.475438,394.4,20.0,0.5,387024,325.0,20.0,0.5,1407378,1
NA1_5097225722,2024-08-29 19:07:21.741976,264.0,20.0,0.49,853768,306.6,20.0,0.54,699439,0
NA1_5097014874,2024-08-29 19:07:49.047928,141.6,20.0,0.56,278820,320.6,17.4,0.65,794572,0
NA1_5094363594,2024-08-29 19:09:10.712170,417.4,20.0,0.45,1927633,382.8,17.2,0.53,199181,0
NA1_5021900315,2024-08-29 19:09:38.602194,603.8,20.0,0.5,4404012,224.2,20.0,0.52,534141,1
NA1_5021880490,2024-08-29 19:10:58.262541,315.0,20.0,0.45,813625,368.2,20.0,0.48,373806,0
NA1_5021177424,2024-08-29 19:11:26.456872,284.2,20.0,0.55,228257,378.0,20.0,0.42,318552,1
NA1_5095741212,2024-08-29 19:11:54.045201,500.8,20.0,0.52,1610777,625.0,20.0,0.47,353548,1
NA1_5095703224,2024-08-29 19:13:13.031449,206.4,20.0,0.49,453449,188.2,17.8,0.44,1251647,1
NA1_5095132521,2024-08-29 19:13:40.600973,345.0,19.8,0.42,506887,222.6,18.0,0.5,79942,0
NA1_5095846771,2024-08-29 19:15:01.516292,434.4,20.0,0.5,520260,306.8,20.0,0.59,552174,0
NA1_5095810398,2024-08-29 19:15:29.168013,454.4,20.0,0.49,1490250,508.8,20.0,0.48,386121,1
NA1_5095798346,2024-08-29 19:15:56.999865,251.8,20.0,0.51,3081851,534.6,20.0,0.47,847478,1
NA1_5094849107,2024-08-29 19:17:17.054140,188.8,20.0,0.58,271259,436.4,20.0,0.47,691977,1
NA1_5094819625,2024-08-29 19:17:44.633067,363.6,20.0,0.49,1736082,338.8,20.0,0.44,547327,1
NA1_5094730894,2024-08-29 19:19:05.706020,257.0,20.0,0.5,517862,471.6,20.0,0.53,999882,0
NA1_5096210393,2024-08-29 19:19:33.361931,258.2,20.0,0.49,1575884,463.0,20.0,0.51,314673,1
NA1_5096165473,2024-08-29 19:20:52.562068,289.0,20.0,0.47,1789078,453.0,20.0,0.52,1184952,1
NA1_5096138533,2024-08-29 19:21:20.151916,344.4,20.0,0.54,880840,275.4,20.0,0.48,484699,1
NA1_5092276494,2024-08-29 19:21:48.312865,516.4,20.0,0.49,2694030,286.0,20.0,0.47,1891789,0
NA1_5092245257,2024-08-29 19:23:08.499969,511.0,20.0,0.52,1295562,352.4,20.0,0.49,440710,0
NA1_5092227315,2024-08-29 19:23:35.975550,247.0,20.0,0.46,302039,402.6,20.0,0.55,2215564,0
NA1_5092385690,2024-08-29 19:24:56.945215,214.4,20.0,0.48,1508585,374.4,20.0,0.53,183626,0
NA1_5092367313,2024-08-29 19:25:24.592203,433.6,20.0,0.56,9549839,291.2,16.8,0.58,213565,1
NA1_5002698161,2024-08-29 19:25:53.105857,173.8,20.0,0.49,777024,275.8,20.0,0.5,1673530,1
NA1_5097723806,2024-08-29 19:27:11.341047,281.4,20.0,0.49,543726,354.4,20.0,0.54,1730535,0
NA1_5096653532,2024-08-29 19:27:38.967543,371.4,20.0,0.45,483199,316.4,20.0,0.49,538118,0
NA1_5096243147,2024-08-29 19:28:59.769246,466.0,20.0,0.55,902696,218.6,18.8,0.56,332348,1
NA1_5080307873,2024-08-29 19:29:27.600076,441.0,19.2,0.41,716463,193.8,20.0,0.51,933275,0
NA1_5080268746,2024-08-29 19:29:55.592691,485.8,20.0,0.51,1757526,474.2,20.0,0.48,1325381,0
NA1_5080210713,2024-08-29 19:31:15.459577,322.8,20.0,0.5,2832354,342.4,20.0,0.51,764663,1
NA1_5092015292,2024-08-29 19:31:43.292792,277.0,20.0,0.51,669240,424.8,20.0,0.51,832731,0
NA1_5090538723,2024-08-29 19:33:02.587059,433.6,20.0,0.5,871246,164.6,20.0,0.5,181062,1
NA1_5090076166,2024-08-29 19:33:30.446582,176.4,17.8,0.59,760022,374.0,20.0,0.5,485540,1
NA1_5087046248,2024-08-29 19:33:58.017656,320.8,20.0,0.48,2110830,375.4,20.0,0.53,1081567,0
NA1_5084358898,2024-08-29 19:35:18.595348,270.2,20.0,0.5,2296369,344.2,20.0,0.53,2194676,0
NA1_5038291435,2024-08-29 19:35:46.230137,247.8,20.0,0.47,1654116,299.2,20.0,0.52,533996,0
NA1_5097683989,2024-08-29 19:37:06.440080,338.0,20.0,0.48,2429019,391.6,18.6,0.54,413072,0
NA1_5097658669,2024-08-29 19:37:34.114876,610.0,20.0,0.49,6303485,313.4,20.0,0.56,479500,0
NA1_5097635629,2024-08-29 19:38:54.537929,278.0,20.0,0.5,152753,273.6,20.0,0.5,2439086,0
NA1_5097108250,2024-08-29 19:39:22.301620,365.6,20.0,0.36,791201,568.0,20.0,0.53,953156,0
NA1_5097067865,2024-08-29 19:39:50.277662,441.8,13.8,0.52,629424,311.8,20.0,0.51,1485272,0
NA1_5097031742,2024-08-29 19:41:09.617221,421.0,16.2,0.38,2150774,308.6,19.8,0.61,867400,1
NA1_5095421820,2024-08-29 19:41:37.521566,227.8,20.0,0.55,327098,381.2,20.0,0.51,1002119,0
NA1_5095405201,2024-08-29 19:42:57.150887,210.0,20.0,0.51,460110,423.2,20.0,0.51,4467959,1
NA1_5095075793,2024-08-29 19:43:25.272011,308.6,20.0,0.47,945450,403.8,20.0,0.48,3890377,1
NA1_5015479809,2024-08-29 19:43:52.910660,217.8,20.0,0.5,673614,273.4,20.0,0.51,206654,0
NA1_5015459707,2024-08-29 19:45:15.659894,304.0,20.0,0.59,316692,244.6,20.0,0.49,1414373,1
NA1_5014979294,2024-08-29 19:45:43.975970,213.0,20.0,0.49,324926,158.8,20.0,0.51,193671,1
NA1_5096442308,2024-08-29 19:47:00.638666,338.0,20.0,0.48,496127,306.2,18.0,0.56,1382151,0
NA1_5095813166,2024-08-29 19:47:31.132139,281.4,20.0,0.49,2794226,484.4,20.0,0.59,619652,0
NA1_5094850828,2024-08-29 19:47:59.883225,307.8,20.0,0.49,281225,446.2,20.0,0.52,421691,0
NA1_5057181835,2024-08-29 19:49:15.819905,439.4,20.0,0.46,2024064,521.2,20.0,0.47,3870869,1
NA1_5056284088,2024-08-29 19:49:43.748936,355.0,20.0,0.51,799291,376.4,20.0,0.46,335901,1
NA1_5056165570,2024-08-29 19:51:04.474613,598.4,20.0,0.45,320197,292.2,20.0,0.51,502623,0
NA1_5003285813,2024-08-29 19:51:31.888932,451.8,20.0,0.5,3178608,309.6,20.0,0.49,1838918,0
NA1_5002902841,2024-08-29 19:52:51.868861,366.8,20.0,0.45,901867,426.0,20.0,0.53,337446,0
NA1_5002588295,2024-08-29 19:53:19.561903,197.6,20.0,0.49,355801,510.0,16.4,0.49,120898,1
NA1_5096834630,2024-08-29 19:53:47.145590,442.8,20.0,0.5,1391642,345.4,20.0,0.5,2143342,0
NA1_5096812487,2024-08-29 19:55:07.781526,333.6,20.0,0.5,371163,282.2,18.8,0.53,194988,1
NA1_5096784344,2024-08-29 19:55:35.474850,205.0,20.0,0.56,362251,322.2,18.8,0.54,1125146,1
NA1_5082923493,2024-08-29 19:56:55.504948,143.2,20.0,0.45,206987,543.6,20.0,0.45,977845,1
NA1_5027522995,2024-08-29 19:57:22.985458,286.6,20.0,0.45,256961,337.2,20.0,0.46,984686,1
NA1_5027268313,2024-08-29 19:57:50.634895,488.6,20.0,0.54,2046233,404.2,20.0,0.5,676697,0
NA1_5044117877,2024-08-29 19:59:10.520937,499.0,20.0,0.49,1092593,193.2,20.0,0.5,717166,1
NA1_5022599546,2024-08-29 19:59:38.194501,318.6,20.0,0.5,809388,422.0,20.0,0.5,821046,1
NA1_5021852895,2024-08-29 20:00:58.968541,437.0,20.0,0.51,313526,316.4,20.0,0.45,983814,1
NA1_5098866465,2024-08-30 21:11:26.036614,383.4,20.0,0.47,849684,333.0,20.0,0.48,977281,1
NA1_5098668836,2024-08-30 21:12:00.149615,353.0,20.0,0.5,1618755,521.4,20.0,0.49,728854,1
NA1_5099097757,2024-08-30 21:13:16.088119,327.0,20.0,0.53,606746,394.6,20.0,0.53,466638,0
NA1_5099062484,2024-08-30 21:13:49.350858,523.0,20.0,0.5,549015,350.2,20.0,0.49,402929,1
NA1_5099030383,2024-08-30 21:15:11.934180,334.4,20.0,0.49,1703012,251.8,20.0,0.47,759845,1
NA1_5098961860,2024-08-30 21:15:44.074927,510.6,20.0,0.51,662063,431.2,20.0,0.52,742311,0
NA1_5098718225,2024-08-30 21:16:16.198882,531.0,20.0,0.49,2608581,490.4,20.0,0.52,277470,0
NA1_5097974097,2024-08-30 21:17:39.543983,613.8,20.0,0.52,1788298,375.0,20.0,0.49,1426129,1
NA1_5099156115,2024-08-30 21:18:12.603337,456.4,20.0,0.56,152169,447.8,20.0,0.48,1676338,0
NA1_5098697148,2024-08-30 21:19:35.121540,404.4,20.0,0.52,505298,472.6,20.0,0.5,668400,1
NA1_5098674295,2024-08-30 21:20:07.268656,221.2,20.0,0.5,740008,421.4,20.0,0.56,1098690,1
NA1_5098664792,2024-08-30 21:20:40.051437,168.8,20.0,0.55,350330,298.8,16.8,0.5,242322,0
NA1_5099138505,2024-08-30 21:22:04.982859,580.4,20.0,0.51,3103420,316.4,20.0,0.51,1115704,1
NA1_5099099799,2024-08-30 21:22:38.405703,247.2,20.0,0.49,242193,255.8,20.0,0.54,798680,0
NA1_5099052368,2024-08-30 21:24:00.548744,192.6,20.0,0.46,310894,406.0,20.0,0.48,457786,1
NA1_5014718963,2024-08-30 21:24:36.827156,168.8,20.0,0.52,516475,418.0,20.0,0.52,527392,1
NA1_5014713019,2024-08-30 21:25:09.323864,376.4,20.0,0.52,1254451,469.8,20.0,0.49,346954,1
NA1_5014702438,2024-08-30 21:26:26.109610,439.2,20.0,0.44,276651,597.8,20.0,0.5,1117117,0
NA1_5098452875,2024-08-30 21:26:57.522233,436.0,20.0,0.48,632157,291.0,20.0,0.5,1552378,0
NA1_5097771565,2024-08-30 21:28:22.138137,332.2,20.0,0.51,1741217,412.0,20.0,0.5,1351375,1
NA1_5099116700,2024-08-30 21:28:51.943849,350.6,20.0,0.52,2783942,285.0,20.0,0.48,855516,0
NA1_5098608371,2024-08-30 21:30:18.932770,315.8,20.0,0.48,318093,406.4,20.0,0.44,557823,1
NA1_5098111155,2024-08-30 21:30:48.497442,356.0,20.0,0.48,778582,403.0,20.0,0.51,685503,0
NA1_5098055765,2024-08-30 21:31:17.882949,295.4,20.0,0.5,1561758,277.6,17.2,0.53,485747,0
NA1_5097844147,2024-08-30 21:32:45.633056,226.6,20.0,0.48,325601,146.2,19.6,0.54,401010,0
NA1_5097814278,2024-08-30 21:33:14.943087,362.4,20.0,0.5,3184490,332.4,20.0,0.59,1598523,0
NA1_5097094493,2024-08-30 21:34:42.656861,254.8,20.0,0.51,662326,294.0,20.0,0.5,1001602,1
NA1_5097048631,2024-08-30 21:35:12.201688,313.8,20.0,0.49,703806,263.8,20.0,0.49,920017,0
NA1_5092601230,2024-08-30 21:35:41.710954,293.8,20.0,0.48,702032,489.6,20.0,0.5,1432650,1
NA1_5032411879,2024-08-30 21:37:09.333965,272.0,20.0,0.51,2428337,300.2,20.0,0.52,116593,1
NA1_5030474825,2024-08-30 21:37:39.068695,216.6,20.0,0.53,1348673,291.2,19.8,0.43,847107,1
NA1_5030451050,2024-08-30 21:39:06.365923,214.8,20.0,0.42,633353,302.2,20.0,0.53,1404727,0
NA1_5098205919,2024-08-30 21:39:35.823743,325.2,20.0,0.5,200598,328.2,20.0,0.61,2266205,0
NA1_5098184307,2024-08-30 21:40:05.329268,239.4,17.6,0.5,2115340,306.6,20.0,0.6,3738571,0
NA1_5098804478,2024-08-30 21:41:39.214407,306.6,20.0,0.49,344031,422.8,20.0,0.5,327517,1
NA1_5098781771,2024-08-30 21:42:08.511045,278.4,20.0,0.51,1527475,387.4,20.0,0.55,436654,1
NA1_5098362407,2024-08-30 21:43:30.854299,261.0,16.2,0.5,605973,217.2,20.0,0.54,417277,1
NA1_5097919808,2024-08-30 21:44:01.096649,429.6,20.0,0.47,747380,432.6,20.0,0.5,1995721,1
NA1_5097621549,2024-08-30 21:44:30.741890,327.0,20.0,0.48,2023667,228.6,20.0,0.52,431215,0
NA1_5098741676,2024-08-30 21:45:57.009023,237.8,17.2,0.4,409029,352.0,20.0,0.5,4421302,0
NA1_5098724077,2024-08-30 21:46:26.230777,495.6,18.2,0.5,2009746,373.6,20.0,0.5,2674731,1
NA1_5098025571,2024-08-30 21:47:53.152887,232.0,18.8,0.56,431727,346.8,20.0,0.46,4778576,1
NA1_5098225681,2024-08-30 21:48:22.710620,269.2,20.0,0.49,330760,342.4,20.0,0.48,636764,1
NA1_5098175729,2024-08-30 21:49:50.794650,242.4,20.0,0.54,386023,221.2,18.6,0.49,891340,0
NA1_5098139127,2024-08-30 21:50:20.294655,273.8,17.6,0.47,196923,319.8,20.0,0.49,684753,0
NA1_5098184462,2024-08-30 21:50:49.843370,453.6,20.0,0.5,1642683,167.4,20.0,0.57,128439,1
NA1_5098128142,2024-08-30 21:52:16.935057,309.4,20.0,0.52,2121499,272.4,20.0,0.51,372102,0
NA1_5097902151,2024-08-30 21:52:46.116684,492.8,20.0,0.47,1556795,247.0,20.0,0.48,916696,0
NA1_5098829182,2024-08-30 21:54:14.450590,289.2,20.0,0.47,87839,372.4,19.4,0.5,118128,0
NA1_5098796967,2024-08-30 21:54:43.917579,462.0,20.0,0.51,816039,214.6,19.8,0.56,1937655,0
NA1_5098704616,2024-08-30 21:55:13.721450,402.4,20.0,0.42,3430015,439.0,20.0,0.53,912683,0
NA1_5099027850,2024-08-30 21:56:41.649589,151.8,20.0,0.46,1229991,276.0,17.2,0.48,501006,0
NA1_5098981624,2024-08-30 21:57:12.114032,452.0,20.0,0.48,2201694,352.0,20.0,0.49,404763,0
NA1_5098963487,2024-08-30 21:58:37.596715,187.0,20.0,0.57,1290518,178.4,15.4,0.51,74552,1
NA1_5099183965,2024-08-30 21:59:07.761657,379.8,20.0,0.52,350013,384.2,20.0,0.48,1581392,1
NA1_5099099835,2024-08-30 21:59:38.417576,400.4,15.6,0.47,1103343,260.6,20.0,0.55,131896,1
NA1_5098978078,2024-08-30 22:01:05.404947,203.0,20.0,0.5,840563,191.8,13.8,0.46,200449,0
NA1_5098981620,2024-08-30 22:01:35.800560,342.2,20.0,0.46,271128,546.4,20.0,0.5,332409,1
NA1_5098946774,2024-08-30 22:03:01.857708,255.0,20.0,0.47,566005,761.8,20.0,0.46,2094311,0
NA1_5099185788,2024-08-30 22:03:31.994609,509.0,20.0,0.5,847765,380.8,20.0,0.48,1299900,0
NA1_5099127053,2024-08-30 22:04:58.789291,238.6,20.0,0.51,295597,510.0,20.0,0.5,1329485,1
NA1_5098931387,2024-08-30 22:05:35.790338,441.6,20.0,0.45,2340105,378.0,20.0,0.49,1922854,0
NA1_5098592974,2024-08-30 22:06:11.330449,304.4,20.0,0.54,374653,265.8,20.0,0.53,770283,0
NA1_5098584091,2024-08-30 22:07:25.100020,239.8,20.0,0.5,243355,268.4,19.0,0.43,158610,1
NA1_5098570951,2024-08-30 22:07:55.103417,343.4,20.0,0.49,1374163,440.8,20.0,0.52,1366411,0
NA1_5099048508,2024-08-30 22:09:21.782934,416.4,20.0,0.46,450395,230.6,20.0,0.51,501232,1
NA1_5099020185,2024-08-30 22:09:51.871086,452.0,20.0,0.51,1676977,243.6,20.0,0.52,243563,1
NA1_5098981631,2024-08-30 22:10:21.823146,225.4,20.0,0.61,279682,322.0,20.0,0.52,759521,1
NA1_5098177327,2024-08-30 22:11:48.910217,304.2,19.4,0.55,613140,392.2,18.4,0.54,554998,0
NA1_5098121096,2024-08-30 22:12:19.052670,475.6,20.0,0.61,945410,308.6,18.4,0.55,580615,1
NA1_5098080976,2024-08-30 22:13:45.691586,215.4,17.8,0.38,417856,278.0,18.4,0.53,636480,0
NA1_5098164589,2024-08-30 22:14:21.099381,203.4,19.8,0.45,1146044,315.4,20.0,0.52,484488,0
NA1_5098117817,2024-08-30 22:14:51.199546,209.6,19.8,0.53,274506,254.6,20.0,0.57,311554,1
NA1_5098078246,2024-08-30 22:16:12.262682,373.4,20.0,0.49,1714862,317.6,20.0,0.49,1194625,1
NA1_5099178792,2024-08-30 22:16:42.261034,546.8,20.0,0.51,2763180,409.6,20.0,0.5,796496,1
NA1_5099132664,2024-08-30 22:18:09.561145,457.8,20.0,0.46,796491,238.4,20.0,0.48,287354,0
NA1_5098417219,2024-08-30 22:18:39.389064,321.0,20.0,0.53,490827,291.2,20.0,0.52,535722,1
NA1_5065798442,2024-08-30 22:19:09.766283,283.4,20.0,0.51,749723,468.0,20.0,0.49,260217,0
NA1_5065790822,2024-08-30 22:20:36.140116,429.8,20.0,0.51,441726,314.6,20.0,0.52,1195634,1
NA1_5064126516,2024-08-30 22:21:06.482013,421.0,20.0,0.52,732091,444.2,20.0,0.5,1140211,0
NA1_5097905461,2024-08-30 22:22:33.216593,474.4,20.0,0.49,395880,499.4,20.0,0.4,1819904,1
NA1_5097863541,2024-08-30 22:23:03.376259,183.0,20.0,0.4,539968,284.0,20.0,0.39,380937,1
NA1_5097830224,2024-08-30 22:24:29.812601,288.6,20.0,0.41,130386,519.0,20.0,0.5,2127476,0
NA1_5098649382,2024-08-30 22:24:59.621797,611.2,20.0,0.46,611238,223.8,20.0,0.51,882669,0
NA1_5097803715,2024-08-30 22:25:29.264788,563.8,20.0,0.5,488016,179.2,20.0,0.51,196618,0
NA1_5097707082,2024-08-30 22:26:56.385649,291.2,20.0,0.49,284420,225.4,20.0,0.5,863671,1
NA1_5013188930,2024-08-30 22:27:26.329009,503.2,20.0,0.42,1659239,222.8,20.0,0.49,3780730,0
NA1_5012686659,2024-08-30 22:28:53.423353,161.2,19.8,0.45,876144,256.6,20.0,0.5,1260588,0
NA1_5012168034,2024-08-30 22:29:23.354975,189.6,19.8,0.5,797124,185.8,20.0,0.47,836333,0
NA1_5098616134,2024-08-30 23:04:25.271316,254.0,14.4,0.42,999088,346.2,17.8,0.55,96456,0
NA1_5098600178,2024-08-30 23:05:00.912315,182.6,20.0,0.45,1113539,479.8,20.0,0.47,750296,0
NA1_5098576734,2024-08-30 23:06:21.677315,566.4,20.0,0.49,1913625,333.0,20.0,0.46,828101,1
NA1_5098122414,2024-08-30 23:06:59.908458,112.4,19.4,0.44,150871,330.0,20.0,0.64,609879,0
NA1_5098101250,2024-08-30 23:08:15.320958,229.8,17.8,0.54,512242,376.8,17.8,0.54,909173,0
NA1_5081274597,2024-08-30 23:08:51.558458,517.0,20.0,0.46,1909048,342.4,20.0,0.5,935389,0
NA1_5061277644,2024-08-30 23:09:26.277289,328.6,20.0,0.51,642775,300.0,20.0,0.53,545074,0
NA1_5061231200,2024-08-30 23:10:44.642555,331.6,20.0,0.43,223943,191.0,20.0,0.52,230995,0
NA1_5022627292,2024-08-30 23:11:19.975755,175.4,20.0,0.54,397331,511.0,20.0,0.49,776433,1
NA1_5022584372,2024-08-30 23:12:39.520755,270.4,20.0,0.48,1156420,457.4,20.0,0.49,972968,1
NA1_5022570114,2024-08-30 23:13:18.515254,362.2,20.0,0.5,967463,373.6,20.0,0.49,517192,1
NA1_5070545561,2024-08-30 23:13:55.668704,170.4,20.0,0.52,958908,255.8,20.0,0.54,359644,1
NA1_5070512048,2024-08-30 23:15:10.686602,411.0,20.0,0.54,1516851,312.2,20.0,0.49,771063,1
NA1_5070478866,2024-08-30 23:15:47.885605,179.2,20.0,0.54,655519,460.2,20.0,0.57,770942,1
NA1_5096517262,2024-08-30 23:17:03.669104,275.2,20.0,0.51,1328750,400.2,20.0,0.55,1229186,0
NA1_5096459771,2024-08-30 23:17:45.206103,332.4,20.0,0.46,399008,373.6,17.0,0.58,200664,0
NA1_5096450406,2024-08-30 23:18:22.452602,159.8,20.0,0.46,170492,455.4,20.0,0.52,1107565,0
NA1_5096846758,2024-08-30 23:19:38.289102,462.2,20.0,0.47,500577,388.8,20.0,0.46,4352798,0
NA1_5096804483,2024-08-30 23:20:22.770602,312.4,20.0,0.48,664407,379.6,20.0,0.48,470747,1
NA1_5096799438,2024-08-30 23:21:29.636103,527.2,20.0,0.46,534395,452.4,20.0,0.47,3054426,1
NA1_5087062291,2024-08-30 23:22:08.182602,429.0,20.0,0.49,513260,141.4,20.0,0.46,102326,1
NA1_5087021060,2024-08-30 23:23:21.895105,617.2,20.0,0.49,652776,529.6,20.0,0.49,496780,1
NA1_5086970054,2024-08-30 23:24:00.323103,433.0,20.0,0.54,1522283,688.2,20.0,0.46,2010587,1
NA1_5085468108,2024-08-30 23:24:39.298636,407.6,20.0,0.5,2498058,398.0,20.0,0.51,642993,0
NA1_5085448042,2024-08-30 23:25:51.171227,320.2,20.0,0.52,439021,137.0,20.0,0.52,1805185,0
NA1_5079388545,2024-08-30 23:26:25.107343,355.0,20.0,0.5,192794,410.2,20.0,0.53,730099,1
NA1_5030081591,2024-08-30 23:27:45.876362,378.2,20.0,0.44,544030,443.8,20.0,0.54,548022,0
NA1_5025800343,2024-08-30 23:28:19.339796,211.6,20.0,0.51,760759,358.0,20.0,0.37,245748,1
NA1_5025790638,2024-08-30 23:28:53.978632,247.0,20.0,0.4,112865,548.8,20.0,0.43,2182255,0
NA1_5099194051,2024-08-30 23:30:14.980266,255.4,20.0,0.52,320423,465.4,20.0,0.47,720512,1
NA1_5099250917,2024-08-30 23:30:50.350296,282.4,20.0,0.57,1569234,327.6,20.0,0.47,665524,1
NA1_5099202357,2024-08-30 23:32:10.676412,358.6,20.0,0.58,177296,280.6,20.0,0.5,668080,1
NA1_5099122266,2024-08-30 23:32:48.685545,166.8,20.0,0.61,149704,265.2,20.0,0.45,545971,1
NA1_5099318226,2024-08-30 23:33:28.676511,211.8,20.0,0.49,451299,286.6,20.0,0.5,285571,1
NA1_5098628866,2024-08-30 23:34:41.357545,450.4,20.0,0.5,161841,239.4,20.0,0.58,112962,0
NA1_5097305612,2024-08-30 23:35:16.408298,650.8,20.0,0.57,3635906,654.6,20.0,0.52,605989,1
NA1_5095659274,2024-08-30 23:36:35.073465,351.8,19.2,0.52,1783792,425.8,20.0,0.58,1518359,1
NA1_5095631981,2024-08-30 23:37:11.900540,271.2,20.0,0.51,3351118,638.8,20.0,0.53,1816814,0
NA1_5030062151,2024-08-30 23:37:48.519244,160.0,20.0,0.49,1486414,330.8,20.0,0.5,1751301,1
NA1_5026954116,2024-08-30 23:39:06.200642,666.0,20.0,0.53,1129395,384.2,20.0,0.49,2177776,1
NA1_5025525811,2024-08-30 23:39:45.699179,326.6,20.0,0.47,467413,361.6,20.0,0.49,399613,0
NA1_5097386110,2024-08-30 23:40:58.284702,513.8,20.0,0.53,1186927,382.0,19.4,0.54,832111,1
NA1_5097334338,2024-08-30 23:41:32.497130,460.8,20.0,0.52,414190,140.0,19.4,0.55,227384,1
NA1_5097309109,2024-08-30 23:42:53.799957,252.2,19.4,0.54,234217,116.4,20.0,0.5,244296,1
NA1_5097030828,2024-08-30 23:43:28.621177,172.8,20.0,0.53,660901,453.4,20.0,0.55,1005223,0
NA1_5038632783,2024-08-30 23:44:03.883653,282.2,20.0,0.58,381541,1008.4,20.0,0.51,1371658,1
NA1_5038601891,2024-08-30 23:45:22.600471,272.6,20.0,0.53,374378,293.6,15.8,0.52,189564,0
NA1_5098552811,2024-08-30 23:45:57.131499,205.8,20.0,0.56,504044,382.4,20.0,0.5,600417,1
NA1_5098534064,2024-08-30 23:47:18.418810,280.8,20.0,0.51,495737,453.0,20.0,0.5,2120743,0
NA1_5098508113,2024-08-30 23:47:54.885229,525.2,20.0,0.47,485552,409.4,20.0,0.53,377562,0
NA1_5041786323,2024-08-30 23:48:30.669533,416.2,20.0,0.5,485426,362.4,20.0,0.52,5974758,0
NA1_5032146488,2024-08-30 23:49:46.620521,470.8,19.8,0.52,506713,430.8,20.0,0.5,316900,1
NA1_5031849695,2024-08-30 23:50:19.943860,520.2,20.0,0.49,1052959,381.2,20.0,0.5,1432061,1
NA1_5098855252,2024-08-30 23:51:40.878440,451.8,20.0,0.5,1430082,444.0,20.0,0.48,4040620,1
NA1_5098822734,2024-08-30 23:52:13.024463,337.2,20.0,0.51,695820,454.4,20.0,0.5,239668,1
NA1_5098802766,2024-08-30 23:52:45.282855,531.8,20.0,0.51,532791,338.0,20.0,0.52,355234,1
NA1_5099218517,2024-08-30 23:54:09.608977,574.6,20.0,0.5,140780,309.0,20.0,0.45,1880945,1
NA1_5012940968,2024-08-30 23:54:43.061997,292.8,20.0,0.48,1026742,391.0,20.0,0.46,1308501,1
NA1_5012896511,2024-08-30 23:56:06.183880,523.6,20.0,0.48,901578,323.6,20.0,0.51,1020881,0
NA1_5012638118,2024-08-30 23:56:41.496393,567.2,16.4,0.46,473265,546.8,20.0,0.51,1058746,0
NA1_5087605302,2024-08-30 23:58:01.387739,313.2,20.0,0.49,2955324,270.8,20.0,0.49,965662,1
NA1_5087583868,2024-08-30 23:58:35.187960,319.8,20.0,0.5,528228,404.0,20.0,0.49,486576,1
NA1_5087443425,2024-08-30 23:59:08.284652,256.6,20.0,0.55,828530,452.4,20.0,0.5,1475447,1
NA1_5098274189,2024-08-31 00:00:30.255941,396.8,20.0,0.51,1891388,444.4,17.8,0.42,466382,1
NA1_5029317580,2024-08-31 00:01:05.110625,299.4,17.8,0.41,671002,452.8,20.0,0.53,1344766,0
NA1_5027153517,2024-08-31 00:02:25.758856,261.8,20.0,0.54,246133,504.4,17.8,0.39,1061261,1
NA1_5098475775,2024-08-31 00:03:02.034143,366.6,20.0,0.53,613751,289.0,20.0,0.48,522885,1
NA1_5098438174,2024-08-31 00:03:37.409959,400.6,20.0,0.5,520182,288.4,20.0,0.48,3014068,1
NA1_5098394167,2024-08-31 00:04:54.184235,533.6,17.6,0.48,2760511,295.0,20.0,0.55,1167609,0
NA1_5099121104,2024-08-31 00:05:28.843299,395.0,20.0,0.5,465090,690.2,18.6,0.51,238067,1
NA1_5099080868,2024-08-31 00:06:49.872676,247.8,17.2,0.47,117762,179.4,20.0,0.51,1525291,0
NA1_5098974735,2024-08-31 00:07:31.866152,220.0,20.0,0.51,2727511,344.6,20.0,0.52,233821,1
NA1_5007683897,2024-08-31 00:08:08.483963,386.2,20.0,0.51,332912,400.0,20.0,0.53,1322643,0
NA1_5006667653,2024-08-31 00:09:19.916644,517.0,20.0,0.5,3121786,223.6,20.0,0.53,846238,0
NA1_5006635165,2024-08-31 00:09:54.792694,280.6,20.0,0.45,190837,133.4,20.0,0.51,328726,0
NA1_5016296883,2024-08-31 00:11:13.391032,484.4,20.0,0.47,2346563,489.6,20.0,0.47,351613,0
NA1_5015048551,2024-08-31 00:11:46.832884,297.2,20.0,0.55,765081,375.0,19.8,0.53,778422,1
NA1_5014106441,2024-08-31 00:12:20.735131,370.8,20.0,0.49,1309367,355.0,16.6,0.45,1236622,1
NA1_5083565542,2024-08-31 00:13:41.752792,391.6,20.0,0.53,1909434,320.4,20.0,0.51,536330,1
NA1_5083547205,2024-08-31 00:14:16.022751,380.0,20.0,0.51,435519,260.2,20.0,0.53,406397,0
NA1_5083420041,2024-08-31 00:15:37.847096,240.2,20.0,0.55,403236,397.4,17.2,0.49,142403,0
NA1_5090577849,2024-08-31 00:16:11.955363,361.6,20.0,0.51,685724,490.8,20.0,0.45,919384,0
NA1_5090542979,2024-08-31 00:17:32.680933,495.2,20.0,0.47,274240,390.4,20.0,0.48,178650,0
NA1_5088044443,2024-08-31 00:18:06.770353,306.2,20.0,0.49,653628,281.4,20.0,0.55,408662,0
NA1_5095103894,2024-08-31 00:18:40.466681,274.2,20.0,0.51,504079,536.0,20.0,0.5,364309,1
NA1_5095085046,2024-08-31 00:20:01.238786,234.0,20.0,0.51,1215289,194.4,20.0,0.56,377624,0
NA1_5095003280,2024-08-31 00:20:34.647656,394.2,20.0,0.53,2450760,224.4,20.0,0.51,2165801,1
NA1_5098113516,2024-08-31 00:21:57.000589,405.6,20.0,0.53,2437153,345.8,20.0,0.48,624380,1
NA1_5098108410,2024-08-31 00:22:30.370633,264.2,18.8,0.52,593255,338.6,20.0,0.48,1516860,1
NA1_5097991773,2024-08-31 00:23:04.367277,521.6,20.0,0.5,525334,273.6,20.0,0.49,165188,1
NA1_5086035875,2024-08-31 00:24:25.430614,470.0,20.0,0.48,2312375,478.4,20.0,0.49,363007,1
NA1_5084586780,2024-08-31 00:24:58.926700,343.8,20.0,0.49,664404,421.0,20.0,0.5,1840198,1
NA1_5084566512,2024-08-31 00:26:21.557043,455.2,20.0,0.51,423445,241.0,20.0,0.48,390381,1
NA1_5096846580,2024-08-31 00:26:55.131858,362.0,20.0,0.46,481476,372.6,20.0,0.47,2056590,1
NA1_5092263346,2024-08-31 00:27:29.007707,358.6,20.0,0.48,1924283,442.4,20.0,0.54,864097,0
NA1_5092168660,2024-08-31 00:28:53.847079,348.0,20.0,0.46,2898203,346.8,20.0,0.49,791997,1
NA1_5098768827,2024-08-31 00:29:28.375961,377.2,20.0,0.59,868384,229.6,18.2,0.49,342173,1
NA1_5098741509,2024-08-31 00:30:45.574202,398.8,20.0,0.56,1597832,136.4,20.0,0.56,127111,1
NA1_5098691022,2024-08-31 00:31:22.036317,232.8,20.0,0.45,670170,292.0,20.0,0.57,429081,0
NA1_5096318915,2024-08-31 00:31:57.788613,336.2,20.0,0.44,282564,352.0,20.0,0.5,272477,1
NA1_5096179525,2024-08-31 00:33:15.571133,484.4,20.0,0.48,1545089,500.8,20.0,0.49,350376,0
NA1_5096161281,2024-08-31 00:33:50.033065,431.2,20.0,0.5,871268,348.8,20.0,0.53,318479,1
NA1_5053014329,2024-08-31 00:35:09.531750,465.8,20.0,0.52,1103830,213.4,20.0,0.49,2788081,0
NA1_5052849065,2024-08-31 00:35:43.247644,367.0,20.0,0.49,394858,303.6,20.0,0.54,1577489,0
NA1_5052748623,2024-08-31 00:37:04.842256,446.4,20.0,0.51,592127,300.2,20.0,0.49,745219,1
NA1_5085143726,2024-08-31 00:37:38.912182,385.2,20.0,0.5,724105,212.0,18.6,0.49,370565,0
NA1_5085100485,2024-08-31 00:38:13.541337,419.0,20.0,0.5,201698,369.4,20.0,0.53,709362,1
NA1_5083242401,2024-08-31 00:39:33.174284,532.4,20.0,0.51,1248773,330.2,20.0,0.48,1320729,1
NA1_5023064456,2024-08-31 00:40:08.737020,467.2,20.0,0.51,581839,595.0,20.0,0.49,4409103,1
NA1_5023040681,2024-08-31 00:41:28.372609,323.8,20.0,0.5,923362,530.4,20.0,0.5,3046273,1
NA1_5022306445,2024-08-31 00:42:04.423330,346.2,20.0,0.52,317859,446.2,20.0,0.57,2727412,0
NA1_5069313636,2024-08-31 00:42:39.366505,341.0,20.0,0.48,432227,453.8,20.0,0.49,449050,1
NA1_5068923843,2024-08-31 00:43:59.802677,274.8,20.0,0.49,507807,180.6,20.0,0.45,1852823,0
NA1_5067987732,2024-08-31 00:44:34.788236,418.8,20.0,0.47,640735,409.4,20.0,0.51,1816562,1
NA1_5099275953,2024-08-31 00:45:54.198111,226.4,20.0,0.52,208168,323.8,20.0,0.51,1227432,0
NA1_5099121983,2024-08-31 00:46:29.793155,361.4,20.0,0.47,143506,549.2,20.0,0.47,497942,0
NA1_5098854587,2024-08-31 00:47:06.861661,449.0,20.0,0.5,352197,599.4,20.0,0.5,192089,1
NA1_5099258217,2024-08-31 00:48:22.393660,228.6,20.0,0.47,1045372,308.6,20.0,0.46,780522,1
NA1_5028373478,2024-08-31 00:48:58.132516,190.6,20.0,0.52,765507,198.6,20.0,0.49,252183,1
NA1_5024558472,2024-08-31 00:50:17.611570,203.8,20.0,0.55,547034,345.8,20.0,0.51,1416433,0
NA1_5024545661,2024-08-31 00:50:56.056390,117.6,18.6,0.49,54271,475.6,20.0,0.51,1121711,1
NA1_5079333142,2024-08-31 00:52:11.643433,437.6,20.0,0.5,396886,323.0,20.0,0.43,2269473,1
NA1_5079285340,2024-08-31 00:52:45.932338,274.8,20.0,0.46,1929960,116.6,18.8,0.5,468684,0
NA1_5045580688,2024-08-31 00:53:20.373217,316.0,20.0,0.49,539870,305.0,19.6,0.48,622581,1
NA1_5025494527,2024-08-31 00:54:41.263521,362.8,20.0,0.51,1421896,545.6,20.0,0.41,1380767,1
NA1_5021620704,2024-08-31 00:55:15.298392,437.0,20.0,0.44,1580733,356.4,20.0,0.47,1777487,1
NA1_5019581554,2024-08-31 00:56:35.845543,396.2,20.0,0.44,2590408,380.6,20.0,0.51,669547,0
NA1_5096160896,2024-08-31 00:57:10.381689,398.6,20.0,0.57,282230,225.0,20.0,0.55,383847,0
NA1_5096126409,2024-08-31 00:57:45.757501,351.4,20.0,0.43,324368,292.6,20.0,0.48,755068,1
NA1_5096098697,2024-08-31 00:59:04.888434,175.6,20.0,0.47,370748,429.4,20.0,0.49,1789357,0
NA1_5096878079,2024-08-31 00:59:38.794735,168.0,20.0,0.46,64297,278.4,20.0,0.56,660202,0
NA1_5096869093,2024-08-31 01:01:00.240490,245.4,20.0,0.43,498159,369.2,20.0,0.51,162866,0
NA1_5096832999,2024-08-31 01:01:33.855553,278.6,18.6,0.49,327368,209.2,19.8,0.48,347368,1
NA1_5078496443,2024-08-31 01:02:07.420068,527.0,20.0,0.43,1059043,418.0,18.4,0.5,603787,0
NA1_5078491142,2024-08-31 01:03:29.262525,196.2,20.0,0.5,390176,378.8,20.0,0.43,126777,1
NA1_5078478688,2024-08-31 01:04:03.039810,214.4,20.0,0.54,505396,303.0,17.4,0.43,134023,1
NA1_5098207333,2024-08-31 01:05:24.539797,433.4,20.0,0.49,1901534,544.2,20.0,0.41,474648,1
NA1_5098166963,2024-08-31 01:05:58.175720,330.8,20.0,0.47,718374,294.0,20.0,0.51,763617,1
NA1_5098134040,2024-08-31 01:06:33.823673,540.2,20.0,0.5,666589,319.8,20.0,0.5,1457470,1
NA1_5092583974,2024-08-31 01:07:53.914025,330.8,20.0,0.54,402513,437.8,20.0,0.44,697105,1
NA1_5072938164,2024-08-31 01:08:28.588013,422.6,20.0,0.45,329562,212.8,20.0,0.59,519928,0
NA1_5072879876,2024-08-31 01:09:48.767628,448.4,20.0,0.46,632984,248.8,20.0,0.52,863628,1
NA1_5015936113,2024-08-31 01:10:23.974808,239.0,20.0,0.51,1037972,243.6,20.0,0.46,216724,1
NA1_5015896059,2024-08-31 01:11:44.130402,257.0,20.0,0.46,363951,144.8,20.0,0.49,736119,0
NA1_5015633893,2024-08-31 01:12:19.474548,113.0,16.8,0.46,175322,276.0,20.0,0.47,506144,0
NA1_5093952253,2024-08-31 01:12:54.776620,371.8,20.0,0.49,1410776,180.2,20.0,0.45,105708,1
NA1_5088397518,2024-08-31 01:14:12.096058,189.6,18.8,0.56,180462,442.4,19.4,0.6,515413,0
NA1_5025600594,2024-08-31 01:14:46.023856,335.4,20.0,0.45,895371,290.4,20.0,0.55,894696,0
NA1_5099277180,2024-08-31 01:16:08.239699,462.8,20.0,0.46,334558,457.2,20.0,0.51,429965,0
NA1_5098668937,2024-08-31 01:16:41.698505,220.4,20.0,0.55,1176427,506.8,20.0,0.49,466069,1
NA1_5098633140,2024-08-31 01:17:15.089049,443.2,20.0,0.46,1487061,565.2,20.0,0.51,954466,0
NA1_5097564747,2024-08-31 01:18:36.775315,305.8,20.0,0.54,281621,293.0,18.4,0.49,676854,1
NA1_5095117805,2024-08-31 01:19:10.080584,418.4,20.0,0.48,485397,425.4,20.0,0.54,1698713,0
NA1_5080835448,2024-08-31 01:20:31.382838,269.2,20.0,0.47,777579,293.6,20.0,0.56,563078,0
NA1_5080647665,2024-08-31 01:21:04.897642,451.4,20.0,0.52,1880679,263.8,20.0,0.5,184548,1
NA1_5056266412,2024-08-31 01:21:38.044835,391.2,20.0,0.47,438683,330.0,20.0,0.49,916191,1
NA1_5030175028,2024-08-31 01:23:00.828970,252.0,20.0,0.49,970016,303.8,20.0,0.53,1173482,0
NA1_5030144175,2024-08-31 01:23:33.959894,359.8,20.0,0.49,264492,443.0,20.0,0.52,221285,0
NA1_5098526173,2024-08-31 01:24:55.407560,273.2,20.0,0.46,1703397,305.6,17.2,0.55,129369,0
NA1_5098520381,2024-08-31 01:25:27.446955,390.2,20.0,0.48,879163,371.6,20.0,0.49,502148,1
NA1_5098467754,2024-08-31 01:26:51.570617,279.6,20.0,0.49,723340,293.0,20.0,0.49,540504,1
NA1_5099301749,2024-08-31 01:27:25.768601,287.4,20.0,0.52,1304737,293.4,17.0,0.41,928398,1
NA1_5099258381,2024-08-31 01:27:59.659792,550.6,20.0,0.49,1365670,329.0,20.0,0.47,311918,1
NA1_5098355484,2024-08-31 01:29:20.232943,296.2,20.0,0.52,1378524,305.8,20.0,0.49,1902052,1
NA1_5040615492,2024-08-31 01:29:55.833785,286.2,20.0,0.49,2726162,164.8,20.0,0.55,373744,0
NA1_5033779243,2024-08-31 01:31:15.536034,239.4,20.0,0.48,422886,210.6,20.0,0.54,906134,0
NA1_5033581623,2024-08-31 01:31:50.476825,305.8,16.8,0.49,966697,238.6,20.0,0.55,276267,1
NA1_5015314354,2024-08-31 01:32:25.591704,379.0,20.0,0.43,1352107,391.8,20.0,0.5,3639113,0
NA1_5014712893,2024-08-31 01:33:46.029749,429.4,20.0,0.49,645938,176.6,20.0,0.54,467736,0
NA1_5014706877,2024-08-31 01:34:20.274545,323.8,20.0,0.43,419953,146.4,20.0,0.5,503672,1
NA1_5070882700,2024-08-31 01:35:39.516189,487.4,20.0,0.45,141249,226.0,20.0,0.6,381388,0
NA1_5033337607,2024-08-31 01:36:14.633261,320.0,20.0,0.48,1032421,389.4,20.0,0.5,905780,1
NA1_5033331843,2024-08-31 01:36:50.781637,441.2,20.0,0.47,325137,364.0,20.0,0.49,240733,1
NA1_5087812054,2024-08-31 01:38:08.411395,314.2,20.0,0.51,335178,387.8,20.0,0.57,1517726,0
NA1_5087763483,2024-08-31 01:38:43.664109,253.4,20.0,0.48,2990935,200.6,20.0,0.52,489710,0
NA1_5076151000,2024-08-31 01:40:04.046619,280.2,17.4,0.34,130963,292.8,20.0,0.52,578970,0
NA1_5099289455,2024-08-31 01:40:39.199552,441.8,20.0,0.54,566020,359.6,18.4,0.54,3051682,1
NA1_5099234472,2024-08-31 01:41:14.869321,396.0,20.0,0.5,3005082,181.2,20.0,0.53,2260883,1
NA1_5099274322,2024-08-31 01:42:34.430428,208.6,20.0,0.51,1690479,471.4,20.0,0.44,1173885,1
NA1_5090868516,2024-08-31 01:43:13.214118,179.2,20.0,0.49,324041,185.4,20.0,0.54,731756,0
NA1_5090814512,2024-08-31 01:44:27.756477,397.4,20.0,0.45,720963,309.8,20.0,0.49,2174415,1
NA1_5077928040,2024-08-31 01:45:04.009553,293.2,20.0,0.5,1089383,358.6,20.0,0.5,738516,0
NA1_5023417063,2024-08-31 01:46:23.168083,435.2,20.0,0.48,2022153,356.8,20.0,0.48,469477,1
NA1_5023396977,2024-08-31 01:46:59.053984,263.8,20.0,0.49,753721,301.2,20.0,0.46,571410,0
NA1_5022975692,2024-08-31 01:47:34.370914,236.4,20.0,0.49,837261,377.2,20.0,0.55,342762,0
NA1_5017554989,2024-08-31 01:48:52.307245,223.6,20.0,0.48,3614177,353.8,20.0,0.45,3240684,1
NA1_5017542652,2024-08-31 01:49:28.489342,350.2,20.0,0.5,530354,300.8,20.0,0.5,304778,1
NA1_5017390139,2024-08-31 01:50:47.384862,577.2,20.0,0.49,767917,225.0,20.0,0.51,134157,0
NA1_5015813049,2024-08-31 01:51:22.354818,482.2,20.0,0.52,514214,299.6,20.0,0.59,926256,0
NA1_5014978562,2024-08-31 01:51:58.541096,490.0,18.6,0.51,852574,113.0,20.0,0.53,144686,1
NA1_5012158935,2024-08-31 01:53:16.554952,207.8,20.0,0.49,324834,153.6,19.2,0.62,170728,0
NA1_5066582595,2024-08-31 01:53:51.531226,327.4,20.0,0.52,1334745,290.6,20.0,0.51,425904,1
NA1_5066548013,2024-08-31 01:55:11.795140,413.2,20.0,0.47,2909938,427.0,20.0,0.52,1067116,0
NA1_5066483233,2024-08-31 01:55:45.321366,307.4,20.0,0.48,794426,530.6,20.0,0.52,248656,1
NA1_5029278044,2024-08-31 01:56:19.217687,182.2,20.0,0.51,260793,153.2,20.0,0.38,438254,1
NA1_5029263866,2024-08-31 01:57:39.551897,208.2,20.0,0.44,484717,131.6,20.0,0.54,180640,0
NA1_5029243950,2024-08-31 01:58:16.853405,145.8,20.0,0.39,364543,334.6,13.2,0.46,446746,0
NA1_5099129728,2024-08-31 01:59:34.234579,224.6,20.0,0.5,1081951,386.0,20.0,0.51,2104103,0
NA1_5099089486,2024-08-31 02:00:07.743740,360.4,20.0,0.48,885210,245.2,20.0,0.5,320072,1
NA1_5099045506,2024-08-31 02:00:41.042474,244.8,20.0,0.47,278345,287.0,20.0,0.48,878601,0
NA1_5096151114,2024-08-31 02:02:03.264029,386.6,20.0,0.62,388439,355.8,20.0,0.52,1025267,1
NA1_5096124879,2024-08-31 02:02:36.825115,345.0,17.4,0.56,844908,117.0,20.0,0.52,185527,1
NA1_5096105259,2024-08-31 02:03:58.828929,263.4,20.0,0.48,98766,212.8,20.0,0.56,1642270,0
NA1_5096213432,2024-08-31 02:04:31.840516,107.4,18.6,0.5,986814,222.6,20.0,0.49,91529,1
NA1_5096192491,2024-08-31 02:05:54.851532,374.4,18.0,0.49,83309,269.0,20.0,0.47,272508,0
NA1_5089725777,2024-08-31 02:06:27.812506,250.2,17.0,0.53,717425,484.2,17.8,0.51,896082,1
NA1_5099239888,2024-08-31 02:07:52.992475,610.4,20.0,0.49,1323536,184.2,20.0,0.56,464706,0
NA1_5098327978,2024-08-31 02:08:26.196611,313.0,18.6,0.51,761674,325.6,20.0,0.51,1579494,1
NA1_5098260746,2024-08-31 02:08:59.670557,250.4,20.0,0.51,424299,376.4,16.2,0.45,254243,1
NA1_5098192428,2024-08-31 02:10:22.153277,181.6,20.0,0.5,1590464,247.6,18.8,0.6,674997,0
NA1_5012117155,2024-08-31 02:10:56.090342,345.6,20.0,0.47,559165,274.8,20.0,0.46,435313,0
NA1_5010008180,2024-08-31 02:11:30.625508,149.6,20.0,0.5,626388,335.6,20.0,0.46,745492,1
NA1_5009838738,2024-08-31 02:12:50.896042,301.8,20.0,0.49,3763492,306.4,20.0,0.45,349570,1
NA1_5096377552,2024-08-31 02:13:24.491784,506.6,20.0,0.47,962130,104.4,18.4,0.56,33703,0
NA1_5086988918,2024-08-31 02:14:46.214581,181.4,20.0,0.51,552361,405.4,20.0,0.51,253329,0
NA1_5086930411,2024-08-31 02:15:20.644501,301.8,20.0,0.52,1345846,458.8,20.0,0.48,1259397,1
NA1_5099045658,2024-08-31 02:16:41.966631,445.0,20.0,0.49,526181,314.6,20.0,0.47,965833,0
NA1_5099017506,2024-08-31 02:17:16.251987,343.8,20.0,0.49,311833,397.6,20.0,0.46,430136,0
NA1_5098364841,2024-08-31 02:17:50.478461,231.2,18.8,0.43,478042,371.2,20.0,0.48,535532,0
NA1_5003623835,2024-08-31 02:19:09.927645,294.0,19.4,0.54,181595,218.6,20.0,0.55,600398,1
NA1_5003601812,2024-08-31 02:19:43.128438,271.0,20.0,0.47,590388,396.6,20.0,0.55,656955,0
NA1_5003585124,2024-08-31 02:21:05.127724,302.6,20.0,0.48,1523721,181.6,20.0,0.53,144318,1
NA1_5095785974,2024-08-31 02:21:39.013474,344.0,18.8,0.57,323810,316.0,20.0,0.51,1932194,1
NA1_5095770424,2024-08-31 02:22:13.066378,255.6,18.8,0.59,548564,307.4,20.0,0.44,839937,1
NA1_5095755633,2024-08-31 02:23:33.996150,165.2,15.0,0.59,227491,343.4,20.0,0.51,508246,1
NA1_5029747968,2024-08-31 02:24:07.010500,352.4,20.0,0.42,702888,121.6,20.0,0.5,270735,0
NA1_5029733281,2024-08-31 02:25:29.207376,192.4,17.0,0.46,289218,291.6,20.0,0.4,537577,1
NA1_5029721762,2024-08-31 02:26:03.096003,292.2,20.0,0.39,3023948,179.0,20.0,0.53,321287,1
NA1_5033165327,2024-08-31 02:26:36.535351,304.2,20.0,0.5,373668,192.6,18.4,0.57,68620,0
NA1_5033158901,2024-08-31 02:27:57.406157,400.6,20.0,0.46,256010,558.4,20.0,0.5,930753,1
NA1_5009423898,2024-08-31 02:28:30.386409,301.4,17.8,0.5,1227536,190.8,20.0,0.46,99046,1
NA1_5097887885,2024-08-31 02:29:53.671760,250.6,20.0,0.51,1416807,331.6,20.0,0.47,2159604,1
NA1_5095536096,2024-08-31 02:30:28.048702,166.8,20.0,0.49,189098,379.6,20.0,0.5,1512296,0
NA1_5095503689,2024-08-31 02:31:01.396168,259.2,20.0,0.5,670073,228.8,20.0,0.53,628504,0
NA1_5094452149,2024-08-31 02:32:23.947446,234.2,20.0,0.51,878841,341.6,20.0,0.46,844756,0
NA1_5094438923,2024-08-31 02:32:59.006708,234.8,20.0,0.43,243333,183.6,20.0,0.51,241115,0
NA1_5094416650,2024-08-31 02:34:18.031592,214.4,20.0,0.46,448184,269.6,20.0,0.53,590905,0
NA1_5098650631,2024-08-31 02:34:51.533813,381.4,20.0,0.5,689253,190.8,20.0,0.52,1510476,0
NA1_5098642239,2024-08-31 02:36:12.884938,355.0,20.0,0.5,965503,211.2,16.6,0.51,1562075,0
NA1_5098630178,2024-08-31 02:36:45.951129,230.6,20.0,0.5,1135572,271.2,20.0,0.54,443366,0
NA1_5029021885,2024-08-31 02:37:18.984381,249.0,20.0,0.51,138881,432.6,20.0,0.51,1072048,0
NA1_5029015369,2024-08-31 02:38:40.244582,501.0,20.0,0.5,1268821,541.0,20.0,0.48,834541,1
NA1_5029008273,2024-08-31 02:39:12.131220,518.0,20.0,0.49,1966811,259.6,20.0,0.49,1055832,1
NA1_5090631059,2024-08-31 02:40:37.137529,278.4,20.0,0.49,460334,395.2,20.0,0.53,775546,0
NA1_5090603252,2024-08-31 02:41:12.034659,330.6,20.0,0.47,554092,313.2,20.0,0.51,1896001,0
NA1_5090574028,2024-08-31 02:41:46.855723,531.4,20.0,0.5,1409139,358.6,20.0,0.51,641342,0
NA1_5073563844,2024-08-31 02:43:05.778938,397.2,17.0,0.57,510580,278.6,19.6,0.44,92812,1
NA1_5073525385,2024-08-31 02:43:39.352492,172.2,19.0,0.47,440289,293.2,18.8,0.44,428700,1
NA1_5073423778,2024-08-31 02:45:00.104405,290.0,20.0,0.54,255918,428.2,19.6,0.47,1102664,1
NA1_5094950437,2024-08-31 02:45:28.569397,547.8,20.0,0.49,1929261,259.6,20.0,0.51,604626,1
NA1_5094363503,2024-08-31 02:45:57.546719,248.4,20.0,0.51,453847,356.0,20.0,0.5,999615,1
NA1_5094327700,2024-08-31 02:47:25.463887,392.8,20.0,0.52,1109638,466.4,20.0,0.47,2222123,1
NA1_5093708569,2024-08-31 02:47:54.269444,325.0,20.0,0.53,307439,405.6,20.0,0.52,568237,1
NA1_5093700192,2024-08-31 02:49:22.668204,237.0,20.0,0.49,414600,291.8,20.0,0.55,191860,0
NA1_5093681332,2024-08-31 02:49:51.295457,303.2,20.0,0.55,1724127,306.8,20.0,0.5,868668,0
NA1_5011309541,2024-08-31 02:50:20.139390,433.0,20.0,0.5,755088,254.0,20.0,0.57,228060,0
NA1_5010960440,2024-08-31 02:51:49.344187,186.4,20.0,0.56,207749,244.0,20.0,0.63,1109607,0
NA1_5010653708,2024-08-31 02:52:18.047656,455.8,20.0,0.49,509260,321.4,16.2,0.52,232112,1
NA1_5091634240,2024-08-31 02:53:46.423483,313.0,20.0,0.52,537338,245.4,20.0,0.5,330216,0
NA1_5091311615,2024-08-31 02:54:15.093562,168.4,19.0,0.47,176204,223.2,18.2,0.58,662468,0
NA1_5049788997,2024-08-31 02:55:44.458521,167.6,20.0,0.5,1101709,212.2,20.0,0.51,368950,0
NA1_5099256882,2024-08-31 02:56:12.955189,609.8,20.0,0.48,1406077,494.0,18.8,0.48,657682,0
NA1_5099290768,2024-08-31 02:56:41.941241,488.0,20.0,0.51,565151,323.0,20.0,0.5,391053,1
NA1_5094903533,2024-08-31 02:58:10.058685,303.6,20.0,0.51,380903,139.0,20.0,0.5,240372,1
NA1_5094886120,2024-08-31 02:58:38.714145,330.6,20.0,0.51,724094,145.0,17.0,0.61,570928,0
NA1_5089464320,2024-08-31 03:00:07.345672,503.8,20.0,0.52,772858,343.0,20.0,0.48,287245,0
NA1_5097322620,2024-08-31 03:00:35.994401,365.8,20.0,0.48,275413,292.0,20.0,0.48,885003,1
NA1_5095583276,2024-08-31 03:01:05.308144,319.4,20.0,0.46,1144456,371.4,20.0,0.53,193604,1
NA1_5095547620,2024-08-31 03:02:34.285695,274.4,20.0,0.53,487663,389.8,20.0,0.46,835954,0
NA1_5091399843,2024-08-31 03:03:03.438118,191.4,20.0,0.6,2108164,426.0,20.0,0.42,455286,1
NA1_5091376324,2024-08-31 03:04:31.091385,426.4,20.0,0.46,1499697,301.2,20.0,0.48,420157,0
NA1_5091353059,2024-08-31 03:04:59.976659,264.8,20.0,0.63,269857,368.8,20.0,0.5,3456407,1
NA1_5091973731,2024-08-31 03:05:28.634682,357.0,20.0,0.51,602660,462.4,20.0,0.48,438717,1
NA1_5091127717,2024-08-31 03:06:57.321299,318.8,20.0,0.51,891568,229.2,20.0,0.48,794688,1
NA1_5091125384,2024-08-31 03:07:25.677152,332.2,20.0,0.48,1082783,207.6,20.0,0.46,473780,1
NA1_5094338684,2024-08-31 03:08:54.882444,414.2,20.0,0.48,522974,561.6,20.0,0.5,1443088,1
NA1_5094306508,2024-08-31 03:09:23.484849,348.2,20.0,0.5,1849414,455.8,20.0,0.48,317186,1
NA1_5094275075,2024-08-31 03:10:51.742182,452.2,20.0,0.47,2379980,383.4,20.0,0.5,662640,0
NA1_5000018744,2024-08-31 03:11:20.378946,299.4,20.0,0.47,498634,284.6,19.6,0.61,533570,0
NA1_4999984277,2024-08-31 03:11:49.036204,539.8,20.0,0.47,1796811,282.6,16.6,0.59,848311,1
NA1_4999961369,2024-08-31 03:13:18.259243,593.8,20.0,0.49,1135317,270.2,16.6,0.65,1046940,0
NA1_5096062071,2024-08-31 03:13:46.991359,346.4,20.0,0.49,1563706,79.4,18.0,0.58,179237,0
NA1_5088688813,2024-08-31 03:15:15.388194,383.6,20.0,0.51,510342,350.0,18.0,0.61,265906,1
NA1_5088646351,2024-08-31 03:15:43.924256,527.2,20.0,0.51,1157040,422.2,18.0,0.57,1134128,1
NA1_5098750326,2024-08-31 03:16:12.542232,381.4,20.0,0.49,1100099,343.6,20.0,0.52,484976,0
NA1_5098730185,2024-08-31 03:17:40.929051,348.6,20.0,0.53,2054674,327.4,20.0,0.53,348292,0
NA1_5098698149,2024-08-31 03:18:09.651397,223.0,20.0,0.55,509873,355.2,20.0,0.37,2445066,1
NA1_5093174378,2024-08-31 03:19:38.926080,428.8,20.0,0.48,850734,213.0,18.4,0.52,890132,0
NA1_5092612104,2024-08-31 03:20:07.381198,339.6,20.0,0.5,1040291,434.2,20.0,0.58,668936,0
NA1_5092483991,2024-08-31 03:20:35.962327,156.0,20.0,0.57,425005,233.4,20.0,0.51,138853,1
NA1_5088673028,2024-08-31 03:22:04.603788,396.8,20.0,0.48,677579,454.6,20.0,0.49,605441,0
NA1_5088276749,2024-08-31 03:22:33.887410,362.6,20.0,0.49,888071,463.8,20.0,0.53,1385611,0
NA1_5087342015,2024-08-31 03:24:03.382212,324.6,20.0,0.49,676226,302.8,20.0,0.48,727046,1
NA1_5067342615,2024-08-31 03:24:32.178413,456.0,17.8,0.5,4151926,452.4,20.0,0.54,1788755,1
NA1_5067335606,2024-08-31 03:25:00.518995,490.4,20.0,0.51,966411,228.6,20.0,0.55,975977,1
NA1_5067329330,2024-08-31 03:26:28.350154,295.8,20.0,0.51,721359,567.0,20.0,0.51,1765592,0
NA1_5095231384,2024-08-31 03:26:57.888371,519.4,20.0,0.49,1398108,480.4,20.0,0.4,1701309,1
NA1_5094431423,2024-08-31 03:28:25.386574,384.4,20.0,0.52,586998,320.8,20.0,0.52,899857,0
NA1_5094415601,2024-08-31 03:28:53.702259,381.0,20.0,0.46,555331,188.4,20.0,0.5,885868,1
NA1_5097446957,2024-08-31 03:30:23.604394,553.6,20.0,0.5,532268,374.8,20.0,0.46,195285,1
NA1_5097422988,2024-08-31 03:30:52.181371,252.4,20.0,0.51,2402213,301.4,20.0,0.46,1242838,1
NA1_5097404756,2024-08-31 03:31:22.226709,486.6,20.0,0.48,1767198,307.8,20.0,0.47,1222074,1
NA1_5068848220,2024-08-31 03:32:49.244314,393.8,20.0,0.52,510422,266.2,20.0,0.5,1547729,0
NA1_5068568780,2024-08-31 03:33:18.160571,296.2,20.0,0.54,2381178,398.0,20.0,0.54,2023642,1
NA1_5068530744,2024-08-31 03:34:47.148411,549.4,20.0,0.53,725579,381.8,20.0,0.54,831870,0
NA1_5021251834,2024-08-31 03:35:16.614399,417.0,20.0,0.53,790177,184.6,20.0,0.68,66508,0
NA1_5021159757,2024-08-31 03:35:45.740369,298.2,20.0,0.52,408809,269.2,20.0,0.52,169047,1
NA1_5021126978,2024-08-31 03:37:12.620477,245.4,20.0,0.51,1170819,575.6,20.0,0.48,2388925,1
NA1_5099285017,2024-08-31 03:37:41.502436,525.2,20.0,0.48,855279,601.4,20.0,0.51,972684,1
NA1_5098949437,2024-08-31 03:39:10.116651,273.8,20.0,0.49,1491890,425.0,19.8,0.5,1170857,0
NA1_5098913321,2024-08-31 03:39:38.327352,454.8,20.0,0.42,745598,249.6,18.8,0.49,642000,0
NA1_5093284336,2024-08-31 03:40:07.112508,259.6,18.4,0.52,352896,174.2,20.0,0.48,565438,1
NA1_5092590266,2024-08-31 03:41:36.402864,304.6,20.0,0.47,991823,496.8,20.0,0.49,672759,0
NA1_5092574313,2024-08-31 03:42:05.051093,352.4,20.0,0.48,969371,464.4,20.0,0.5,2281566,0
NA1_5098098639,2024-08-31 03:43:33.725692,458.4,20.0,0.48,673106,310.4,20.0,0.5,1009155,0
NA1_5098053684,2024-08-31 03:44:02.940369,256.4,20.0,0.45,426696,333.0,20.0,0.53,772684,0
NA1_5098005432,2024-08-31 03:45:32.829017,313.8,20.0,0.55,1915692,381.0,20.0,0.59,556474,0
NA1_5018572364,2024-08-31 03:46:01.906458,265.8,20.0,0.52,567201,573.8,20.0,0.5,321159,1
NA1_5015076706,2024-08-31 03:46:30.836099,519.4,20.0,0.5,366382,237.4,20.0,0.52,274440,0
NA1_5015056112,2024-08-31 03:47:58.350074,315.8,19.6,0.51,1410232,340.8,20.0,0.53,284065,1
NA1_5079739537,2024-08-31 03:48:26.045699,331.8,18.8,0.48,992910,96.0,20.0,0.47,81765,1
NA1_5079583287,2024-08-31 03:49:56.179501,410.2,20.0,0.46,2889266,109.6,19.6,0.57,126261,0
NA1_5078676027,2024-08-31 03:50:24.145444,337.4,20.0,0.48,1144920,521.0,20.0,0.51,2937716,0
NA1_5028606667,2024-08-31 03:50:54.360123,257.4,20.0,0.5,554439,389.8,20.0,0.48,279641,0
NA1_5028589621,2024-08-31 03:52:21.557744,335.2,20.0,0.51,434111,529.4,20.0,0.54,2445403,0
NA1_5028013304,2024-08-31 03:52:49.158699,257.0,20.0,0.54,2053734,344.6,20.0,0.5,346873,1
NA1_5095723225,2024-08-31 03:54:19.827981,372.6,20.0,0.57,2182939,225.8,20.0,0.54,2179680,1
NA1_5085588420,2024-08-31 03:54:47.216438,299.4,20.0,0.53,242061,294.8,20.0,0.57,1009425,0
NA1_5031674930,2024-08-31 03:55:14.904100,641.0,20.0,0.52,1078350,269.8,20.0,0.6,2376928,0
NA1_5080983498,2024-08-31 03:56:45.262972,391.4,20.0,0.56,125667,204.0,20.0,0.49,318471,1
NA1_5080958758,2024-08-31 03:57:13.149472,244.8,18.2,0.55,676978,278.0,20.0,0.57,1811011,0
NA1_5073533719,2024-08-31 03:58:42.721526,531.4,20.0,0.53,1352664,403.4,20.0,0.55,910461,0
NA1_5033233279,2024-08-31 03:59:10.217991,262.8,20.0,0.49,3455534,449.6,20.0,0.52,802267,0
NA1_5032737922,2024-08-31 03:59:38.237078,672.2,20.0,0.5,1248911,281.2,20.0,0.48,122512,1
NA1_5032694170,2024-08-31 04:01:09.179666,271.2,20.0,0.49,151748,174.8,20.0,0.46,195779,1
NA1_5074469444,2024-08-31 04:01:36.980152,200.8,20.0,0.58,443201,313.6,19.2,0.53,371045,1
NA1_5031099509,2024-08-31 04:03:06.734471,249.4,20.0,0.49,362732,287.2,19.4,0.54,613970,1
NA1_5031089015,2024-08-31 04:03:34.778647,293.4,19.4,0.51,368097,226.4,20.0,0.49,359324,1
NA1_5044735758,2024-08-31 04:05:04.499405,557.2,20.0,0.49,1357631,355.8,20.0,0.54,257435,1
NA1_5039817739,2024-08-31 04:05:32.378104,306.0,20.0,0.49,1063750,387.8,20.0,0.51,2015757,1
NA1_5032444831,2024-08-31 04:06:00.017403,171.4,20.0,0.49,448151,515.8,20.0,0.51,1782358,0
NA1_5036820056,2024-08-31 04:07:29.702693,360.8,20.0,0.53,328871,296.0,20.0,0.52,389288,0
NA1_5028839926,2024-08-31 04:07:57.564960,434.0,17.6,0.48,849715,484.0,20.0,0.52,3363050,0
NA1_5028808991,2024-08-31 04:09:27.334401,392.2,20.0,0.53,2557279,575.0,17.4,0.51,502453,1
